penalty,share_willing,provider,system_smooth_swaps,system_smoothed_cost_eur,cost_pre_smoothing,provider_spread_before,provider_spread_after
0.0,0.0,DHL,0,563775.2206035123,563775.2206035123,175.0,175.0
0.0,0.0,Amazon,0,350810.6383067652,350810.6383067652,79.0,79.0
0.0,0.0,DPD,0,210178.8252010488,210178.8252010488,46.0,46.0
0.0,0.0,FedEx,0,167748.72604045804,167748.72604045804,31.0,31.0
0.0,0.0,GLS,0,186914.04044994732,186914.04044994732,30.0,30.0
0.0,0.0,Hermes,0,232267.79568581068,232267.79568581068,44.0,44.0
0.0,0.0,UPS,0,198052.502895174,198052.502895174,40.0,40.0
0.0,0.1,DHL,9,560301.6819946558,556022.2940476072,164.0,153.0
0.0,0.1,Amazon,0,331329.3901106594,331329.3901106594,76.0,76.0
0.0,0.1,DPD,0,184178.21162102936,184178.21162102936,24.0,24.0
0.0,0.1,FedEx,0,144019.51460413798,144019.51460413798,7.0,7.0
0.0,0.1,GLS,0,163290.98305733438,163290.98305733438,21.0,21.0
0.0,0.1,Hermes,0,209346.95046031117,209346.95046031117,41.0,41.0
0.0,0.1,UPS,0,172239.56817751203,172239.56817751203,13.0,13.0
0.0,0.2,DHL,5,557650.4476972999,554853.9032869486,141.0,129.0
0.0,0.2,Amazon,0,335210.54050856875,335210.54050856875,61.0,61.0
0.0,0.2,DPD,0,180861.61877738076,180861.61877738076,16.0,16.0
0.0,0.2,FedEx,0,139080.92190500713,139080.92190500713,8.0,8.0
0.0,0.2,GLS,0,163634.16160123498,163634.16160123498,10.0,10.0
0.0,0.2,Hermes,0,209387.74859488016,209387.74859488016,28.0,28.0
0.0,0.2,UPS,0,164776.08759923943,164776.08759923943,8.0,8.0
0.0,0.3,DHL,6,559284.3826206133,557554.0627311008,111.0,90.0
0.0,0.3,Amazon,0,338073.8753203347,338073.8753203347,43.0,43.0
0.0,0.3,DPD,0,177408.17555704678,177408.17555704678,11.0,11.0
0.0,0.3,FedEx,0,137002.4595255555,137002.4595255555,5.0,5.0
0.0,0.3,GLS,0,159744.08634772466,159744.08634772466,11.0,11.0
0.0,0.3,Hermes,0,206152.72059769032,206152.72059769032,21.0,21.0
0.0,0.3,UPS,0,161061.99966250636,161061.99966250636,12.0,12.0
0.0,0.4,DHL,5,553629.669410166,552890.9740862127,95.0,67.0
0.0,0.4,Amazon,0,336756.4755830434,336756.4755830434,26.0,26.0
0.0,0.4,DPD,0,173705.74511565888,173705.74511565888,11.0,11.0
0.0,0.4,FedEx,0,134272.76119818285,134272.76119818285,10.0,10.0
0.0,0.4,GLS,0,157109.94362493063,157109.94362493063,8.0,8.0
0.0,0.4,Hermes,0,203641.4785121887,203641.4785121887,18.0,18.0
0.0,0.4,UPS,0,161543.2040724402,161543.2040724402,14.0,14.0
0.0,0.5,DHL,9,551482.0473260114,550321.3938383416,95.0,35.0
0.0,0.5,Amazon,0,332160.34296716726,332160.34296716726,14.0,14.0
0.0,0.5,DPD,0,170712.094734533,170712.094734533,6.0,6.0
0.0,0.5,FedEx,0,131722.80426310503,131722.80426310503,12.0,12.0
0.0,0.5,GLS,0,151371.49814974383,151371.49814974383,9.0,9.0
0.0,0.5,Hermes,0,197729.63075459612,197729.63075459612,14.0,14.0
0.0,0.5,UPS,0,158815.33405766982,158815.33405766982,7.0,7.0
0.0,0.6,DHL,14,549462.2680948608,546860.4134060526,109.0,26.0
0.0,0.6,Amazon,0,325337.5465985646,325337.5465985646,12.0,12.0
0.0,0.6,DPD,0,166174.64355341205,166174.64355341205,13.0,13.0
0.0,0.6,FedEx,0,130113.08540552513,130113.08540552513,10.0,10.0
0.0,0.6,GLS,0,147891.49532975338,147891.49532975338,7.0,7.0
0.0,0.6,Hermes,0,193717.6769691752,193717.6769691752,4.0,4.0
0.0,0.6,UPS,0,155604.76014114066,155604.76014114066,16.0,16.0
0.0,0.7,DHL,18,546122.4982085165,543907.8623244872,165.0,26.0
0.0,0.7,Amazon,0,317270.4275669225,317270.4275669225,11.0,11.0
0.0,0.7,DPD,0,160048.9582834812,160048.9582834812,9.0,9.0
0.0,0.7,FedEx,0,127864.5607346208,127864.5607346208,12.0,12.0
0.0,0.7,GLS,0,143982.60601127805,143982.60601127805,7.0,7.0
0.0,0.7,Hermes,0,188104.37379556507,188104.37379556507,3.0,3.0
0.0,0.7,UPS,0,153107.56233380808,153107.56233380808,21.0,21.0
0.0,0.8,DHL,5,538488.5632068242,537125.8899518435,50.0,19.0
0.0,0.8,Amazon,0,304976.52243521204,304976.52243521204,3.0,3.0
0.0,0.8,DPD,0,156947.7415274981,156947.7415274981,14.0,14.0
0.0,0.8,FedEx,0,126629.11316984138,126629.11316984138,8.0,8.0
0.0,0.8,GLS,0,140427.63917643568,140427.63917643568,11.0,11.0
0.0,0.8,Hermes,0,183213.43854005472,183213.43854005472,9.0,9.0
0.0,0.8,UPS,0,151559.78195499576,151559.78195499576,20.0,20.0
0.0,0.9,DHL,1,526350.8613108199,526000.8053618686,96.0,28.0
0.0,0.9,Amazon,0,296987.003777383,296987.003777383,15.0,15.0
0.0,0.9,DPD,0,151104.34325610072,151104.34325610072,14.0,14.0
0.0,0.9,FedEx,0,125305.65266266013,125305.65266266013,15.0,15.0
0.0,0.9,GLS,0,134168.82000331656,134168.82000331656,12.0,12.0
0.0,0.9,Hermes,0,175369.9005550463,175369.9005550463,11.0,11.0
0.0,0.9,UPS,0,150568.5560924374,150568.5560924374,19.0,19.0
0.0,1.0,DHL,2,503952.1933223025,503640.3669067282,218.0,62.0
0.0,1.0,Amazon,0,276996.5351200956,276996.5351200956,35.0,35.0
0.0,1.0,DPD,0,140353.95205791775,140353.95205791775,19.0,19.0
0.0,1.0,FedEx,0,120459.38909607036,120459.38909607036,15.0,15.0
0.0,1.0,GLS,0,124474.91955618736,124474.91955618736,17.0,17.0
0.0,1.0,Hermes,0,163441.33180218443,163441.33180218443,19.0,19.0
0.0,1.0,UPS,0,144781.25989525998,144781.25989525998,17.0,17.0
0.25,0.0,DHL,0,563775.2206035123,563775.2206035123,175.0,175.0
0.25,0.0,Amazon,0,350810.6383067652,350810.6383067652,79.0,79.0
0.25,0.0,DPD,0,210178.8252010488,210178.8252010488,46.0,46.0
0.25,0.0,FedEx,0,167748.72604045804,167748.72604045804,31.0,31.0
0.25,0.0,GLS,0,186914.04044994732,186914.04044994732,30.0,30.0
0.25,0.0,Hermes,0,232267.79568581068,232267.79568581068,44.0,44.0
0.25,0.0,UPS,0,198052.502895174,198052.502895174,40.0,40.0
0.25,0.1,DHL,7,560344.6785580761,556120.587150196,164.0,156.0
0.25,0.1,Amazon,0,331405.077382675,331405.077382675,76.0,76.0
0.25,0.1,DPD,0,184563.2087553729,184563.2087553729,24.0,24.0
0.25,0.1,FedEx,0,144315.1500438599,144315.1500438599,9.0,9.0
0.25,0.1,GLS,0,163753.3325246298,163753.3325246298,21.0,21.0
0.25,0.1,Hermes,0,208457.7007636066,208457.7007636066,41.0,41.0
0.25,0.1,UPS,0,174070.26234149665,174070.26234149665,12.0,12.0
0.25,0.2,DHL,6,559344.6419026102,556280.3234645245,149.0,131.0
0.25,0.2,Amazon,0,333938.07616960054,333938.07616960054,63.0,63.0
0.25,0.2,DPD,0,184063.4509211096,184063.4509211096,12.0,12.0
0.25,0.2,FedEx,0,144032.39881536705,144032.39881536705,4.0,4.0
0.25,0.2,GLS,0,162461.9504551571,162461.9504551571,14.0,14.0
0.25,0.2,Hermes,0,209157.66208786337,209157.66208786337,26.0,26.0
0.25,0.2,UPS,0,166829.16496076144,166829.16496076144,1.0,1.0
0.25,0.3,DHL,11,559613.8713242818,556955.4762427062,133.0,98.0
0.25,0.3,Amazon,0,338861.1955490387,338861.1955490387,41.0,41.0
0.25,0.3,DPD,0,179651.44324322545,179651.44324322545,8.0,8.0
0.25,0.3,FedEx,0,139297.45147095263,139297.45147095263,2.0,2.0
0.25,0.3,GLS,0,160325.62930136427,160325.62930136427,11.0,11.0
0.25,0.3,Hermes,0,208817.6455130009,208817.6455130009,21.0,21.0
0.25,0.3,UPS,0,165610.25118157163,165610.25118157163,2.0,2.0
0.25,0.4,DHL,5,557917.5529333272,556511.856527302,124.0,107.0
0.25,0.4,Amazon,0,335140.9101856341,335140.9101856341,32.0,32.0
0.25,0.4,DPD,0,175853.80806098456,175853.80806098456,10.0,10.0
0.25,0.4,FedEx,0,136887.22038105904,136887.22038105904,5.0,5.0
0.25,0.4,GLS,0,157655.48108896305,157655.48108896305,7.0,7.0
0.25,0.4,Hermes,0,203960.762491714,203960.762491714,16.0,16.0
0.25,0.4,UPS,0,166419.5313474944,166419.5313474944,1.0,1.0
0.25,0.5,DHL,2,561217.8610079173,560263.5780327225,139.0,127.0
0.25,0.5,Amazon,0,336321.52220348275,336321.52220348275,11.0,11.0
0.25,0.5,DPD,0,173788.49237496476,173788.49237496476,7.0,7.0
0.25,0.5,FedEx,0,135573.01924338762,135573.01924338762,3.0,3.0
0.25,0.5,GLS,0,153926.18907773815,153926.18907773815,4.0,4.0
0.25,0.5,Hermes,0,201492.75291385435,201492.75291385435,11.0,11.0
0.25,0.5,UPS,0,163615.9834960426,163615.9834960426,6.0,6.0
0.25,0.6,DHL,4,561444.4680466346,559837.8294008292,146.0,122.0
0.25,0.6,Amazon,0,329005.0751656853,329005.0751656853,2.0,2.0
0.25,0.6,DPD,0,169572.56383539882,169572.56383539882,2.0,2.0
0.25,0.6,FedEx,0,133443.4544064909,133443.4544064909,6.0,6.0
0.25,0.6,GLS,0,151008.9471905578,151008.9471905578,4.0,4.0
0.25,0.6,Hermes,0,196160.3959198856,196160.3959198856,5.0,5.0
0.25,0.6,UPS,0,163796.2433635378,163796.2433635378,6.0,6.0
0.25,0.7,DHL,3,560261.1483141807,559567.9111710626,164.0,135.0
0.25,0.7,Amazon,0,324672.24316306977,324672.24316306977,2.0,2.0
0.25,0.7,DPD,0,164685.21764146522,164685.21764146522,8.0,8.0
0.25,0.7,FedEx,0,133867.80652636732,133867.80652636732,1.0,1.0
0.25,0.7,GLS,0,146751.29692364403,146751.29692364403,2.0,2.0
0.25,0.7,Hermes,0,191863.47995555497,191863.47995555497,8.0,8.0
0.25,0.7,UPS,0,161576.41290423763,161576.41290423763,9.0,9.0
0.25,0.8,DHL,2,559836.8837919558,559028.0896020504,156.0,147.0
0.25,0.8,Amazon,0,318366.8557411189,318366.8557411189,3.0,3.0
0.25,0.8,DPD,0,160678.96703307767,160678.96703307767,6.0,6.0
0.25,0.8,FedEx,0,134199.4343723163,134199.4343723163,1.0,1.0
0.25,0.8,GLS,0,143537.71242383754,143537.71242383754,3.0,3.0
0.25,0.8,Hermes,0,187430.7770293913,187430.7770293913,2.0,2.0
0.25,0.8,UPS,0,159954.3127964037,159954.3127964037,7.0,7.0
0.25,0.9,DHL,6,558503.5932541006,557029.6970388988,174.0,112.0
0.25,0.9,Amazon,0,314243.8236467577,314243.8236467577,2.0,2.0
0.25,0.9,DPD,0,154859.01194223072,154859.01194223072,6.0,6.0
0.25,0.9,FedEx,0,131343.23061634277,131343.23061634277,2.0,2.0
0.25,0.9,GLS,0,136285.5515618848,136285.5515618848,7.0,7.0
0.25,0.9,Hermes,0,183181.2394287149,183181.2394287149,2.0,2.0
0.25,0.9,UPS,0,157783.0470567381,157783.0470567381,7.0,7.0
0.25,1.0,DHL,6,540492.9183371536,539293.5306997377,155.0,50.0
0.25,1.0,Amazon,0,295608.33469056204,295608.33469056204,3.0,3.0
0.25,1.0,DPD,0,145639.10865768607,145639.10865768607,9.0,9.0
0.25,1.0,FedEx,0,124655.28501506044,124655.28501506044,5.0,5.0
0.25,1.0,GLS,0,128370.32819273866,128370.32819273866,3.0,3.0
0.25,1.0,Hermes,0,169945.59969822923,169945.59969822923,3.0,3.0
0.25,1.0,UPS,0,151905.0088630337,151905.0088630337,4.0,4.0
0.5,0.0,DHL,0,563775.2206035123,563775.2206035123,175.0,175.0
0.5,0.0,Amazon,0,350810.6383067652,350810.6383067652,79.0,79.0
0.5,0.0,DPD,0,210178.8252010488,210178.8252010488,46.0,46.0
0.5,0.0,FedEx,0,167748.72604045804,167748.72604045804,31.0,31.0
0.5,0.0,GLS,0,186914.04044994732,186914.04044994732,30.0,30.0
0.5,0.0,Hermes,0,232267.79568581068,232267.79568581068,44.0,44.0
0.5,0.0,UPS,0,198052.502895174,198052.502895174,40.0,40.0
0.5,0.1,DHL,3,557651.8329267268,556257.2488866808,161.0,158.0
0.5,0.1,Amazon,0,330976.7893571787,330976.7893571787,76.0,76.0
0.5,0.1,DPD,0,185916.87538103815,185916.87538103815,24.0,24.0
0.5,0.1,FedEx,0,147484.67627282266,147484.67627282266,6.0,6.0
0.5,0.1,GLS,0,163667.33123653155,163667.33123653155,22.0,22.0
0.5,0.1,Hermes,0,208134.40296069812,208134.40296069812,42.0,42.0
0.5,0.1,UPS,0,174460.2243773977,174460.2243773977,14.0,14.0
0.5,0.2,DHL,1,558606.8336890157,557879.9349455636,148.0,145.0
0.5,0.2,Amazon,0,336059.7859640659,336059.7859640659,61.0,61.0
0.5,0.2,DPD,0,183158.91828343496,183158.91828343496,17.0,17.0
0.5,0.2,FedEx,0,146523.068527373,146523.068527373,5.0,5.0
0.5,0.2,GLS,0,162609.06593210035,162609.06593210035,14.0,14.0
0.5,0.2,Hermes,0,211503.74781399991,211503.74781399991,24.0,24.0
0.5,0.2,UPS,0,173479.4775289031,173479.4775289031,11.0,11.0
0.5,0.3,DHL,1,561547.7127467049,560979.1515624358,149.0,147.0
0.5,0.3,Amazon,0,338401.44542391854,338401.44542391854,44.0,44.0
0.5,0.3,DPD,0,180221.01582433537,180221.01582433537,13.0,13.0
0.5,0.3,FedEx,0,144261.79422802367,144261.79422802367,1.0,1.0
0.5,0.3,GLS,0,161370.81730322845,161370.81730322845,9.0,9.0
0.5,0.3,Hermes,0,206826.15416898008,206826.15416898008,26.0,26.0
0.5,0.3,UPS,0,174372.81455144458,174372.81455144458,8.0,8.0
0.5,0.4,DHL,1,562167.7346554,561590.9962170775,169.0,164.0
0.5,0.4,Amazon,0,336867.4351365901,336867.4351365901,42.0,42.0
0.5,0.4,DPD,0,178431.70204175904,178431.70204175904,10.0,10.0
0.5,0.4,FedEx,0,142304.11254836307,142304.11254836307,4.0,4.0
0.5,0.4,GLS,0,158899.74603003677,158899.74603003677,5.0,5.0
0.5,0.4,Hermes,0,203961.902444079,203961.902444079,17.0,17.0
0.5,0.4,UPS,0,169402.18225225515,169402.18225225515,9.0,9.0
0.5,0.5,DHL,2,563786.6918197668,563247.8797746195,173.0,170.0
0.5,0.5,Amazon,0,336745.82838449354,336745.82838449354,17.0,17.0
0.5,0.5,DPD,0,175071.6421054208,175071.6421054208,8.0,8.0
0.5,0.5,FedEx,0,143617.64627398027,143617.64627398027,1.0,1.0
0.5,0.5,GLS,0,156783.46970378613,156783.46970378613,3.0,3.0
0.5,0.5,Hermes,0,204388.86616330573,204388.86616330573,12.0,12.0
0.5,0.5,UPS,0,167805.6530434378,167805.6530434378,10.0,10.0
0.5,0.6,DHL,0,563775.2206035123,563775.2206035123,175.0,175.0
0.5,0.6,Amazon,0,335793.17239913164,335793.17239913164,11.0,11.0
0.5,0.6,DPD,0,172425.63724544074,172425.63724544074,8.0,8.0
0.5,0.6,FedEx,0,140411.15096575528,140411.15096575528,2.0,2.0
0.5,0.6,GLS,0,153248.7091654464,153248.7091654464,4.0,4.0
0.5,0.6,Hermes,0,200523.6374567686,200523.6374567686,5.0,5.0
0.5,0.6,UPS,0,167227.75500079893,167227.75500079893,3.0,3.0
0.5,0.7,DHL,0,563775.2206035123,563775.2206035123,175.0,175.0
0.5,0.7,Amazon,0,331122.21731080743,331122.21731080743,2.0,2.0
0.5,0.7,DPD,0,172462.64830542548,172462.64830542548,2.0,2.0
0.5,0.7,FedEx,0,137351.4906267449,137351.4906267449,6.0,6.0
0.5,0.7,GLS,0,152637.6441793694,152637.6441793694,3.0,3.0
0.5,0.7,Hermes,0,197985.8575838689,197985.8575838689,2.0,2.0
0.5,0.7,UPS,0,167068.5027246685,167068.5027246685,12.0,12.0
0.5,0.8,DHL,0,563775.2206035123,563775.2206035123,175.0,175.0
0.5,0.8,Amazon,0,331638.6193229338,331638.6193229338,3.0,3.0
0.5,0.8,DPD,0,168166.01296398946,168166.01296398946,11.0,11.0
0.5,0.8,FedEx,0,138866.9623853376,138866.9623853376,2.0,2.0
0.5,0.8,GLS,0,149595.02664814852,149595.02664814852,5.0,5.0
0.5,0.8,Hermes,0,196422.88705965184,196422.88705965184,2.0,2.0
0.5,0.8,UPS,0,168227.86431399616,168227.86431399616,6.0,6.0
0.5,0.9,DHL,0,563775.2206035123,563775.2206035123,175.0,175.0
0.5,0.9,Amazon,0,327224.7581847128,327224.7581847128,2.0,2.0
0.5,0.9,DPD,0,166340.8990241894,166340.8990241894,1.0,1.0
0.5,0.9,FedEx,0,138753.28279763364,138753.28279763364,1.0,1.0
0.5,0.9,GLS,0,142925.15513204166,142925.15513204166,5.0,5.0
0.5,0.9,Hermes,0,189909.77292145847,189909.77292145847,2.0,2.0
0.5,0.9,UPS,0,166336.31547468377,166336.31547468377,4.0,4.0
0.5,1.0,DHL,0,563775.2206035123,563775.2206035123,175.0,175.0
0.5,1.0,Amazon,0,318508.06891220924,318508.06891220924,5.0,5.0
0.5,1.0,DPD,0,155116.59675631384,155116.59675631384,2.0,2.0
0.5,1.0,FedEx,0,134976.89243709602,134976.89243709602,9.0,9.0
0.5,1.0,GLS,0,134828.40256939887,134828.40256939887,1.0,1.0
0.5,1.0,Hermes,0,181558.95532498692,181558.95532498692,2.0,2.0
0.5,1.0,UPS,0,162843.34564938728,162843.34564938728,4.0,4.0
0.75,0.0,DHL,0,563775.2206035123,563775.2206035123,175.0,175.0
0.75,0.0,Amazon,0,350810.6383067652,350810.6383067652,79.0,79.0
0.75,0.0,DPD,0,210178.8252010488,210178.8252010488,46.0,46.0
0.75,0.0,FedEx,0,167748.72604045804,167748.72604045804,31.0,31.0
0.75,0.0,GLS,0,186914.04044994732,186914.04044994732,30.0,30.0
0.75,0.0,Hermes,0,232267.79568581068,232267.79568581068,44.0,44.0
0.75,0.0,UPS,0,198052.502895174,198052.502895174,40.0,40.0
0.75,0.1,DHL,4,557636.9551335634,556427.3726875919,161.0,157.0
0.75,0.1,Amazon,0,330976.7893571787,330976.7893571787,76.0,76.0
0.75,0.1,DPD,0,184255.96677835903,184255.96677835903,23.0,23.0
0.75,0.1,FedEx,0,147116.23253612826,147116.23253612826,8.0,8.0
0.75,0.1,GLS,0,162270.3630164384,162270.3630164384,22.0,22.0
0.75,0.1,Hermes,0,207906.38577958717,207906.38577958717,42.0,42.0
0.75,0.1,UPS,0,176196.02820084215,176196.02820084215,15.0,15.0
0.75,0.2,DHL,3,561725.374510067,560781.532992808,161.0,158.0
0.75,0.2,Amazon,0,335750.38913850643,335750.38913850643,61.0,61.0
0.75,0.2,DPD,0,183520.9911075087,183520.9911075087,19.0,19.0
0.75,0.2,FedEx,0,148948.95632058417,148948.95632058417,3.0,3.0
0.75,0.2,GLS,0,163387.7795060131,163387.7795060131,15.0,15.0
0.75,0.2,Hermes,0,211667.5296272552,211667.5296272552,23.0,23.0
0.75,0.2,UPS,0,176481.1249667649,176481.1249667649,7.0,7.0
0.75,0.3,DHL,1,562883.7346197091,562315.1734354399,167.0,165.0
0.75,0.3,Amazon,0,338922.92885752924,338922.92885752924,43.0,43.0
0.75,0.3,DPD,0,182359.9983424577,182359.9983424577,13.0,13.0
0.75,0.3,FedEx,0,149119.3128032487,149119.3128032487,2.0,2.0
0.75,0.3,GLS,0,162132.17625351073,162132.17625351073,12.0,12.0
0.75,0.3,Hermes,0,209289.3501012947,209289.3501012947,21.0,21.0
0.75,0.3,UPS,0,175323.09886571945,175323.09886571945,18.0,18.0
0.75,0.4,DHL,0,563775.2206035123,563775.2206035123,175.0,175.0
0.75,0.4,Amazon,0,338133.83751363505,338133.83751363505,38.0,38.0
0.75,0.4,DPD,0,179313.8297394042,179313.8297394042,10.0,10.0
0.75,0.4,FedEx,0,149657.92610148407,149657.92610148407,2.0,2.0
0.75,0.4,GLS,0,161816.345209465,161816.345209465,12.0,12.0
0.75,0.4,Hermes,1,209435.14289019897,208927.55816024457,7.0,6.0
0.75,0.4,UPS,0,175564.40357319123,175564.40357319123,14.0,14.0
0.75,0.5,DHL,0,563775.2206035123,563775.2206035123,175.0,175.0
0.75,0.5,Amazon,0,338987.98897513805,338987.98897513805,29.0,29.0
0.75,0.5,DPD,0,180234.03787671213,180234.03787671213,6.0,6.0
0.75,0.5,FedEx,0,147114.88316948988,147114.88316948988,3.0,3.0
0.75,0.5,GLS,0,158256.15668432103,158256.15668432103,6.0,6.0
0.75,0.5,Hermes,0,205119.6253356101,205119.6253356101,10.0,10.0
0.75,0.5,UPS,0,176733.02848146268,176733.02848146268,12.0,12.0
0.75,0.6,DHL,0,563775.2206035123,563775.2206035123,175.0,175.0
0.75,0.6,Amazon,0,336516.64024681936,336516.64024681936,25.0,25.0
0.75,0.6,DPD,0,179874.888899943,179874.888899943,2.0,2.0
0.75,0.6,FedEx,0,145610.5285373927,145610.5285373927,1.0,1.0
0.75,0.6,GLS,0,159168.12818341993,159168.12818341993,1.0,1.0
0.75,0.6,Hermes,0,204133.58868046565,204133.58868046565,6.0,6.0
0.75,0.6,UPS,0,173356.95423070178,173356.95423070178,8.0,8.0
0.75,0.7,DHL,0,563775.2206035123,563775.2206035123,175.0,175.0
0.75,0.7,Amazon,0,338659.9156689251,338659.9156689251,19.0,19.0
0.75,0.7,DPD,0,178885.81200524402,178885.81200524402,5.0,5.0
0.75,0.7,FedEx,0,143413.5816254384,143413.5816254384,5.0,5.0
0.75,0.7,GLS,0,155219.03257451174,155219.03257451174,2.0,2.0
0.75,0.7,Hermes,0,203359.87763762329,203359.87763762329,3.0,3.0
0.75,0.7,UPS,0,175179.13825624934,175179.13825624934,12.0,12.0
0.75,0.8,DHL,0,563775.2206035123,563775.2206035123,175.0,175.0
0.75,0.8,Amazon,0,341480.93502567755,341480.93502567755,42.0,42.0
0.75,0.8,DPD,0,173438.83442329027,173438.83442329027,2.0,2.0
0.75,0.8,FedEx,0,144213.97032711763,144213.97032711763,10.0,10.0
0.75,0.8,GLS,0,155720.8430463929,155720.8430463929,6.0,6.0
0.75,0.8,Hermes,0,200360.9056083349,200360.9056083349,8.0,8.0
0.75,0.8,UPS,0,175171.72686484072,175171.72686484072,12.0,12.0
0.75,0.9,DHL,0,563775.2206035123,563775.2206035123,175.0,175.0
0.75,0.9,Amazon,0,348375.39200968546,348375.39200968546,57.0,57.0
0.75,0.9,DPD,0,171242.99430081883,171242.99430081883,2.0,2.0
0.75,0.9,FedEx,0,143665.9194319799,143665.9194319799,1.0,1.0
0.75,0.9,GLS,0,153439.56421515922,153439.56421515922,1.0,1.0
0.75,0.9,Hermes,0,197279.61500823236,197279.61500823236,14.0,14.0
0.75,0.9,UPS,0,173290.0911564309,173290.0911564309,13.0,13.0
0.75,1.0,DHL,0,563775.2206035123,563775.2206035123,175.0,175.0
0.75,1.0,Amazon,0,337470.5458979166,337470.5458979166,44.0,44.0
0.75,1.0,DPD,0,166364.4170091741,166364.4170091741,3.0,3.0
0.75,1.0,FedEx,0,139512.55237107942,139512.55237107942,7.0,7.0
0.75,1.0,GLS,0,145121.5759768396,145121.5759768396,2.0,2.0
0.75,1.0,Hermes,0,190690.12898190285,190690.12898190285,3.0,3.0
0.75,1.0,UPS,0,171532.83921466384,171532.83921466384,16.0,16.0
1.0,0.0,DHL,0,563775.2206035123,563775.2206035123,175.0,175.0
1.0,0.0,Amazon,0,350810.6383067652,350810.6383067652,79.0,79.0
1.0,0.0,DPD,0,210178.8252010488,210178.8252010488,46.0,46.0
1.0,0.0,FedEx,0,167748.72604045804,167748.72604045804,31.0,31.0
1.0,0.0,GLS,0,186914.04044994732,186914.04044994732,30.0,30.0
1.0,0.0,Hermes,0,232267.79568581068,232267.79568581068,44.0,44.0
1.0,0.0,UPS,0,198052.502895174,198052.502895174,40.0,40.0
1.0,0.1,DHL,6,560791.3267386539,557305.0928668058,164.0,158.0
1.0,0.1,Amazon,0,331955.2729200828,331955.2729200828,76.0,76.0
1.0,0.1,DPD,0,184359.4043210109,184359.4043210109,24.0,24.0
1.0,0.1,FedEx,0,151072.87686065154,151072.87686065154,10.0,10.0
1.0,0.1,GLS,0,163193.26698453282,163193.26698453282,21.0,21.0
1.0,0.1,Hermes,0,208083.45031547884,208083.45031547884,41.0,41.0
1.0,0.1,UPS,0,177967.3410711788,177967.3410711788,15.0,15.0
1.0,0.2,DHL,3,562617.8948012681,561674.0532840091,165.0,162.0
1.0,0.2,Amazon,0,334663.737760606,334663.737760606,61.0,61.0
1.0,0.2,DPD,0,184542.2989970997,184542.2989970997,20.0,20.0
1.0,0.2,FedEx,0,151579.65786604036,151579.65786604036,15.0,15.0
1.0,0.2,GLS,0,164069.99256402726,164069.99256402726,14.0,14.0
1.0,0.2,Hermes,0,211275.38954967097,211275.38954967097,22.0,22.0
1.0,0.2,UPS,0,180191.08042243635,180191.08042243635,16.0,16.0
1.0,0.3,DHL,0,563775.2206035123,563775.2206035123,175.0,175.0
1.0,0.3,Amazon,0,340949.15392539656,340949.15392539656,42.0,42.0
1.0,0.3,DPD,0,183721.0756379699,183721.0756379699,14.0,14.0
1.0,0.3,FedEx,0,154010.04770860905,154010.04770860905,8.0,8.0
1.0,0.3,GLS,0,163354.30379637887,163354.30379637887,13.0,13.0
1.0,0.3,Hermes,0,209036.8080775312,209036.8080775312,20.0,20.0
1.0,0.3,UPS,0,179621.87907304175,179621.87907304175,15.0,15.0
1.0,0.4,DHL,0,563775.2206035123,563775.2206035123,175.0,175.0
1.0,0.4,Amazon,0,339119.4103191851,339119.4103191851,40.0,40.0
1.0,0.4,DPD,0,182351.27143306925,182351.27143306925,9.0,9.0
1.0,0.4,FedEx,0,154154.41515096577,154154.41515096577,7.0,7.0
1.0,0.4,GLS,0,160236.5824240702,160236.5824240702,9.0,9.0
1.0,0.4,Hermes,0,209028.9788651991,209028.9788651991,15.0,15.0
1.0,0.4,UPS,0,179126.29621999,179126.29621999,13.0,13.0
1.0,0.5,DHL,0,563775.2206035123,563775.2206035123,175.0,175.0
1.0,0.5,Amazon,0,342769.1229787367,342769.1229787367,39.0,39.0
1.0,0.5,DPD,0,181779.4112023397,181779.4112023397,10.0,10.0
1.0,0.5,FedEx,0,151837.95292448255,151837.95292448255,9.0,9.0
1.0,0.5,GLS,0,161734.49041134788,161734.49041134788,3.0,3.0
1.0,0.5,Hermes,0,208344.24550648144,208344.24550648144,9.0,9.0
1.0,0.5,UPS,0,181685.8146967685,181685.8146967685,15.0,15.0
1.0,0.6,DHL,0,563775.2206035123,563775.2206035123,175.0,175.0
1.0,0.6,Amazon,0,344306.6372742279,344306.6372742279,44.0,44.0
1.0,0.6,DPD,0,184973.73432592797,184973.73432592797,4.0,4.0
1.0,0.6,FedEx,0,151221.7565964747,151221.7565964747,7.0,7.0
1.0,0.6,GLS,0,160875.92473038367,160875.92473038367,10.0,10.0
1.0,0.6,Hermes,0,210103.1169224533,210103.1169224533,2.0,2.0
1.0,0.6,UPS,0,182083.69012784088,182083.69012784088,16.0,16.0
1.0,0.7,DHL,0,563775.2206035123,563775.2206035123,175.0,175.0
1.0,0.7,Amazon,0,347416.2954980499,347416.2954980499,60.0,60.0
1.0,0.7,DPD,0,184378.17684224347,184378.17684224347,2.0,2.0
1.0,0.7,FedEx,0,150803.52066431806,150803.52066431806,11.0,11.0
1.0,0.7,GLS,0,161946.5884001713,161946.5884001713,4.0,4.0
1.0,0.7,Hermes,0,213017.0108922337,213017.0108922337,2.0,2.0
1.0,0.7,UPS,0,181132.7925631114,181132.7925631114,13.0,13.0
1.0,0.8,DHL,0,563775.2206035123,563775.2206035123,175.0,175.0
1.0,0.8,Amazon,0,350810.6383067652,350810.6383067652,79.0,79.0
1.0,0.8,DPD,0,182398.71237679687,182398.71237679687,10.0,10.0
1.0,0.8,FedEx,0,148462.4296203487,148462.4296203487,14.0,14.0
1.0,0.8,GLS,0,165222.0698425356,165222.0698425356,3.0,3.0
1.0,0.8,Hermes,0,215012.5084027004,215012.5084027004,14.0,14.0
1.0,0.8,UPS,0,179488.5660213554,179488.5660213554,23.0,23.0
1.0,0.9,DHL,0,563775.2206035123,563775.2206035123,175.0,175.0
1.0,0.9,Amazon,0,350810.6383067652,350810.6383067652,79.0,79.0
1.0,0.9,DPD,0,182724.51838176965,182724.51838176965,10.0,10.0
1.0,0.9,FedEx,0,150930.01660562123,150930.01660562123,13.0,13.0
1.0,0.9,GLS,0,161689.87606863532,161689.87606863532,1.0,1.0
1.0,0.9,Hermes,0,210351.12375580295,210351.12375580295,2.0,2.0
1.0,0.9,UPS,0,178527.16719854344,178527.16719854344,15.0,15.0
1.0,1.0,DHL,0,563775.2206035123,563775.2206035123,175.0,175.0
1.0,1.0,Amazon,0,349395.07260833733,349395.07260833733,70.0,70.0
1.0,1.0,DPD,0,175210.26860797484,175210.26860797484,2.0,2.0
1.0,1.0,FedEx,0,146605.23193507254,146605.23193507254,14.0,14.0
1.0,1.0,GLS,0,152986.57006000748,152986.57006000748,2.0,2.0
1.0,1.0,Hermes,0,203128.15065289603,203128.15065289603,2.0,2.0
1.0,1.0,UPS,0,174913.11315340782,174913.11315340782,13.0,13.0
2.0,0.0,DHL,0,563775.2206035123,563775.2206035123,175.0,175.0
2.0,0.0,Amazon,0,350810.6383067652,350810.6383067652,79.0,79.0
2.0,0.0,DPD,0,210178.8252010488,210178.8252010488,46.0,46.0
2.0,0.0,FedEx,0,167748.72604045804,167748.72604045804,31.0,31.0
2.0,0.0,GLS,0,186914.04044994732,186914.04044994732,30.0,30.0
2.0,0.0,Hermes,0,232267.79568581068,232267.79568581068,44.0,44.0
2.0,0.0,UPS,0,198052.502895174,198052.502895174,40.0,40.0
2.0,0.1,DHL,3,560198.9573847601,558813.4707945366,168.0,165.0
2.0,0.1,Amazon,0,331045.8298601862,331045.8298601862,77.0,77.0
2.0,0.1,DPD,0,187241.89892150206,187241.89892150206,25.0,25.0
2.0,0.1,FedEx,0,156019.80677184448,156019.80677184448,16.0,16.0
2.0,0.1,GLS,0,163002.20812186314,163002.20812186314,23.0,23.0
2.0,0.1,Hermes,0,207768.98277990223,207768.98277990223,41.0,41.0
2.0,0.1,UPS,0,188111.8563239811,188111.8563239811,23.0,23.0
2.0,0.2,DHL,0,563775.2206035123,563775.2206035123,175.0,175.0
2.0,0.2,Amazon,0,338324.564780087,338324.564780087,59.0,59.0
2.0,0.2,DPD,0,187445.73176228697,187445.73176228697,17.0,17.0
2.0,0.2,FedEx,0,159018.02400775428,159018.02400775428,16.0,16.0
2.0,0.2,GLS,0,165974.95829910535,165974.95829910535,13.0,13.0
2.0,0.2,Hermes,0,211531.85884589324,211531.85884589324,27.0,27.0
2.0,0.2,UPS,0,189319.66974795042,189319.66974795042,23.0,23.0
2.0,0.3,DHL,0,563775.2206035123,563775.2206035123,175.0,175.0
2.0,0.3,Amazon,0,341905.63660099835,341905.63660099835,46.0,46.0
2.0,0.3,DPD,0,186022.46664259286,186022.46664259286,22.0,22.0
2.0,0.3,FedEx,0,160012.14080695677,160012.14080695677,20.0,20.0
2.0,0.3,GLS,0,166859.52497447637,166859.52497447637,14.0,14.0
2.0,0.3,Hermes,0,213827.52681986548,213827.52681986548,24.0,24.0
2.0,0.3,UPS,0,190806.96860568642,190806.96860568642,25.0,25.0
2.0,0.4,DHL,0,563775.2206035123,563775.2206035123,175.0,175.0
2.0,0.4,Amazon,0,346457.1844808366,346457.1844808366,62.0,62.0
2.0,0.4,DPD,0,190478.01338248252,190478.01338248252,15.0,15.0
2.0,0.4,FedEx,0,160347.07973086357,160347.07973086357,17.0,17.0
2.0,0.4,GLS,0,168285.40349850952,168285.40349850952,11.0,11.0
2.0,0.4,Hermes,0,214038.80428296735,214038.80428296735,18.0,18.0
2.0,0.4,UPS,0,192880.88204350174,192880.88204350174,26.0,26.0
2.0,0.5,DHL,0,563775.2206035123,563775.2206035123,175.0,175.0
2.0,0.5,Amazon,0,350810.6383067652,350810.6383067652,79.0,79.0
2.0,0.5,DPD,0,196702.92726575944,196702.92726575944,19.0,19.0
2.0,0.5,FedEx,0,162959.80271535294,162959.80271535294,20.0,20.0
2.0,0.5,GLS,0,173613.28814978997,173613.28814978997,12.0,12.0
2.0,0.5,Hermes,0,222919.09636550784,222919.09636550784,21.0,21.0
2.0,0.5,UPS,0,192840.5295295638,192840.5295295638,26.0,26.0
2.0,0.6,DHL,0,563775.2206035123,563775.2206035123,175.0,175.0
2.0,0.6,Amazon,0,350810.6383067652,350810.6383067652,79.0,79.0
2.0,0.6,DPD,0,201099.72934256974,201099.72934256974,21.0,21.0
2.0,0.6,FedEx,0,160478.6043327724,160478.6043327724,17.0,17.0
2.0,0.6,GLS,0,177955.90423584348,177955.90423584348,11.0,11.0
2.0,0.6,Hermes,0,229108.3352622561,229108.3352622561,26.0,26.0
2.0,0.6,UPS,0,193640.85367609802,193640.85367609802,26.0,26.0
2.0,0.7,DHL,0,563775.2206035123,563775.2206035123,175.0,175.0
2.0,0.7,Amazon,0,350810.6383067652,350810.6383067652,79.0,79.0
2.0,0.7,DPD,0,203120.2000844437,203120.2000844437,26.0,26.0
2.0,0.7,FedEx,0,161186.5123625635,161186.5123625635,17.0,17.0
2.0,0.7,GLS,0,182438.8353148225,182438.8353148225,16.0,16.0
2.0,0.7,Hermes,0,230316.55270705879,230316.55270705879,34.0,34.0
2.0,0.7,UPS,0,192930.91691871104,192930.91691871104,25.0,25.0
2.0,0.8,DHL,0,563775.2206035123,563775.2206035123,175.0,175.0
2.0,0.8,Amazon,0,350810.6383067652,350810.6383067652,79.0,79.0
2.0,0.8,DPD,0,205793.92265115524,205793.92265115524,30.0,30.0
2.0,0.8,FedEx,0,159981.1136267153,159981.1136267153,15.0,15.0
2.0,0.8,GLS,0,185401.70899800802,185401.70899800802,22.0,22.0
2.0,0.8,Hermes,0,232267.79568581068,232267.79568581068,44.0,44.0
2.0,0.8,UPS,0,196931.90763730239,196931.90763730239,35.0,35.0
2.0,0.9,DHL,0,563775.2206035123,563775.2206035123,175.0,175.0
2.0,0.9,Amazon,0,350810.6383067652,350810.6383067652,79.0,79.0
2.0,0.9,DPD,0,207262.4263273573,207262.4263273573,37.0,37.0
2.0,0.9,FedEx,0,160512.79490748927,160512.79490748927,16.0,16.0
2.0,0.9,GLS,0,186914.04044994735,186914.04044994735,30.0,30.0
2.0,0.9,Hermes,0,232267.79568581068,232267.79568581068,44.0,44.0
2.0,0.9,UPS,0,195374.73694867696,195374.73694867696,30.0,30.0
2.0,1.0,DHL,0,563775.2206035123,563775.2206035123,175.0,175.0
2.0,1.0,Amazon,0,350810.6383067652,350810.6383067652,79.0,79.0
2.0,1.0,DPD,0,206970.91070418071,206970.91070418071,38.0,38.0
2.0,1.0,FedEx,0,158178.9358249684,158178.9358249684,12.0,12.0
2.0,1.0,GLS,0,184005.54223382424,184005.54223382424,22.0,22.0
2.0,1.0,Hermes,0,230953.42890065673,230953.42890065673,41.0,41.0
2.0,1.0,UPS,0,191545.63483260534,191545.63483260534,25.0,25.0
5.0,0.0,DHL,0,563775.2206035123,563775.2206035123,175.0,175.0
5.0,0.0,Amazon,0,350810.6383067652,350810.6383067652,79.0,79.0
5.0,0.0,DPD,0,210178.8252010488,210178.8252010488,46.0,46.0
5.0,0.0,FedEx,0,167748.72604045804,167748.72604045804,31.0,31.0
5.0,0.0,GLS,0,186914.04044994735,186914.04044994735,30.0,30.0
5.0,0.0,Hermes,0,232267.79568581068,232267.79568581068,44.0,44.0
5.0,0.0,UPS,0,198052.50289517397,198052.50289517397,40.0,40.0
5.0,0.1,DHL,0,563775.2206035123,563775.2206035123,175.0,175.0
5.0,0.1,Amazon,0,330912.8791911024,330912.8791911024,77.0,77.0
5.0,0.1,DPD,0,191824.18791934528,191824.18791934528,29.0,29.0
5.0,0.1,FedEx,0,167282.31268429692,167282.31268429692,31.0,31.0
5.0,0.1,GLS,0,165399.06042203584,165399.06042203584,25.0,25.0
5.0,0.1,Hermes,0,209499.7489581072,209499.7489581072,41.0,41.0
5.0,0.1,UPS,0,197673.22706850694,197673.22706850694,40.0,40.0
5.0,0.2,DHL,0,563775.2206035123,563775.2206035123,175.0,175.0
5.0,0.2,Amazon,0,342799.48949018883,342799.48949018883,65.0,65.0
5.0,0.2,DPD,0,200226.21967890993,200226.21967890993,25.0,25.0
5.0,0.2,FedEx,0,167748.72604045804,167748.72604045804,31.0,31.0
5.0,0.2,GLS,0,169815.4054791605,169815.4054791605,20.0,20.0
5.0,0.2,Hermes,0,214617.06764844185,214617.06764844185,29.0,29.0
5.0,0.2,UPS,0,198052.50289517397,198052.50289517397,40.0,40.0
5.0,0.3,DHL,0,563775.2206035123,563775.2206035123,175.0,175.0
5.0,0.3,Amazon,0,350810.6383067652,350810.6383067652,79.0,79.0
5.0,0.3,DPD,0,207261.169781087,207261.169781087,38.0,38.0
5.0,0.3,FedEx,0,167748.72604045804,167748.72604045804,31.0,31.0
5.0,0.3,GLS,0,181839.47882212827,181839.47882212827,19.0,19.0
5.0,0.3,Hermes,0,224827.27284844578,224827.27284844578,28.0,28.0
5.0,0.3,UPS,0,198052.50289517397,198052.50289517397,40.0,40.0
5.0,0.4,DHL,0,563775.2206035123,563775.2206035123,175.0,175.0
5.0,0.4,Amazon,0,350810.6383067652,350810.6383067652,79.0,79.0
5.0,0.4,DPD,0,210178.8252010488,210178.8252010488,46.0,46.0
5.0,0.4,FedEx,0,167748.72604045804,167748.72604045804,31.0,31.0
5.0,0.4,GLS,0,186914.04044994735,186914.04044994735,30.0,30.0
5.0,0.4,Hermes,0,232267.79568581068,232267.79568581068,44.0,44.0
5.0,0.4,UPS,0,198052.50289517397,198052.50289517397,40.0,40.0
5.0,0.5,DHL,0,563775.2206035123,563775.2206035123,175.0,175.0
5.0,0.5,Amazon,0,350810.6383067652,350810.6383067652,79.0,79.0
5.0,0.5,DPD,0,210178.8252010488,210178.8252010488,46.0,46.0
5.0,0.5,FedEx,0,167748.72604045804,167748.72604045804,31.0,31.0
5.0,0.5,GLS,0,186914.04044994735,186914.04044994735,30.0,30.0
5.0,0.5,Hermes,0,232267.79568581068,232267.79568581068,44.0,44.0
5.0,0.5,UPS,0,198052.50289517397,198052.50289517397,40.0,40.0
5.0,0.6,DHL,0,563775.2206035123,563775.2206035123,175.0,175.0
5.0,0.6,Amazon,0,350810.6383067652,350810.6383067652,79.0,79.0
5.0,0.6,DPD,0,210178.8252010488,210178.8252010488,46.0,46.0
5.0,0.6,FedEx,0,167748.72604045804,167748.72604045804,31.0,31.0
5.0,0.6,GLS,0,186914.04044994735,186914.04044994735,30.0,30.0
5.0,0.6,Hermes,0,232267.79568581068,232267.79568581068,44.0,44.0
5.0,0.6,UPS,0,198052.50289517397,198052.50289517397,40.0,40.0
5.0,0.7,DHL,0,563775.2206035123,563775.2206035123,175.0,175.0
5.0,0.7,Amazon,0,350810.6383067652,350810.6383067652,79.0,79.0
5.0,0.7,DPD,0,210178.8252010488,210178.8252010488,46.0,46.0
5.0,0.7,FedEx,0,167748.72604045804,167748.72604045804,31.0,31.0
5.0,0.7,GLS,0,186914.04044994735,186914.04044994735,30.0,30.0
5.0,0.7,Hermes,0,232267.79568581068,232267.79568581068,44.0,44.0
5.0,0.7,UPS,0,198052.50289517397,198052.50289517397,40.0,40.0
5.0,0.8,DHL,0,563775.2206035123,563775.2206035123,175.0,175.0
5.0,0.8,Amazon,0,350810.6383067652,350810.6383067652,79.0,79.0
5.0,0.8,DPD,0,210178.8252010488,210178.8252010488,46.0,46.0
5.0,0.8,FedEx,0,167748.72604045804,167748.72604045804,31.0,31.0
5.0,0.8,GLS,0,186914.04044994735,186914.04044994735,30.0,30.0
5.0,0.8,Hermes,0,232267.79568581068,232267.79568581068,44.0,44.0
5.0,0.8,UPS,0,198052.50289517397,198052.50289517397,40.0,40.0
5.0,0.9,DHL,0,563775.2206035123,563775.2206035123,175.0,175.0
5.0,0.9,Amazon,0,350810.6383067652,350810.6383067652,79.0,79.0
5.0,0.9,DPD,0,210178.8252010488,210178.8252010488,46.0,46.0
5.0,0.9,FedEx,0,167748.72604045804,167748.72604045804,31.0,31.0
5.0,0.9,GLS,0,186914.04044994735,186914.04044994735,30.0,30.0
5.0,0.9,Hermes,0,232267.79568581068,232267.79568581068,44.0,44.0
5.0,0.9,UPS,0,198052.50289517397,198052.50289517397,40.0,40.0
5.0,1.0,DHL,0,563775.2206035123,563775.2206035123,175.0,175.0
5.0,1.0,Amazon,0,350810.6383067652,350810.6383067652,79.0,79.0
5.0,1.0,DPD,0,210178.8252010488,210178.8252010488,46.0,46.0
5.0,1.0,FedEx,0,167748.72604045804,167748.72604045804,31.0,31.0
5.0,1.0,GLS,0,186914.04044994735,186914.04044994735,30.0,30.0
5.0,1.0,Hermes,0,232267.79568581068,232267.79568581068,44.0,44.0
5.0,1.0,UPS,0,198052.50289517397,198052.50289517397,40.0,40.0
10.0,0.0,DHL,0,563775.2206035123,563775.2206035123,175.0,175.0
10.0,0.0,Amazon,0,350810.6383067652,350810.6383067652,79.0,79.0
10.0,0.0,DPD,0,210178.8252010488,210178.8252010488,46.0,46.0
10.0,0.0,FedEx,0,167748.72604045804,167748.72604045804,31.0,31.0
10.0,0.0,GLS,0,186914.04044994735,186914.04044994735,30.0,30.0
10.0,0.0,Hermes,0,232267.79568581068,232267.79568581068,44.0,44.0
10.0,0.0,UPS,0,198052.50289517397,198052.50289517397,40.0,40.0
10.0,0.1,DHL,0,563775.2206035123,563775.2206035123,175.0,175.0
10.0,0.1,Amazon,0,331565.0071524004,331565.0071524004,77.0,77.0
10.0,0.1,DPD,0,201228.737969339,201228.737969339,40.0,40.0
10.0,0.1,FedEx,0,167748.72604045804,167748.72604045804,31.0,31.0
10.0,0.1,GLS,0,168375.08087435807,168375.08087435807,26.0,26.0
10.0,0.1,Hermes,0,210577.34745795402,210577.34745795402,42.0,42.0
10.0,0.1,UPS,0,198052.50289517397,198052.50289517397,40.0,40.0
10.0,0.2,DHL,0,563775.2206035123,563775.2206035123,175.0,175.0
10.0,0.2,Amazon,0,350810.6383067652,350810.6383067652,79.0,79.0
10.0,0.2,DPD,0,210178.8252010488,210178.8252010488,46.0,46.0
10.0,0.2,FedEx,0,167748.72604045804,167748.72604045804,31.0,31.0
10.0,0.2,GLS,0,180697.89672651034,180697.89672651034,26.0,26.0
10.0,0.2,Hermes,0,223374.75467243852,223374.75467243852,37.0,37.0
10.0,0.2,UPS,0,198052.50289517397,198052.50289517397,40.0,40.0
10.0,0.3,DHL,0,563775.2206035123,563775.2206035123,175.0,175.0
10.0,0.3,Amazon,0,350810.6383067652,350810.6383067652,79.0,79.0
10.0,0.3,DPD,0,210178.8252010488,210178.8252010488,46.0,46.0
10.0,0.3,FedEx,0,167748.72604045804,167748.72604045804,31.0,31.0
10.0,0.3,GLS,0,186914.04044994735,186914.04044994735,30.0,30.0
10.0,0.3,Hermes,0,232267.79568581068,232267.79568581068,44.0,44.0
10.0,0.3,UPS,0,198052.50289517397,198052.50289517397,40.0,40.0
10.0,0.4,DHL,0,563775.2206035123,563775.2206035123,175.0,175.0
10.0,0.4,Amazon,0,350810.6383067652,350810.6383067652,79.0,79.0
10.0,0.4,DPD,0,210178.8252010488,210178.8252010488,46.0,46.0
10.0,0.4,FedEx,0,167748.72604045804,167748.72604045804,31.0,31.0
10.0,0.4,GLS,0,186914.04044994735,186914.04044994735,30.0,30.0
10.0,0.4,Hermes,0,232267.79568581068,232267.79568581068,44.0,44.0
10.0,0.4,UPS,0,198052.50289517397,198052.50289517397,40.0,40.0
10.0,0.5,DHL,0,563775.2206035123,563775.2206035123,175.0,175.0
10.0,0.5,Amazon,0,350810.6383067652,350810.6383067652,79.0,79.0
10.0,0.5,DPD,0,210178.8252010488,210178.8252010488,46.0,46.0
10.0,0.5,FedEx,0,167748.72604045804,167748.72604045804,31.0,31.0
10.0,0.5,GLS,0,186914.04044994735,186914.04044994735,30.0,30.0
10.0,0.5,Hermes,0,232267.79568581068,232267.79568581068,44.0,44.0
10.0,0.5,UPS,0,198052.50289517397,198052.50289517397,40.0,40.0
10.0,0.6,DHL,0,563775.2206035123,563775.2206035123,175.0,175.0
10.0,0.6,Amazon,0,350810.6383067652,350810.6383067652,79.0,79.0
10.0,0.6,DPD,0,210178.8252010488,210178.8252010488,46.0,46.0
10.0,0.6,FedEx,0,167748.72604045804,167748.72604045804,31.0,31.0
10.0,0.6,GLS,0,186914.04044994735,186914.04044994735,30.0,30.0
10.0,0.6,Hermes,0,232267.79568581068,232267.79568581068,44.0,44.0
10.0,0.6,UPS,0,198052.50289517397,198052.50289517397,40.0,40.0
10.0,0.7,DHL,0,563775.2206035123,563775.2206035123,175.0,175.0
10.0,0.7,Amazon,0,350810.6383067652,350810.6383067652,79.0,79.0
10.0,0.7,DPD,0,210178.8252010488,210178.8252010488,46.0,46.0
10.0,0.7,FedEx,0,167748.72604045804,167748.72604045804,31.0,31.0
10.0,0.7,GLS,0,186914.04044994735,186914.04044994735,30.0,30.0
10.0,0.7,Hermes,0,232267.79568581068,232267.79568581068,44.0,44.0
10.0,0.7,UPS,0,198052.50289517397,198052.50289517397,40.0,40.0
10.0,0.8,DHL,0,563775.2206035123,563775.2206035123,175.0,175.0
10.0,0.8,Amazon,0,350810.6383067652,350810.6383067652,79.0,79.0
10.0,0.8,DPD,0,210178.8252010488,210178.8252010488,46.0,46.0
10.0,0.8,FedEx,0,167748.72604045804,167748.72604045804,31.0,31.0
10.0,0.8,GLS,0,186914.04044994735,186914.04044994735,30.0,30.0
10.0,0.8,Hermes,0,232267.79568581068,232267.79568581068,44.0,44.0
10.0,0.8,UPS,0,198052.50289517397,198052.50289517397,40.0,40.0
10.0,0.9,DHL,0,563775.2206035123,563775.2206035123,175.0,175.0
10.0,0.9,Amazon,0,350810.6383067652,350810.6383067652,79.0,79.0
10.0,0.9,DPD,0,210178.8252010488,210178.8252010488,46.0,46.0
10.0,0.9,FedEx,0,167748.72604045804,167748.72604045804,31.0,31.0
10.0,0.9,GLS,0,186914.04044994735,186914.04044994735,30.0,30.0
10.0,0.9,Hermes,0,232267.79568581068,232267.79568581068,44.0,44.0
10.0,0.9,UPS,0,198052.50289517397,198052.50289517397,40.0,40.0
10.0,1.0,DHL,0,563775.2206035123,563775.2206035123,175.0,175.0
10.0,1.0,Amazon,0,350810.6383067652,350810.6383067652,79.0,79.0
10.0,1.0,DPD,0,210178.8252010488,210178.8252010488,46.0,46.0
10.0,1.0,FedEx,0,167748.72604045804,167748.72604045804,31.0,31.0
10.0,1.0,GLS,0,186914.04044994735,186914.04044994735,30.0,30.0
10.0,1.0,Hermes,0,232267.79568581068,232267.79568581068,44.0,44.0
10.0,1.0,UPS,0,198052.50289517397,198052.50289517397,40.0,40.0
