penalty,share_willing,provider,n_plz,init_cost_eur,balanced_cost_eur,cost_delta_eur,cost_delta_pct,imbalance_before,imbalance_after,imbalance_reduction_pct,max_fleet_before,max_fleet_after,total_routes_before,total_routes_after,swaps_made
0.0,0.0,DHL,48,563775.2206035123,563775.2206035123,0.0,0.0,176.0,176.0,0.0,122.0,122.0,2388.0,2388.0,0
0.0,0.0,Amazon,47,350810.6383067652,350810.6383067652,0.0,0.0,79.0,79.0,0.0,217.0,217.0,1129.0,1129.0,0
0.0,0.0,DPD,47,210178.8252010488,210178.8252010488,0.0,0.0,46.0,46.0,0.0,118.0,118.0,588.0,588.0,0
0.0,0.0,FedEx,37,167748.72604045804,167748.72604045804,0.0,0.0,31.0,31.0,0.0,97.0,97.0,506.0,506.0,0
0.0,0.0,GLS,46,186914.04044994735,186914.04044994735,0.0,0.0,30.0,30.0,0.0,95.0,95.0,492.0,492.0,0
0.0,0.0,Hermes,47,232267.79568581068,232267.79568581068,0.0,0.0,44.0,44.0,0.0,127.0,127.0,681.0,681.0,0
0.0,0.0,UPS,40,198052.50289517397,198052.50289517397,0.0,0.0,40.0,40.0,0.0,118.0,118.0,613.0,613.0,0
0.0,0.1,DHL,48,551849.0606092087,556022.2940476072,4173.233438398573,0.756227333936488,176.0,166.0,5.681818181818182,121.0,116.0,2362.0,2364.0,5
0.0,0.1,Amazon,47,329656.72365269973,331329.3901106594,1672.6664579596836,0.5073964333037153,78.0,76.0,2.5641025641025643,216.0,216.0,1123.0,1125.0,2
0.0,0.1,DPD,47,180265.12249470345,184178.21162102933,3913.089126325882,2.1707411129631335,41.0,24.0,41.46341463414634,115.0,109.0,571.0,585.0,17
0.0,0.1,FedEx,37,140303.68834022692,144019.51460413795,3715.8262639110326,2.6484166652129675,37.0,7.0,81.08108108108108,97.0,89.0,503.0,513.0,14
0.0,0.1,GLS,46,160379.32290656317,163290.98305733438,2911.660150771204,1.8154835037354125,30.0,21.0,30.0,95.0,92.0,482.0,487.0,8
0.0,0.1,Hermes,47,207347.27845618755,209346.9504603111,1999.6720041235676,0.9644071622315015,45.0,41.0,8.88888888888889,126.0,126.0,676.0,681.0,4
0.0,0.1,UPS,40,168331.70058066273,172239.56817751203,3907.8675968493044,2.321528020788156,37.0,13.0,64.86486486486487,114.0,108.0,598.0,608.0,12
0.0,0.2,DHL,48,550643.2501906151,554853.9032869486,4210.653096333495,0.7646789631718726,182.0,159.0,12.637362637362637,116.0,114.0,2350.0,2357.0,10
0.0,0.2,Amazon,47,328478.33337537176,335210.5405085689,6732.207133197167,2.0495133009287017,74.0,61.0,17.56756756756757,213.0,211.0,1111.0,1125.0,12
0.0,0.2,DPD,47,177978.03875155578,180861.61877738073,2883.580025824951,1.6201886738679125,30.0,16.0,46.666666666666664,106.0,102.0,558.0,562.0,12
0.0,0.2,FedEx,37,136292.47979739314,139080.92190500713,2788.4421076139843,2.0459251396402567,24.0,8.0,66.66666666666667,99.0,90.0,514.0,518.0,10
0.0,0.2,GLS,46,158862.57077147806,163634.16160123496,4771.590829756897,3.003596634867992,27.0,10.0,62.96296296296296,91.0,87.0,480.0,489.0,17
0.0,0.2,Hermes,47,204491.1983158073,209387.74859488016,4896.550279072864,2.3945041739697985,46.0,28.0,39.130434782608695,125.0,123.0,658.0,674.0,18
0.0,0.2,UPS,40,161753.3116178027,164776.0875992394,3022.7759814366873,1.8687567822901983,47.0,8.0,82.97872340425532,130.0,107.0,609.0,616.0,12
0.0,0.3,DHL,48,550588.4445457954,557554.0627311008,6965.618185305386,1.2651224801950993,232.0,142.0,38.793103448275865,124.0,110.0,2368.0,2379.0,17
0.0,0.3,Amazon,47,327123.4030136516,338073.8753203347,10950.472306683077,3.3475050105865063,74.0,43.0,41.891891891891895,211.0,208.0,1106.0,1126.0,23
0.0,0.3,DPD,47,174847.45910928433,177408.1755570468,2560.7164477624756,1.4645431285117843,25.0,11.0,56.0,101.0,98.0,549.0,556.0,11
0.0,0.3,FedEx,37,134029.5107840073,137002.45952555546,2972.948741548171,2.218129965675373,59.0,5.0,91.52542372881356,131.0,91.0,525.0,532.0,9
0.0,0.3,GLS,46,156711.1221552864,159744.0863477247,3032.9641924382886,1.9353854089774805,28.0,11.0,60.714285714285715,89.0,87.0,477.0,485.0,14
0.0,0.3,Hermes,47,201638.27535604266,206152.72059769035,4514.445241647685,2.238883085900386,40.0,21.0,47.5,126.0,123.0,656.0,666.0,18
0.0,0.3,UPS,40,159734.17470319927,161061.99966250636,1327.824959307094,0.8312716810753331,25.0,12.0,52.0,117.0,109.0,619.0,620.0,4
0.0,0.4,DHL,48,548680.7564814126,552890.9740862128,4210.217604800244,0.7673346577342324,237.0,164.0,30.80168776371308,113.0,109.0,2361.0,2372.0,15
0.0,0.4,Amazon,47,324756.00032017985,336756.4755830434,12000.475262863562,3.695228187018003,71.0,26.0,63.38028169014085,210.0,198.0,1097.0,1121.0,25
0.0,0.4,DPD,47,170815.6836048799,173705.74511565888,2890.0615107789927,1.6919181247221429,30.0,11.0,63.333333333333336,99.0,98.0,549.0,555.0,11
0.0,0.4,FedEx,37,132298.9339365261,134272.76119818285,1973.8272616567556,1.4919449484027976,47.0,10.0,78.72340425531915,112.0,95.0,537.0,539.0,6
0.0,0.4,GLS,46,152493.8465836166,157109.9436249306,4616.097041314002,3.0270710226873767,33.0,8.0,75.75757575757575,95.0,86.0,476.0,491.0,16
0.0,0.4,Hermes,47,197794.63170463388,203641.4785121887,5846.84680755483,2.956018956210049,41.0,18.0,56.09756097560975,122.0,118.0,628.0,648.0,16
0.0,0.4,UPS,40,157971.8558102894,161543.20407244022,3571.34826215083,2.2607497036938735,105.0,14.0,86.66666666666667,172.0,111.0,631.0,637.0,16
0.0,0.5,DHL,48,544488.3328789538,550321.3938383413,5833.060959387571,1.071292185187066,342.0,180.0,47.36842105263158,136.0,104.0,2355.0,2363.0,19
0.0,0.5,Amazon,47,322109.80490563257,332160.34296716744,10050.53806153487,3.1202210887307023,78.0,14.0,82.05128205128206,210.0,194.0,1096.0,1120.0,33
0.0,0.5,DPD,47,167393.69254563932,170712.094734533,3318.4021888936695,1.9823938037503523,38.0,6.0,84.21052631578948,104.0,97.0,554.0,562.0,17
0.0,0.5,FedEx,37,130790.68703769514,131722.80426310503,932.1172254098929,0.7126785909009314,60.0,12.0,80.0,128.0,98.0,547.0,550.0,5
0.0,0.5,GLS,46,148283.76337166224,151371.49814974377,3087.7347780815326,2.082314818475678,34.0,9.0,73.52941176470588,90.0,85.0,480.0,488.0,14
0.0,0.5,Hermes,47,194610.6300199683,197729.63075459612,3119.000734627829,1.6026877536482975,42.0,14.0,66.66666666666667,116.0,113.0,628.0,642.0,15
0.0,0.5,UPS,40,157339.48630579055,158815.33405766982,1475.8477518792788,0.9380021420757386,38.0,7.0,81.57894736842105,126.0,109.0,634.0,636.0,6
0.0,0.6,DHL,48,541974.2963269013,546860.4134060524,4886.117079151096,0.9015403705056796,445.0,240.0,46.06741573033708,118.0,109.0,2363.0,2369.0,20
0.0,0.6,Amazon,47,316793.5393272026,325337.54659856466,8544.007271362061,2.697026994145016,87.0,12.0,86.20689655172414,210.0,194.0,1104.0,1126.0,29
0.0,0.6,DPD,47,163819.26890219154,166174.6435534121,2355.374651220569,1.437788525736156,44.0,13.0,70.45454545454545,113.0,102.0,566.0,573.0,11
0.0,0.6,FedEx,37,128883.54461601393,130113.08540552514,1229.5407895112148,0.9539936173965555,41.0,10.0,75.60975609756098,104.0,97.0,547.0,553.0,8
0.0,0.6,GLS,46,145414.10982563603,147891.49532975332,2477.3855041172937,1.7036761474439386,23.0,7.0,69.56521739130434,91.0,87.0,493.0,499.0,11
0.0,0.6,Hermes,47,188715.2551296847,193717.6769691751,5002.4218394904165,2.6507776682138195,39.0,4.0,89.74358974358974,118.0,111.0,637.0,654.0,18
0.0,0.6,UPS,40,154283.92512672668,155604.7601411407,1320.8350144140131,0.8561066963580928,68.0,16.0,76.47058823529412,140.0,116.0,644.0,646.0,7
0.0,0.7,DHL,48,538395.1655982395,543907.8623244874,5512.696726247901,1.0239127463417044,533.0,309.0,42.02626641651032,140.0,113.0,2356.0,2369.0,15
0.0,0.7,Amazon,47,312118.45971944963,317270.42756692256,5151.96784747293,1.6506450314101322,51.0,11.0,78.43137254901961,210.0,191.0,1095.0,1110.0,17
0.0,0.7,DPD,47,158920.18476465376,160048.9582834812,1128.7735188274237,0.7102769987959893,21.0,9.0,57.142857142857146,105.0,102.0,584.0,586.0,4
0.0,0.7,FedEx,37,126640.18565730666,127864.56073462078,1224.3750773141219,0.9668140258632668,40.0,12.0,70.0,117.0,98.0,557.0,560.0,6
0.0,0.7,GLS,46,142089.36251580948,143982.60601127805,1893.243495468574,1.3324315500802697,21.0,7.0,66.66666666666667,92.0,87.0,499.0,502.0,6
0.0,0.7,Hermes,47,183958.74398632417,188104.3737955651,4145.629809240927,2.253564967560944,48.0,3.0,93.75,130.0,112.0,650.0,661.0,17
0.0,0.7,UPS,40,152091.72461850772,153107.56233380805,1015.8377153003239,0.6679112343872448,64.0,21.0,67.1875,149.0,121.0,660.0,662.0,6
0.0,0.8,DHL,48,533324.9783734343,537125.8899518435,3800.9115784092573,0.7126820855084455,686.0,375.0,45.33527696793003,166.0,111.0,2373.0,2375.0,17
0.0,0.8,Amazon,47,301987.02648193703,304976.5224352119,2989.495953274891,0.9899418488607502,87.0,3.0,96.55172413793103,218.0,186.0,1096.0,1105.0,16
0.0,0.8,DPD,47,156072.7975989468,156947.74152749806,874.943928551249,0.5605998880083849,48.0,14.0,70.83333333333333,130.0,109.0,610.0,610.0,6
0.0,0.8,FedEx,37,125561.57431079194,126629.11316984137,1067.5388590494258,0.8502114320477037,56.0,8.0,85.71428571428571,119.0,98.0,565.0,568.0,6
0.0,0.8,GLS,46,139247.08354624134,140427.63917643565,1180.5556301943143,0.847813541317204,30.0,11.0,63.333333333333336,108.0,95.0,538.0,540.0,8
0.0,0.8,Hermes,47,179685.34985751682,183213.43854005463,3528.088682537811,1.9634815444528126,79.0,9.0,88.60759493670886,165.0,118.0,670.0,681.0,21
0.0,0.8,UPS,40,150224.16807734102,151559.78195499576,1335.613877654745,0.8890805619020776,69.0,20.0,71.01449275362319,143.0,121.0,670.0,674.0,7
0.0,0.9,DHL,48,522639.72813519556,526000.8053618685,3361.0772266729036,0.6430963904457462,678.0,445.0,34.365781710914455,211.0,120.0,2356.0,2363.0,10
0.0,0.9,Amazon,47,293917.96924104996,296987.00377738295,3069.034536332998,1.0441806413734442,166.0,15.0,90.96385542168674,306.0,195.0,1130.0,1138.0,18
0.0,0.9,DPD,47,150373.83762463342,151104.3432561007,730.5056314672693,0.4857930362133697,41.0,14.0,65.85365853658537,127.0,114.0,643.0,645.0,7
0.0,0.9,FedEx,37,124306.05123615614,125305.65266266013,999.6014265039848,0.8041454270033451,100.0,15.0,85.0,155.0,104.0,577.0,579.0,6
0.0,0.9,GLS,46,133063.56405216255,134168.82000331656,1105.2559511540167,0.8306225367003869,61.0,12.0,80.32786885245902,128.0,101.0,568.0,571.0,11
0.0,0.9,Hermes,47,173623.34993780247,175369.90055504628,1746.5506172438036,1.0059422409885967,41.0,11.0,73.17073170731707,141.0,124.0,704.0,709.0,8
0.0,0.9,UPS,40,149243.33605398537,150568.55609243744,1325.2200384520693,0.8879592707393656,94.0,19.0,79.7872340425532,175.0,124.0,687.0,689.0,10
0.0,1.0,DHL,48,501374.5408797915,503640.36690672813,2265.8260269366438,0.4519228325715672,812.0,542.0,33.251231527093594,181.0,109.0,2279.0,2284.0,12
0.0,1.0,Amazon,47,276448.48502644215,276996.5351200956,548.0500936534372,0.19824673432412426,85.0,35.0,58.8235294117647,218.0,190.0,1024.0,1026.0,5
0.0,1.0,DPD,47,140240.15179354243,140353.95205791778,113.80026437534252,0.08114670650305345,51.0,19.0,62.745098039215684,103.0,90.0,481.0,481.0,6
0.0,1.0,FedEx,37,119858.77221340522,120459.38909607037,600.6168826651556,0.5011038170787983,57.0,15.0,73.6842105263158,110.0,80.0,434.0,436.0,8
0.0,1.0,GLS,46,123919.15312877127,124474.91955618736,555.7664274160925,0.44849114393040174,35.0,17.0,51.42857142857143,93.0,76.0,411.0,414.0,4
0.0,1.0,Hermes,47,162379.66202045296,163441.33180218443,1061.6697817314707,0.6538194306610549,92.0,19.0,79.34782608695652,149.0,105.0,570.0,574.0,12
0.0,1.0,UPS,40,144190.67345116596,144781.25989525998,590.5864440940204,0.4095871320651251,108.0,17.0,84.25925925925925,151.0,98.0,538.0,540.0,5
0.25,0.0,DHL,48,563775.2206035123,563775.2206035123,0.0,0.0,176.0,176.0,0.0,122.0,122.0,2388.0,2388.0,0
0.25,0.0,Amazon,47,350810.6383067652,350810.6383067652,0.0,0.0,79.0,79.0,0.0,217.0,217.0,1129.0,1129.0,0
0.25,0.0,DPD,47,210178.8252010488,210178.8252010488,0.0,0.0,46.0,46.0,0.0,118.0,118.0,588.0,588.0,0
0.25,0.0,FedEx,37,167748.72604045804,167748.72604045804,0.0,0.0,31.0,31.0,0.0,97.0,97.0,506.0,506.0,0
0.25,0.0,GLS,46,186914.04044994735,186914.04044994735,0.0,0.0,30.0,30.0,0.0,95.0,95.0,492.0,492.0,0
0.25,0.0,Hermes,47,232267.79568581068,232267.79568581068,0.0,0.0,44.0,44.0,0.0,127.0,127.0,681.0,681.0,0
0.25,0.0,UPS,40,198052.50289517397,198052.50289517397,0.0,0.0,40.0,40.0,0.0,118.0,118.0,613.0,613.0,0
0.25,0.1,DHL,48,552975.2944637169,556120.5871501958,3145.2926864789333,0.5687944322231036,176.0,167.0,5.113636363636363,122.0,117.0,2364.0,2368.0,6
0.25,0.1,Amazon,47,329685.93787356006,331405.077382675,1719.1395091149607,0.5214476298877748,78.0,76.0,2.5641025641025643,216.0,216.0,1125.0,1127.0,2
0.25,0.1,DPD,47,180191.41867040202,184563.20875537294,4371.790084970911,2.4261921667688244,42.0,24.0,42.857142857142854,112.0,109.0,565.0,582.0,18
0.25,0.1,FedEx,37,140697.32036167258,144315.1500438599,3617.8296821873228,2.57135649270891,25.0,9.0,64.0,96.0,89.0,499.0,506.0,10
0.25,0.1,GLS,46,160503.55811999243,163753.3325246298,3249.77440463737,2.0247366741912596,30.0,21.0,30.0,94.0,92.0,482.0,489.0,9
0.25,0.1,Hermes,47,206371.17718819558,208457.7007636066,2086.5235754110327,1.011053774000753,45.0,41.0,8.88888888888889,126.0,126.0,676.0,681.0,4
0.25,0.1,UPS,40,169442.9698735619,174070.26234149665,4627.292467934749,2.73088489383043,39.0,12.0,69.23076923076923,116.0,107.0,601.0,607.0,15
0.25,0.2,DHL,48,552161.2042078272,556280.3234645244,4119.1192566971295,0.7459993975141251,181.0,161.0,11.049723756906078,117.0,114.0,2361.0,2367.0,9
0.25,0.2,Amazon,47,328207.54394728865,333938.0761696005,5730.532222311827,1.7460086850508751,78.0,63.0,19.23076923076923,216.0,210.0,1110.0,1120.0,13
0.25,0.2,DPD,47,178737.93150048552,184063.45092110953,5325.519420624012,2.979512729008809,33.0,12.0,63.63636363636363,105.0,101.0,554.0,564.0,20
0.25,0.2,FedEx,37,141432.14654084572,144032.39881536702,2600.2522745213064,1.838515739256175,21.0,4.0,80.95238095238095,94.0,88.0,516.0,521.0,10
0.25,0.2,GLS,46,158824.13574688014,162461.9504551571,3637.814708276943,2.2904671831959913,29.0,14.0,51.724137931034484,92.0,88.0,476.0,485.0,14
0.25,0.2,Hermes,47,204361.32866829538,209157.66208786337,4796.333419567993,2.3469868055873997,43.0,26.0,39.53488372093023,125.0,123.0,664.0,679.0,16
0.25,0.2,UPS,40,164443.09652635254,166829.16496076147,2386.068434408924,1.4509994550160692,19.0,1.0,94.73684210526316,113.0,103.0,610.0,616.0,11
0.25,0.3,DHL,48,553625.0737259815,556955.4762427063,3330.4025167247746,0.601562803922636,189.0,146.0,22.75132275132275,121.0,113.0,2367.0,2376.0,16
0.25,0.3,Amazon,47,325959.94497190503,338861.1955490387,12901.250577133673,3.9579251304161467,77.0,41.0,46.753246753246756,212.0,206.0,1101.0,1124.0,26
0.25,0.3,DPD,47,174991.14637103476,179651.44324322545,4660.296872190695,2.6631615192173435,27.0,8.0,70.37037037037037,100.0,97.0,544.0,556.0,16
0.25,0.3,FedEx,37,137278.56504689564,139297.4514709526,2018.8864240569528,1.470649422484335,24.0,2.0,91.66666666666667,97.0,89.0,520.0,526.0,11
0.25,0.3,GLS,46,156782.84207736747,160325.62930136433,3542.7872239968565,2.2596778939934006,28.0,11.0,60.714285714285715,88.0,87.0,474.0,484.0,15
0.25,0.3,Hermes,47,201661.50787152353,208817.64551300087,7156.13764147734,3.5485887797865927,46.0,21.0,54.34782608695652,125.0,122.0,654.0,672.0,25
0.25,0.3,UPS,40,162550.31592812584,165610.2511815716,3059.9352534457576,1.8824542025490467,58.0,2.0,96.55172413793103,130.0,104.0,613.0,618.0,13
0.25,0.4,DHL,48,553386.5452698888,556511.8565273018,3125.3112574130064,0.5647609765952621,199.0,154.0,22.613065326633166,124.0,111.0,2361.0,2369.0,13
0.25,0.4,Amazon,47,324921.54957359005,335140.91018563416,10219.36061204411,3.1451778515323046,69.0,32.0,53.6231884057971,209.0,200.0,1092.0,1115.0,23
0.25,0.4,DPD,47,172207.26295826345,175853.80806098465,3646.5451027211966,2.1175326987253618,34.0,10.0,70.58823529411765,103.0,98.0,546.0,560.0,16
0.25,0.4,FedEx,37,135177.15926947232,136887.22038105904,1710.0611115867214,1.2650518185381872,23.0,5.0,78.26086956521739,101.0,91.0,527.0,532.0,4
0.25,0.4,GLS,46,154293.1693583846,157655.48108896305,3362.3117305784544,2.1791708243212256,24.0,7.0,70.83333333333333,92.0,85.0,482.0,489.0,10
0.25,0.4,Hermes,47,198613.68992050987,203960.76249171403,5347.07257120416,2.692197387473236,36.0,16.0,55.55555555555556,117.0,116.0,626.0,644.0,15
0.25,0.4,UPS,40,162148.35165172216,166419.53134749443,4271.179695772269,2.6341184799376314,60.0,1.0,98.33333333333333,142.0,105.0,617.0,627.0,19
0.25,0.5,DHL,48,558275.0062135027,560263.5780327225,1988.5718192197382,0.356199327766295,213.0,151.0,29.107981220657276,137.0,113.0,2372.0,2374.0,10
0.25,0.5,Amazon,47,324208.6844420838,336321.5222034829,12112.837761399103,3.7361237815833164,78.0,11.0,85.8974358974359,207.0,193.0,1097.0,1126.0,36
0.25,0.5,DPD,47,169456.73351127462,173788.49237496473,4331.7588636901055,2.556262459409379,38.0,7.0,81.57894736842105,109.0,98.0,555.0,566.0,19
0.25,0.5,FedEx,37,134379.1476032757,135573.01924338768,1193.871640111989,0.88843519355892,28.0,3.0,89.28571428571429,100.0,91.0,533.0,536.0,8
0.25,0.5,GLS,46,150192.96753318424,153926.18907773815,3733.221544553904,2.4856167408298067,25.0,4.0,84.0,90.0,84.0,481.0,492.0,14
0.25,0.5,Hermes,47,196001.3188773041,201492.75291385438,5491.434036550287,2.8017332066973992,48.0,11.0,77.08333333333333,123.0,113.0,634.0,650.0,24
0.25,0.5,UPS,40,161656.8839968363,163615.98349604264,1959.0994992063497,1.2118874561782909,33.0,6.0,81.81818181818181,122.0,107.0,619.0,626.0,11
0.25,0.6,DHL,48,558912.3201050544,559837.829400829,925.5092957746238,0.1655911423818074,191.0,172.0,9.947643979057592,127.0,115.0,2372.0,2375.0,6
0.25,0.6,Amazon,47,320154.45407758286,329005.0751656853,8850.62108810246,2.7644847589587784,77.0,2.0,97.40259740259741,216.0,188.0,1101.0,1121.0,29
0.25,0.6,DPD,47,165318.3701148318,169572.5638353988,4254.193720566982,2.573333935975764,30.0,2.0,93.33333333333333,104.0,97.0,564.0,574.0,19
0.25,0.6,FedEx,37,131419.02230146356,133443.45440649087,2024.4321050273138,1.5404406984427617,54.0,6.0,88.88888888888889,111.0,93.0,536.0,542.0,13
0.25,0.6,GLS,46,146916.90124436282,151008.94719055784,4092.045946195023,2.78527923713068,22.0,4.0,81.81818181818181,90.0,85.0,486.0,499.0,15
0.25,0.6,Hermes,47,190889.4407175373,196160.39591988557,5270.955202348268,2.7612607499582964,42.0,5.0,88.0952380952381,125.0,112.0,640.0,656.0,20
0.25,0.6,UPS,40,161160.37193121243,163796.24336353777,2635.871432325337,1.6355580473904576,34.0,6.0,82.3529411764706,117.0,110.0,634.0,638.0,12
0.25,0.7,DHL,48,559353.0164938464,559567.9111710625,214.8946772160707,0.0384184353850597,226.0,209.0,7.522123893805309,122.0,118.0,2375.0,2373.0,4
0.25,0.7,Amazon,47,317964.2663072931,324672.2431630697,6707.976855776622,2.1096637473387565,88.0,2.0,97.72727272727273,217.0,186.0,1086.0,1109.0,21
0.25,0.7,DPD,47,162298.3979403944,164685.21764146525,2386.819701070839,1.4706366368122874,28.0,8.0,71.42857142857143,109.0,101.0,580.0,584.0,11
0.25,0.7,FedEx,37,131766.2880830641,133867.8065263673,2101.5184433031827,1.5948832390105785,30.0,1.0,96.66666666666667,99.0,92.0,541.0,548.0,7
0.25,0.7,GLS,46,144785.86969418,146751.29692364403,1965.427229464025,1.3574717157243625,30.0,2.0,93.33333333333333,101.0,83.0,487.0,494.0,12
0.25,0.7,Hermes,47,187517.97059690492,191863.479955555,4345.509358650073,2.3173828859268797,48.0,8.0,83.33333333333333,138.0,114.0,648.0,662.0,19
0.25,0.7,UPS,40,158214.14894117657,161576.4129042377,3362.263963061123,2.1251348160468253,43.0,9.0,79.06976744186046,124.0,114.0,645.0,657.0,15
0.25,0.8,DHL,48,559028.0896020504,559028.0896020504,0.0,0.0,216.0,216.0,0.0,122.0,122.0,2373.0,2373.0,0
0.25,0.8,Amazon,47,313261.7349513187,318366.85574111895,5105.120789800247,1.6296662567464837,109.0,3.0,97.24770642201835,232.0,187.0,1093.0,1109.0,27
0.25,0.8,DPD,47,158707.32972412417,160678.96703307767,1971.6373089535045,1.2423101770918445,18.0,6.0,66.66666666666667,108.0,104.0,596.0,601.0,8
0.25,0.8,FedEx,37,131043.14664383081,134199.43437231632,3156.287728485506,2.408586644415789,25.0,1.0,96.0,106.0,93.0,547.0,557.0,12
0.25,0.8,GLS,46,142151.2488482471,143537.7124238375,1386.463575590402,0.9753439289657697,27.0,3.0,88.88888888888889,96.0,89.0,524.0,526.0,10
0.25,0.8,Hermes,47,184362.02610950475,187430.77702939138,3068.750919886632,1.6645244059445836,48.0,2.0,95.83333333333333,131.0,113.0,661.0,671.0,21
0.25,0.8,UPS,40,157680.90101301554,159954.31279640377,2273.4117833882337,1.441780056292663,41.0,7.0,82.92682926829268,128.0,114.0,651.0,660.0,13
0.25,0.9,DHL,48,556799.9250894407,557029.6970388988,229.77194945816882,0.0412665194632093,246.0,236.0,4.065040650406504,122.0,119.0,2372.0,2372.0,3
0.25,0.9,Amazon,47,309962.2272436993,314243.82364675764,4281.596403058327,1.3813284415755729,51.0,2.0,96.07843137254902,213.0,189.0,1114.0,1129.0,23
0.25,0.9,DPD,47,152768.69836209033,154859.01194223078,2090.3135801404424,1.3682865682248657,27.0,6.0,77.77777777777777,120.0,108.0,623.0,630.0,12
0.25,0.9,FedEx,37,130086.64523503825,131343.2306163428,1256.5853813045542,0.965960325161878,30.0,2.0,93.33333333333333,103.0,94.0,553.0,558.0,9
0.25,0.9,GLS,46,135022.6887549004,136285.55156188481,1262.8628069844272,0.9352967405921206,18.0,7.0,61.111111111111114,100.0,95.0,549.0,551.0,6
0.25,0.9,Hermes,47,180069.76686800653,183181.2394287149,3111.472560708382,1.7279261337574405,36.0,2.0,94.44444444444444,138.0,118.0,696.0,704.0,16
0.25,0.9,UPS,40,155671.13061998104,157783.0470567381,2111.9164367570775,1.356652597270983,29.0,7.0,75.86206896551724,127.0,116.0,662.0,669.0,12
0.25,1.0,DHL,48,538213.2719367273,539293.5306997377,1080.2587630103808,0.20071202613104208,392.0,314.0,19.897959183673468,120.0,109.0,2336.0,2340.0,7
0.25,1.0,Amazon,47,292606.964021396,295608.334690562,3001.3706691659754,1.0257345306882406,68.0,3.0,95.58823529411765,201.0,176.0,1037.0,1050.0,17
0.25,1.0,DPD,47,143241.08753918216,145639.1086576861,2398.021118503937,1.674115408993933,67.0,9.0,86.56716417910448,111.0,87.0,481.0,491.0,19
0.25,1.0,FedEx,37,124166.3840829327,124655.28501506044,488.9009321277408,0.3937466132549983,29.0,5.0,82.75862068965517,92.0,75.0,436.0,438.0,5
0.25,1.0,GLS,46,126371.31557885215,128370.32819273866,1999.0126138865016,1.5818562976335986,31.0,3.0,90.3225806451613,87.0,72.0,411.0,419.0,13
0.25,1.0,Hermes,47,167660.2278601178,169945.5996982292,2285.3718381114013,1.3630971801005374,61.0,3.0,95.08196721311475,127.0,99.0,571.0,581.0,17
0.25,1.0,UPS,40,150198.48010163818,151905.00886303367,1706.528761395486,1.1361824435511536,43.0,4.0,90.69767441860465,105.0,94.0,541.0,549.0,14
0.5,0.0,DHL,48,563775.2206035123,563775.2206035123,0.0,0.0,176.0,176.0,0.0,122.0,122.0,2388.0,2388.0,0
0.5,0.0,Amazon,47,350810.6383067652,350810.6383067652,0.0,0.0,79.0,79.0,0.0,217.0,217.0,1129.0,1129.0,0
0.5,0.0,DPD,47,210178.8252010488,210178.8252010488,0.0,0.0,46.0,46.0,0.0,118.0,118.0,588.0,588.0,0
0.5,0.0,FedEx,37,167748.72604045804,167748.72604045804,0.0,0.0,31.0,31.0,0.0,97.0,97.0,506.0,506.0,0
0.5,0.0,GLS,46,186914.04044994735,186914.04044994735,0.0,0.0,30.0,30.0,0.0,95.0,95.0,492.0,492.0,0
0.5,0.0,Hermes,47,232267.79568581068,232267.79568581068,0.0,0.0,44.0,44.0,0.0,127.0,127.0,681.0,681.0,0
0.5,0.0,UPS,40,198052.50289517397,198052.50289517397,0.0,0.0,40.0,40.0,0.0,118.0,118.0,613.0,613.0,0
0.5,0.1,DHL,48,554337.1070071852,556257.2488866809,1920.141879495699,0.3463852329609265,171.0,165.0,3.508771929824561,121.0,117.0,2365.0,2369.0,4
0.5,0.1,Amazon,47,329526.25747560756,330976.7893571788,1450.5318815712235,0.4401870408395592,78.0,76.0,2.5641025641025643,216.0,216.0,1123.0,1125.0,2
0.5,0.1,DPD,47,179967.9932973059,185916.8753810381,5948.882083732198,3.305522262452905,42.0,24.0,42.857142857142854,113.0,111.0,566.0,586.0,18
0.5,0.1,FedEx,37,144045.98836230036,147484.67627282266,3438.687910522305,2.3872153258953768,30.0,6.0,80.0,99.0,87.0,494.0,506.0,16
0.5,0.1,GLS,46,160938.4766278487,163667.33123653155,2728.8546086828574,1.695588690697634,31.0,22.0,29.032258064516128,94.0,92.0,480.0,486.0,9
0.5,0.1,Hermes,47,206485.00022440587,208134.40296069815,1649.4027362922789,0.7988002685423755,45.0,42.0,6.666666666666667,126.0,126.0,676.0,679.0,3
0.5,0.1,UPS,40,170345.53383776313,174460.22437739768,4114.690539634554,2.415496577417392,38.0,14.0,63.1578947368421,119.0,109.0,604.0,613.0,17
0.5,0.2,DHL,48,556421.7779593135,557879.9349455637,1458.1569862501929,0.26205965402684434,176.0,164.0,6.818181818181818,115.0,117.0,2365.0,2369.0,7
0.5,0.2,Amazon,47,328644.57933538407,336059.78596406593,7415.206628681859,2.256299691197581,77.0,61.0,20.77922077922078,215.0,211.0,1112.0,1128.0,14
0.5,0.2,DPD,47,179347.19730308736,183158.9182834349,3811.7209803475416,2.125330664580129,36.0,17.0,52.77777777777778,105.0,103.0,550.0,562.0,16
0.5,0.2,FedEx,37,142832.64023718127,146523.06852737296,3690.4282901916886,2.583742962437391,28.0,5.0,82.14285714285714,97.0,89.0,513.0,521.0,18
0.5,0.2,GLS,46,159463.4670712183,162609.06593210035,3145.598860882048,1.9726141157317154,29.0,14.0,51.724137931034484,91.0,88.0,477.0,490.0,15
0.5,0.2,Hermes,47,204802.58637433036,211503.7478139999,6701.161439669522,3.2720101627141536,44.0,24.0,45.45454545454545,125.0,123.0,659.0,677.0,19
0.5,0.2,UPS,40,169047.39049928493,173479.47752890305,4432.087029618124,2.6218015057954247,49.0,11.0,77.55102040816327,127.0,108.0,610.0,619.0,21
0.5,0.3,DHL,48,559608.1051812248,560979.1515624359,1371.0463812111411,0.24500116572956682,188.0,161.0,14.361702127659575,127.0,118.0,2378.0,2381.0,8
0.5,0.3,Amazon,47,326251.8052711444,338401.4454239186,12149.640152774227,3.724007026620678,77.0,44.0,42.857142857142854,210.0,207.0,1095.0,1120.0,27
0.5,0.3,DPD,47,176236.30409582698,180221.0158243354,3984.7117285084096,2.261005046010132,33.0,13.0,60.60606060606061,103.0,99.0,547.0,556.0,16
0.5,0.3,FedEx,37,141616.56527557844,144261.79422802367,2645.2289524452353,1.8678810259927983,23.0,1.0,95.65217391304348,93.0,88.0,519.0,526.0,11
0.5,0.3,GLS,46,157351.26247901886,161370.81730322845,4019.5548242095974,2.5545106921182557,30.0,9.0,70.0,92.0,85.0,477.0,484.0,18
0.5,0.3,Hermes,47,201870.55727317644,206826.1541689801,4955.596895803668,2.4548388644400614,47.0,26.0,44.680851063829785,127.0,123.0,650.0,666.0,19
0.5,0.3,UPS,40,170984.66535286704,174372.81455144458,3388.1491985775356,1.9815514985424532,46.0,8.0,82.6086956521739,121.0,108.0,618.0,626.0,17
0.5,0.4,DHL,48,561396.1355124661,561590.9962170775,194.8607046114048,0.034710018877049754,189.0,185.0,2.1164021164021163,122.0,118.0,2383.0,2383.0,2
0.5,0.4,Amazon,47,328065.37168106623,336867.4351365902,8802.063455523981,2.683021194958986,75.0,42.0,44.0,212.0,206.0,1099.0,1118.0,21
0.5,0.4,DPD,47,174468.6965479581,178431.70204175898,3963.0054938008834,2.2714707980359843,38.0,10.0,73.6842105263158,106.0,98.0,548.0,559.0,20
0.5,0.4,FedEx,37,140740.8513566862,142304.112548363,1563.2611916767783,1.1107373421487492,24.0,4.0,83.33333333333333,102.0,90.0,526.0,527.0,10
0.5,0.4,GLS,46,154910.6068581796,158899.74603003677,3989.139171857154,2.5751233261316986,30.0,5.0,83.33333333333333,89.0,83.0,473.0,482.0,16
0.5,0.4,Hermes,47,199654.26820627903,203961.902444079,4307.634237799968,2.1575467814939984,39.0,17.0,56.41025641025641,121.0,115.0,637.0,645.0,15
0.5,0.4,UPS,40,166942.4226437576,169402.18225225518,2459.759608497581,1.4734179422725406,38.0,9.0,76.3157894736842,122.0,108.0,617.0,622.0,14
0.5,0.5,DHL,48,563247.8797746195,563247.8797746195,0.0,0.0,174.0,174.0,0.0,122.0,122.0,2386.0,2386.0,0
0.5,0.5,Amazon,47,327103.31268819835,336745.8283844935,9642.51569629513,2.9478502119257275,79.0,17.0,78.48101265822785,218.0,197.0,1104.0,1126.0,34
0.5,0.5,DPD,47,171725.45006563788,175071.64210542085,3346.192039782967,1.9485708370564565,26.0,8.0,69.23076923076923,107.0,98.0,552.0,564.0,14
0.5,0.5,FedEx,37,140247.5881559979,143617.64627398024,3370.0581179823494,2.4029348114235103,53.0,1.0,98.11320754716981,108.0,90.0,530.0,537.0,17
0.5,0.5,GLS,46,151772.44581553128,156783.46970378613,5011.023888254858,3.301669062080877,29.0,3.0,89.65517241379311,95.0,84.0,481.0,494.0,20
0.5,0.5,Hermes,47,197362.2619199913,204388.8661633058,7026.604243314505,3.560257252302378,43.0,12.0,72.09302325581395,120.0,112.0,627.0,646.0,23
0.5,0.5,UPS,40,165626.0092575589,167805.65304343778,2179.6437858788704,1.3160033231793846,42.0,10.0,76.19047619047619,123.0,110.0,626.0,630.0,14
0.5,0.6,DHL,48,563775.2206035123,563775.2206035123,0.0,0.0,176.0,176.0,0.0,122.0,122.0,2388.0,2388.0,0
0.5,0.6,Amazon,47,326727.7543493695,335793.17239913176,9065.418049762258,2.774609113882814,73.0,11.0,84.93150684931507,213.0,194.0,1107.0,1126.0,32
0.5,0.6,DPD,47,168864.90280602017,172425.63724544065,3560.7344394204847,2.108629075818555,32.0,8.0,75.0,104.0,98.0,555.0,567.0,16
0.5,0.6,FedEx,37,137946.99437411534,140411.15096575525,2464.156591639912,1.7863068367818615,60.0,2.0,96.66666666666667,116.0,91.0,533.0,541.0,20
0.5,0.6,GLS,46,150603.5200123823,153248.7091654464,2645.1891530641005,1.75639264795844,24.0,4.0,83.33333333333333,89.0,84.0,481.0,491.0,14
0.5,0.6,Hermes,47,193826.81432069733,200523.63745676857,6696.823136071238,3.4550550498090367,38.0,5.0,86.84210526315789,116.0,112.0,637.0,655.0,19
0.5,0.6,UPS,40,164332.06587141484,167227.75500079893,2895.689129384089,1.7620962251213244,45.0,3.0,93.33333333333333,132.0,108.0,628.0,639.0,18
0.5,0.7,DHL,48,563775.2206035123,563775.2206035123,0.0,0.0,176.0,176.0,0.0,122.0,122.0,2388.0,2388.0,0
0.5,0.7,Amazon,47,324783.16312607285,331122.21731080743,6339.0541847345885,1.9517804198101005,67.0,2.0,97.01492537313433,213.0,186.0,1091.0,1109.0,27
0.5,0.7,DPD,47,169374.8734402685,172462.64830542548,3087.774865156971,1.823041873000071,32.0,2.0,93.75,113.0,97.0,566.0,577.0,15
0.5,0.7,FedEx,37,135733.84798386536,137351.49062674487,1617.6426428795094,1.1917754244113068,27.0,6.0,77.77777777777777,105.0,93.0,533.0,537.0,8
0.5,0.7,GLS,46,150043.80192920179,152637.64417936938,2593.842250167596,1.7287233573243506,19.0,3.0,84.21052631578948,91.0,84.0,485.0,494.0,13
0.5,0.7,Hermes,47,193284.47893516606,197985.8575838688,4701.378648702754,2.4323622230834943,47.0,2.0,95.74468085106383,128.0,112.0,649.0,666.0,25
0.5,0.7,UPS,40,165043.23391036515,167068.50272466848,2025.2688143033301,1.2271141120533617,39.0,12.0,69.23076923076923,121.0,114.0,637.0,642.0,8
0.5,0.8,DHL,48,563775.2206035123,563775.2206035123,0.0,0.0,176.0,176.0,0.0,122.0,122.0,2388.0,2388.0,0
0.5,0.8,Amazon,47,327288.52129725786,331638.61932293384,4350.098025675979,1.3291324756620562,81.0,3.0,96.29629629629629,207.0,188.0,1106.0,1118.0,31
0.5,0.8,DPD,47,165525.99117925327,168166.01296398946,2640.021784736193,1.5949288482901944,25.0,11.0,56.0,111.0,106.0,584.0,593.0,10
0.5,0.8,FedEx,37,136555.11298615957,138866.9623853376,2311.849399178027,1.692979009443859,35.0,2.0,94.28571428571429,106.0,92.0,538.0,546.0,12
0.5,0.8,GLS,46,147515.17782077534,149595.0266481485,2079.848827373149,1.4099219199668234,29.0,5.0,82.75862068965517,98.0,89.0,514.0,518.0,10
0.5,0.8,Hermes,47,192031.95818684547,196422.8870596518,4390.92887280634,2.2865615256258565,36.0,2.0,94.44444444444444,127.0,114.0,662.0,676.0,21
0.5,0.8,UPS,40,165056.67799778093,168227.8643139962,3171.1863162152586,1.921271138304318,30.0,6.0,80.0,124.0,111.0,639.0,649.0,15
0.5,0.9,DHL,48,563775.2206035123,563775.2206035123,0.0,0.0,176.0,176.0,0.0,122.0,122.0,2388.0,2388.0,0
0.5,0.9,Amazon,47,323484.52144695725,327224.7581847127,3740.2367377554183,1.1562336030871623,75.0,2.0,97.33333333333333,215.0,189.0,1117.0,1129.0,23
0.5,0.9,DPD,47,163551.5884806589,166340.89902418933,2789.310543530446,1.7054622149758585,44.0,1.0,97.72727272727273,125.0,103.0,604.0,614.0,20
0.5,0.9,FedEx,37,135778.4967753829,138753.28279763364,2974.7860222507443,2.1909110005628545,33.0,1.0,96.96969696969697,108.0,92.0,539.0,550.0,17
0.5,0.9,GLS,46,140965.39145638017,142925.15513204166,1959.7636756614957,1.3902445525204803,52.0,5.0,90.38461538461539,114.0,92.0,532.0,537.0,12
0.5,0.9,Hermes,47,186603.38353346885,189909.77292145856,3306.3893879897078,1.771880726587511,58.0,2.0,96.55172413793103,141.0,118.0,689.0,700.0,22
0.5,0.9,UPS,40,163334.16879598054,166336.31547468377,3002.146678703226,1.8380395852463574,49.0,4.0,91.83673469387755,135.0,112.0,647.0,657.0,14
0.5,1.0,DHL,48,563775.2206035123,563775.2206035123,0.0,0.0,176.0,176.0,0.0,122.0,122.0,2388.0,2388.0,0
0.5,1.0,Amazon,47,315148.7511971,318508.0689122093,3359.317715109326,1.06594670051805,86.0,5.0,94.18604651162791,214.0,182.0,1070.0,1084.0,27
0.5,1.0,DPD,47,152900.09716114422,155116.59675631384,2216.4995951696183,1.4496391018205885,29.0,2.0,93.10344827586206,95.0,85.0,493.0,503.0,14
0.5,1.0,FedEx,37,134238.20371827373,134976.89243709602,738.68871882229,0.5502820347421953,23.0,9.0,60.869565217391305,87.0,81.0,454.0,457.0,6
0.5,1.0,GLS,46,133557.56728910623,134828.4025693988,1270.8352802925801,0.9515262265459348,46.0,1.0,97.82608695652173,100.0,71.0,417.0,423.0,11
0.5,1.0,Hermes,47,179200.91169652814,181558.95532498698,2358.043628458836,1.315865865934945,50.0,2.0,96.0,129.0,101.0,587.0,598.0,16
0.5,1.0,UPS,40,160926.88530356588,162843.34564938722,1916.4603458213387,1.190888857512035,48.0,4.0,91.66666666666667,115.0,96.0,558.0,566.0,17
0.75,0.0,DHL,48,563775.2206035123,563775.2206035123,0.0,0.0,176.0,176.0,0.0,122.0,122.0,2388.0,2388.0,0
0.75,0.0,Amazon,47,350810.6383067652,350810.6383067652,0.0,0.0,79.0,79.0,0.0,217.0,217.0,1129.0,1129.0,0
0.75,0.0,DPD,47,210178.8252010488,210178.8252010488,0.0,0.0,46.0,46.0,0.0,118.0,118.0,588.0,588.0,0
0.75,0.0,FedEx,37,167748.72604045804,167748.72604045804,0.0,0.0,31.0,31.0,0.0,97.0,97.0,506.0,506.0,0
0.75,0.0,GLS,46,186914.04044994735,186914.04044994735,0.0,0.0,30.0,30.0,0.0,95.0,95.0,492.0,492.0,0
0.75,0.0,Hermes,47,232267.79568581068,232267.79568581068,0.0,0.0,44.0,44.0,0.0,127.0,127.0,681.0,681.0,0
0.75,0.0,UPS,40,198052.50289517397,198052.50289517397,0.0,0.0,40.0,40.0,0.0,118.0,118.0,613.0,613.0,0
0.75,0.1,DHL,48,554079.9426708529,556427.372687592,2347.4300167391775,0.42366269484936964,173.0,164.0,5.202312138728324,120.0,117.0,2365.0,2368.0,6
0.75,0.1,Amazon,47,329526.25747560756,330976.7893571788,1450.5318815712235,0.4401870408395592,78.0,76.0,2.5641025641025643,216.0,216.0,1123.0,1125.0,2
0.75,0.1,DPD,47,180463.06477244507,184255.96677835903,3792.9020059139584,2.1017608288414134,39.0,23.0,41.02564102564103,111.0,108.0,563.0,579.0,16
0.75,0.1,FedEx,37,144971.36743480785,147116.23253612823,2144.865101320378,1.4795094640221989,29.0,8.0,72.41379310344827,100.0,88.0,497.0,504.0,13
0.75,0.1,GLS,46,159737.5968598738,162270.36301643844,2532.7661565646413,1.5855792289065507,30.0,22.0,26.666666666666668,93.0,92.0,478.0,485.0,8
0.75,0.1,Hermes,47,206691.02442697212,207906.38577958717,1215.3613526150584,0.5880087710554982,44.0,42.0,4.545454545454546,126.0,126.0,676.0,678.0,2
0.75,0.1,UPS,40,172789.18556257334,176196.02820084215,3406.842638268805,1.971675847175668,40.0,15.0,62.5,117.0,110.0,610.0,620.0,14
0.75,0.2,DHL,48,558889.8025749656,560781.5329928081,1891.730417842511,0.3384800383057208,179.0,163.0,8.938547486033519,123.0,119.0,2374.0,2380.0,8
0.75,0.2,Amazon,47,328752.64640792704,335750.38913850643,6997.742730579397,2.1285738098352427,76.0,61.0,19.736842105263158,215.0,211.0,1110.0,1126.0,13
0.75,0.2,DPD,47,179640.82111077305,183520.9911075087,3880.16999673564,2.159960065169701,39.0,19.0,51.282051282051285,109.0,104.0,546.0,557.0,16
0.75,0.2,FedEx,37,145824.29820861964,148948.95632058417,3124.658111964527,2.1427554600635337,25.0,3.0,88.0,95.0,87.0,509.0,516.0,14
0.75,0.2,GLS,46,159483.4924051705,163387.7795060131,3904.287100842601,2.448082269808648,29.0,15.0,48.275862068965516,92.0,89.0,477.0,487.0,13
0.75,0.2,Hermes,47,204585.27570124101,211667.52962725522,7082.2539260142075,3.4617613128505544,45.0,23.0,48.888888888888886,126.0,123.0,663.0,681.0,21
0.75,0.2,UPS,40,173353.74929877408,176481.1249667649,3127.3756679908256,1.8040427049551802,28.0,7.0,75.0,112.0,106.0,607.0,615.0,15
0.75,0.3,DHL,48,562315.1734354399,562315.1734354399,0.0,0.0,176.0,176.0,0.0,122.0,122.0,2384.0,2384.0,0
0.75,0.3,Amazon,47,327479.63792991044,338922.92885752907,11443.290927618626,3.4943518931298567,70.0,43.0,38.57142857142857,209.0,206.0,1093.0,1114.0,23
0.75,0.3,DPD,47,177840.96776168566,182359.99834245775,4519.030580772087,2.5410515010398376,32.0,13.0,59.375,103.0,99.0,546.0,554.0,17
0.75,0.3,FedEx,37,145485.0023825819,149119.3128032487,3634.310420666792,2.498065340858741,36.0,2.0,94.44444444444444,99.0,89.0,518.0,527.0,20
0.75,0.3,GLS,46,158282.25351315565,162132.17625351078,3849.922740355134,2.4323148394113225,32.0,12.0,62.5,94.0,87.0,476.0,482.0,18
0.75,0.3,Hermes,47,202806.41912457737,209289.35010129472,6482.9309767173545,3.196610346310144,46.0,21.0,54.34782608695652,125.0,120.0,649.0,666.0,25
0.75,0.3,UPS,40,173203.4335828463,175323.09886571948,2119.665282873175,1.2238009599615132,43.0,18.0,58.13953488372093,120.0,112.0,616.0,618.0,13
0.75,0.4,DHL,48,563775.2206035123,563775.2206035123,0.0,0.0,176.0,176.0,0.0,122.0,122.0,2388.0,2388.0,0
0.75,0.4,Amazon,47,329154.5439060995,338133.83751363494,8979.293607535423,2.7279871336356263,72.0,38.0,47.22222222222222,211.0,204.0,1102.0,1120.0,24
0.75,0.4,DPD,47,175642.45234654218,179313.82973940423,3671.3773928620503,2.090256281333644,35.0,10.0,71.42857142857143,105.0,98.0,549.0,559.0,17
0.75,0.4,FedEx,37,146477.9866562091,149657.9261014841,3179.9394452749984,2.170933338084766,47.0,2.0,95.74468085106383,105.0,89.0,520.0,526.0,19
0.75,0.4,GLS,46,157314.70068011567,161816.34520946495,4501.644529349287,2.8615536309622764,35.0,12.0,65.71428571428571,94.0,89.0,478.0,492.0,18
0.75,0.4,Hermes,47,200050.1203284295,208927.55816024455,8877.437831815041,4.437606844345122,37.0,7.0,81.08108108108108,116.0,112.0,629.0,649.0,24
0.75,0.4,UPS,40,173316.49721691554,175564.4035731911,2247.9063562755764,1.296995030693583,32.0,14.0,56.25,118.0,112.0,620.0,628.0,11
0.75,0.5,DHL,48,563775.2206035123,563775.2206035123,0.0,0.0,176.0,176.0,0.0,122.0,122.0,2388.0,2388.0,0
0.75,0.5,Amazon,47,332271.3708563809,338987.98897513794,6716.618118757033,2.021425469623197,76.0,29.0,61.8421052631579,213.0,200.0,1101.0,1124.0,27
0.75,0.5,DPD,47,175185.58123463317,180234.03787671204,5048.456642078876,2.8817763462606396,33.0,6.0,81.81818181818181,103.0,98.0,550.0,568.0,20
0.75,0.5,FedEx,37,143842.63721143955,147114.8831694899,3272.2459580503637,2.2748790077036545,35.0,3.0,91.42857142857143,104.0,91.0,529.0,537.0,16
0.75,0.5,GLS,46,153939.18722891586,158256.156684321,4316.969455405138,2.8043343174117012,29.0,6.0,79.3103448275862,91.0,84.0,475.0,486.0,15
0.75,0.5,Hermes,47,199337.18240276424,205119.62533561006,5782.442932845821,2.900835089141721,39.0,10.0,74.35897435897436,117.0,111.0,631.0,643.0,20
0.75,0.5,UPS,40,174110.7006591637,176733.02848146268,2622.3278222989757,1.5061267414186117,38.0,12.0,68.42105263157895,118.0,111.0,624.0,630.0,17
0.75,0.6,DHL,48,563775.2206035123,563775.2206035123,0.0,0.0,176.0,176.0,0.0,122.0,122.0,2388.0,2388.0,0
0.75,0.6,Amazon,47,330425.4359778954,336516.6402468193,6091.204268923902,1.843442908956739,68.0,25.0,63.23529411764706,213.0,199.0,1110.0,1124.0,24
0.75,0.6,DPD,47,175842.70892183785,179874.8888999431,4032.1799781052396,2.2930606579187454,34.0,2.0,94.11764705882354,106.0,96.0,557.0,572.0,21
0.75,0.6,FedEx,37,143370.75326976544,145610.5285373927,2239.775267627265,1.5622260583460275,30.0,1.0,96.66666666666667,102.0,89.0,530.0,533.0,17
0.75,0.6,GLS,46,155158.69042165639,159168.12818341993,4009.4377617635473,2.584088426415287,28.0,1.0,96.42857142857143,93.0,82.0,474.0,489.0,19
0.75,0.6,Hermes,47,198466.96100612218,204133.58868046565,5666.627674343472,2.855199498000411,39.0,6.0,84.61538461538461,122.0,113.0,644.0,659.0,22
0.75,0.6,UPS,40,171117.1224984425,173356.95423070187,2239.831732259365,1.3089465855643707,36.0,8.0,77.77777777777777,123.0,110.0,628.0,636.0,16
0.75,0.7,DHL,48,563775.2206035123,563775.2206035123,0.0,0.0,176.0,176.0,0.0,122.0,122.0,2388.0,2388.0,0
0.75,0.7,Amazon,47,333130.9813037915,338659.91566892504,5528.934365133522,1.6596878331443845,76.0,19.0,75.0,213.0,195.0,1100.0,1120.0,27
0.75,0.7,DPD,47,175798.54166074292,178885.812005244,3087.27034450107,1.7561410437971112,40.0,5.0,87.5,116.0,99.0,567.0,579.0,17
0.75,0.7,FedEx,37,141398.6333916815,143413.58162543844,2014.9482337569352,1.4250125234063789,36.0,5.0,86.11111111111111,112.0,92.0,531.0,536.0,11
0.75,0.7,GLS,46,152963.45762110187,155219.0325745117,2255.574953409814,1.4745841840192877,32.0,2.0,93.75,98.0,84.0,491.0,499.0,19
0.75,0.7,Hermes,47,199516.98326010333,203359.87763762334,3842.894377520017,1.9260988787657087,37.0,3.0,91.89189189189189,120.0,111.0,648.0,660.0,20
0.75,0.7,UPS,40,173152.229171729,175179.1382562493,2026.9090845203027,1.1705936990912509,41.0,12.0,70.73170731707317,119.0,113.0,636.0,642.0,13
0.75,0.8,DHL,48,563775.2206035123,563775.2206035123,0.0,0.0,176.0,176.0,0.0,122.0,122.0,2388.0,2388.0,0
0.75,0.8,Amazon,47,338217.53819286934,341480.9350256775,3263.3968328081537,0.9648810201401188,70.0,42.0,40.0,214.0,206.0,1114.0,1123.0,11
0.75,0.8,DPD,47,170932.69692209823,173438.83442329036,2506.1375011921336,1.4661545428808709,35.0,2.0,94.28571428571429,110.0,100.0,584.0,593.0,18
0.75,0.8,FedEx,37,142040.71756619998,144213.97032711765,2173.252760917676,1.5300209673362164,28.0,10.0,64.28571428571429,102.0,95.0,534.0,539.0,7
0.75,0.8,GLS,46,154185.85309054915,155720.84304639293,1534.9899558437755,0.9955452624712059,26.0,6.0,76.92307692307692,97.0,88.0,507.0,510.0,12
0.75,0.8,Hermes,47,198434.31092576674,200360.90560833493,1926.5946825681895,0.9708979629480099,24.0,8.0,66.66666666666667,121.0,115.0,661.0,667.0,13
0.75,0.8,UPS,40,173776.54508912287,175171.72686484072,1395.1817757178505,0.8028596580754433,39.0,12.0,69.23076923076923,123.0,113.0,637.0,642.0,10
0.75,0.9,DHL,48,563775.2206035123,563775.2206035123,0.0,0.0,176.0,176.0,0.0,122.0,122.0,2388.0,2388.0,0
0.75,0.9,Amazon,47,346784.8153436345,348375.39200968546,1590.5766660509398,0.4586638732941096,79.0,57.0,27.848101265822784,217.0,214.0,1126.0,1133.0,8
0.75,0.9,DPD,47,168487.29834412708,171242.99430081883,2755.6959566917503,1.635551156540819,41.0,2.0,95.1219512195122,119.0,103.0,600.0,611.0,21
0.75,0.9,FedEx,37,140736.27231500813,143665.91943197997,2929.6471169718425,2.0816574638373626,21.0,1.0,95.23809523809524,100.0,91.0,534.0,542.0,12
0.75,0.9,GLS,46,150180.70077981456,153439.5642151592,3258.863435344625,2.169961531956469,30.0,1.0,96.66666666666667,101.0,89.0,519.0,530.0,21
0.75,0.9,Hermes,47,195333.84566830064,197279.6150082324,1945.7693399317504,0.9961250357175125,39.0,14.0,64.1025641025641,133.0,122.0,682.0,690.0,11
0.75,0.9,UPS,40,171433.79044814757,173290.0911564308,1856.3007082832337,1.0828091144870862,32.0,13.0,59.375,118.0,114.0,640.0,645.0,11
0.75,1.0,DHL,48,563775.2206035123,563775.2206035123,0.0,0.0,176.0,176.0,0.0,122.0,122.0,2388.0,2388.0,0
0.75,1.0,Amazon,47,336512.0223277043,337470.5458979166,958.5235702123027,0.2848408100198177,68.0,44.0,35.294117647058826,208.0,205.0,1110.0,1114.0,5
0.75,1.0,DPD,47,165143.03534436002,166364.41700917407,1221.3816648140491,0.7395901754301635,38.0,3.0,92.10526315789474,100.0,88.0,511.0,518.0,11
0.75,1.0,FedEx,37,138022.5602924369,139512.5523710794,1489.9920786425064,1.079527923178333,24.0,7.0,70.83333333333333,90.0,81.0,460.0,467.0,7
0.75,1.0,GLS,46,143477.20654838555,145121.5759768396,1644.3694284540543,1.1460840840245348,30.0,2.0,93.33333333333333,84.0,73.0,429.0,434.0,19
0.75,1.0,Hermes,47,188681.0460083493,190690.12898190288,2009.0829735535663,1.0648038136616342,30.0,3.0,90.0,117.0,103.0,598.0,608.0,16
0.75,1.0,UPS,40,170244.87512820464,171532.83921466384,1287.964086459193,0.7565361867658444,47.0,16.0,65.95744680851064,116.0,105.0,578.0,582.0,12
1.0,0.0,DHL,48,563775.2206035123,563775.2206035123,0.0,0.0,176.0,176.0,0.0,122.0,122.0,2388.0,2388.0,0
1.0,0.0,Amazon,47,350810.6383067652,350810.6383067652,0.0,0.0,79.0,79.0,0.0,217.0,217.0,1129.0,1129.0,0
1.0,0.0,DPD,47,210178.8252010488,210178.8252010488,0.0,0.0,46.0,46.0,0.0,118.0,118.0,588.0,588.0,0
1.0,0.0,FedEx,37,167748.72604045804,167748.72604045804,0.0,0.0,31.0,31.0,0.0,97.0,97.0,506.0,506.0,0
1.0,0.0,GLS,46,186914.04044994735,186914.04044994735,0.0,0.0,30.0,30.0,0.0,95.0,95.0,492.0,492.0,0
1.0,0.0,Hermes,47,232267.79568581068,232267.79568581068,0.0,0.0,44.0,44.0,0.0,127.0,127.0,681.0,681.0,0
1.0,0.0,UPS,40,198052.50289517397,198052.50289517397,0.0,0.0,40.0,40.0,0.0,118.0,118.0,613.0,613.0,0
1.0,0.1,DHL,48,555961.3314493166,557305.0928668058,1343.761417489266,0.2417005179094489,175.0,166.0,5.142857142857143,123.0,119.0,2369.0,2372.0,7
1.0,0.1,Amazon,47,330028.05240977573,331955.2729200828,1927.2205103070592,0.5839565746714606,78.0,76.0,2.5641025641025643,216.0,216.0,1124.0,1126.0,2
1.0,0.1,DPD,47,179844.0642720462,184359.404321011,4515.340048964805,2.510697290589779,46.0,24.0,47.82608695652174,115.0,109.0,563.0,582.0,22
1.0,0.1,FedEx,37,147682.71943371496,151072.87686065154,3390.157426936581,2.2955681205871885,38.0,10.0,73.6842105263158,102.0,90.0,499.0,510.0,14
1.0,0.1,GLS,46,160216.11328868687,163193.26698453282,2977.1536958459474,1.8582111591245105,30.0,21.0,30.0,93.0,92.0,478.0,485.0,9
1.0,0.1,Hermes,47,206449.93463532533,208083.45031547887,1633.515680153534,0.7912405896562709,45.0,41.0,8.88888888888889,126.0,126.0,675.0,680.0,4
1.0,0.1,UPS,40,173848.08371451788,177967.3410711788,4119.257356660906,2.3694580168196073,36.0,15.0,58.333333333333336,116.0,109.0,599.0,610.0,16
1.0,0.2,DHL,48,560119.1311586712,561674.0532840092,1554.9221253379947,0.27760560902846837,177.0,167.0,5.649717514124294,122.0,120.0,2375.0,2380.0,6
1.0,0.2,Amazon,47,328298.53959804744,334663.737760606,6365.198162558547,1.9388444951207464,77.0,61.0,20.77922077922078,215.0,211.0,1111.0,1125.0,13
1.0,0.2,DPD,47,180371.3670426217,184542.2989970997,4170.931954477972,2.312413562565272,42.0,20.0,52.38095238095238,109.0,104.0,551.0,559.0,17
1.0,0.2,FedEx,37,149748.49872434407,151579.65786604033,1831.159141696262,1.2228230381574952,27.0,15.0,44.44444444444444,96.0,93.0,508.0,514.0,8
1.0,0.2,GLS,46,160250.6350095402,164069.99256402723,3819.35755448704,2.3833650046127195,30.0,14.0,53.333333333333336,94.0,88.0,479.0,486.0,15
1.0,0.2,Hermes,47,205121.23850479157,211275.389549671,6154.151044879429,3.000250529754709,47.0,22.0,53.191489361702125,125.0,122.0,655.0,677.0,24
1.0,0.2,UPS,40,178137.3676343483,180191.08042243632,2053.7127880880143,1.152881517988716,33.0,16.0,51.515151515151516,119.0,111.0,615.0,618.0,11
1.0,0.3,DHL,48,563775.2206035123,563775.2206035123,0.0,0.0,176.0,176.0,0.0,122.0,122.0,2388.0,2388.0,0
1.0,0.3,Amazon,47,328432.3923037776,340949.15392539644,12516.761621618818,3.811061854715495,78.0,42.0,46.15384615384615,212.0,207.0,1099.0,1120.0,26
1.0,0.3,DPD,47,180062.63290493394,183721.07563796992,3658.442733035976,2.0317612122041395,32.0,14.0,56.25,105.0,100.0,550.0,556.0,16
1.0,0.3,FedEx,37,150721.26544053335,154010.04770860902,3288.78226807568,2.182029362919103,38.0,8.0,78.94736842105263,104.0,92.0,516.0,524.0,18
1.0,0.3,GLS,46,159350.57625961988,163354.3037963788,4003.727536758932,2.5125278055072173,32.0,13.0,59.375,92.0,88.0,477.0,484.0,17
1.0,0.3,Hermes,47,203673.77444504504,209036.80807753126,5363.033632486215,2.633148841621365,43.0,20.0,53.48837209302326,124.0,120.0,649.0,665.0,22
1.0,0.3,UPS,40,176940.01260830264,179621.87907304178,2681.8664647391415,1.5156924797310085,31.0,15.0,51.61290322580645,117.0,111.0,616.0,622.0,10
1.0,0.4,DHL,48,563775.2206035123,563775.2206035123,0.0,0.0,176.0,176.0,0.0,122.0,122.0,2388.0,2388.0,0
1.0,0.4,Amazon,47,330167.1377336533,339119.41031918523,8952.27258553193,2.711436591473786,83.0,40.0,51.80722891566265,220.0,205.0,1098.0,1120.0,25
1.0,0.4,DPD,47,178048.72512332388,182351.27143306923,4302.546309745347,2.416499363736093,32.0,9.0,71.875,106.0,97.0,545.0,556.0,18
1.0,0.4,FedEx,37,150327.66018174632,154154.41515096583,3826.7549692195025,2.545609347336978,41.0,7.0,82.92682926829268,105.0,91.0,516.0,522.0,16
1.0,0.4,GLS,46,157276.62578557013,160236.5824240702,2959.9566385000653,1.8820067023409124,23.0,9.0,60.869565217391305,90.0,86.0,479.0,485.0,11
1.0,0.4,Hermes,47,202581.28145548762,209028.97886519914,6447.697409711516,3.1827705715881964,39.0,15.0,61.53846153846154,119.0,115.0,633.0,651.0,19
1.0,0.4,UPS,40,176583.58102519752,179126.2962199901,2542.715194792574,1.4399499545938772,47.0,13.0,72.34042553191489,120.0,110.0,622.0,624.0,17
1.0,0.5,DHL,48,563775.2206035123,563775.2206035123,0.0,0.0,176.0,176.0,0.0,122.0,122.0,2388.0,2388.0,0
1.0,0.5,Amazon,47,338498.4942455789,342769.1229787367,4270.6287331578205,1.2616389159059307,78.0,39.0,50.0,209.0,206.0,1112.0,1134.0,21
1.0,0.5,DPD,47,178018.2693352758,181779.4112023397,3761.1418670638814,2.112784199682465,34.0,10.0,70.58823529411765,107.0,99.0,552.0,563.0,18
1.0,0.5,FedEx,37,149048.41914141842,151837.95292448255,2789.5337830641365,1.871562140097174,36.0,9.0,75.0,103.0,93.0,528.0,533.0,15
1.0,0.5,GLS,46,157887.97884933872,161734.49041134788,3846.5115620091674,2.4362282613546027,27.0,3.0,88.88888888888889,89.0,82.0,476.0,484.0,20
1.0,0.5,Hermes,47,201088.49418646487,208344.24550648144,7255.75132001657,3.6082379299575806,44.0,9.0,79.54545454545455,121.0,113.0,634.0,655.0,27
1.0,0.5,UPS,40,179789.66065665398,181685.8146967686,1896.1540401146049,1.0546513259934942,58.0,15.0,74.13793103448276,133.0,112.0,624.0,626.0,17
1.0,0.6,DHL,48,563775.2206035123,563775.2206035123,0.0,0.0,176.0,176.0,0.0,122.0,122.0,2388.0,2388.0,0
1.0,0.6,Amazon,47,340802.66220173653,344306.63727422786,3503.975072491332,1.0281536681239802,74.0,44.0,40.54054054054054,215.0,207.0,1117.0,1128.0,11
1.0,0.6,DPD,47,179980.541139197,184973.73432592792,4993.193186730903,2.7742961295294504,37.0,4.0,89.1891891891892,110.0,98.0,558.0,574.0,24
1.0,0.6,FedEx,37,148942.2354441151,151221.75659647476,2279.5211523596663,1.5304733043401715,32.0,7.0,78.125,101.0,92.0,526.0,530.0,14
1.0,0.6,GLS,46,159313.71216172093,160875.92473038367,1562.2125686627405,0.9805888943676883,29.0,10.0,65.51724137931035,92.0,85.0,475.0,480.0,10
1.0,0.6,Hermes,47,204987.7092770369,210103.1169224534,5115.407645416504,2.4954704179376583,47.0,2.0,95.74468085106383,130.0,112.0,645.0,665.0,28
1.0,0.6,UPS,40,179918.94846239063,182083.6901278409,2164.741665450274,1.2031760322914409,31.0,16.0,48.38709677419355,118.0,113.0,626.0,631.0,10
1.0,0.7,DHL,48,563775.2206035123,563775.2206035123,0.0,0.0,176.0,176.0,0.0,122.0,122.0,2388.0,2388.0,0
1.0,0.7,Amazon,47,345924.8858944455,347416.2954980499,1491.4096036043484,0.43113683473453035,73.0,60.0,17.80821917808219,217.0,212.0,1118.0,1123.0,9
1.0,0.7,DPD,47,181390.40262255902,184378.17684224332,2987.774219684303,1.6471512144450808,29.0,2.0,93.10344827586206,109.0,97.0,569.0,576.0,19
1.0,0.7,FedEx,37,148783.6365622307,150803.52066431806,2019.8841020873515,1.357598287525731,31.0,11.0,64.51612903225806,102.0,94.0,528.0,530.0,10
1.0,0.7,GLS,46,159132.34571112413,161946.58840017128,2814.2426890471543,1.7684919281940963,27.0,4.0,85.18518518518519,96.0,85.0,488.0,497.0,18
1.0,0.7,Hermes,47,207229.9209890916,213017.01089223375,5787.089903142158,2.79259378931423,64.0,2.0,96.875,143.0,112.0,651.0,667.0,30
1.0,0.7,UPS,40,179008.7146812,181132.79256311138,2124.077881911362,1.186577919233805,54.0,13.0,75.92592592592592,128.0,112.0,631.0,633.0,15
1.0,0.8,DHL,48,563775.2206035123,563775.2206035123,0.0,0.0,176.0,176.0,0.0,122.0,122.0,2388.0,2388.0,0
1.0,0.8,Amazon,47,350810.6383067652,350810.6383067652,0.0,0.0,79.0,79.0,0.0,217.0,217.0,1129.0,1129.0,0
1.0,0.8,DPD,47,179297.99969030079,182398.71237679676,3100.712686495972,1.7293626765785421,51.0,10.0,80.3921568627451,125.0,103.0,576.0,589.0,22
1.0,0.8,FedEx,37,147547.81901673757,148462.42962034864,914.6106036110723,0.6198740243712585,23.0,14.0,39.130434782608695,99.0,95.0,531.0,530.0,4
1.0,0.8,GLS,46,162585.74877396258,165222.0698425356,2636.3210685730155,1.6214957881937135,51.0,3.0,94.11764705882354,116.0,86.0,499.0,504.0,18
1.0,0.8,Hermes,47,213133.60779612916,215012.50840270042,1878.9006065712601,0.8815599876526765,49.0,14.0,71.42857142857143,143.0,118.0,669.0,672.0,13
1.0,0.8,UPS,40,178234.1464698424,179488.56602135545,1254.4195515130414,0.703804280132871,33.0,23.0,30.303030303030305,119.0,117.0,634.0,636.0,4
1.0,0.9,DHL,48,563775.2206035123,563775.2206035123,0.0,0.0,176.0,176.0,0.0,122.0,122.0,2388.0,2388.0,0
1.0,0.9,Amazon,47,350810.6383067652,350810.6383067652,0.0,0.0,79.0,79.0,0.0,217.0,217.0,1129.0,1129.0,0
1.0,0.9,DPD,47,179544.3308703467,182724.51838176968,3180.1875114229915,1.7712547625463495,75.0,10.0,86.66666666666667,139.0,107.0,596.0,605.0,22
1.0,0.9,FedEx,37,149356.25416212145,150930.01660562126,1573.7624434998143,1.0536970496003102,36.0,13.0,63.888888888888886,112.0,95.0,530.0,530.0,10
1.0,0.9,GLS,46,157843.81936778364,161689.87606863532,3846.056700851681,2.4366216658063657,70.0,1.0,98.57142857142857,129.0,87.0,511.0,518.0,24
1.0,0.9,Hermes,47,207095.83424653765,210351.12375580292,3255.289509265276,1.5718759004056113,53.0,2.0,96.22641509433963,138.0,116.0,678.0,690.0,27
1.0,0.9,UPS,40,176440.75627253306,178527.1671985434,2086.4109260103432,1.1824994236522322,40.0,15.0,62.5,123.0,114.0,637.0,641.0,12
1.0,1.0,DHL,48,563775.2206035123,563775.2206035123,0.0,0.0,176.0,176.0,0.0,122.0,122.0,2388.0,2388.0,0
1.0,1.0,Amazon,47,348648.27658738435,349395.07260833733,746.7960209529847,0.2141975369167814,84.0,70.0,16.666666666666668,217.0,215.0,1126.0,1129.0,3
1.0,1.0,DPD,47,173569.06901200893,175210.2686079748,1641.1995959658816,0.9455599464282026,39.0,2.0,94.87179487179488,106.0,90.0,525.0,535.0,16
1.0,1.0,FedEx,37,145691.3701050919,146605.23193507254,913.8618299806549,0.6272587246049349,20.0,14.0,30.0,87.0,87.0,476.0,479.0,5
1.0,1.0,GLS,46,152140.21347581214,152986.57006000748,846.3565841953387,0.5563003790118224,28.0,2.0,92.85714285714286,86.0,75.0,441.0,445.0,13
1.0,1.0,Hermes,47,200702.72207845314,203128.15065289606,2425.4285744429217,1.2084682007924339,34.0,2.0,94.11764705882354,123.0,106.0,617.0,628.0,17
1.0,1.0,UPS,40,173716.95437180757,174913.11315340782,1196.158781600243,0.6885676679779317,51.0,13.0,74.50980392156863,119.0,105.0,585.0,590.0,14
2.0,0.0,DHL,48,563775.2206035123,563775.2206035123,0.0,0.0,176.0,176.0,0.0,122.0,122.0,2388.0,2388.0,0
2.0,0.0,Amazon,47,350810.6383067652,350810.6383067652,0.0,0.0,79.0,79.0,0.0,217.0,217.0,1129.0,1129.0,0
2.0,0.0,DPD,47,210178.8252010488,210178.8252010488,0.0,0.0,46.0,46.0,0.0,118.0,118.0,588.0,588.0,0
2.0,0.0,FedEx,37,167748.72604045804,167748.72604045804,0.0,0.0,31.0,31.0,0.0,97.0,97.0,506.0,506.0,0
2.0,0.0,GLS,46,186914.04044994735,186914.04044994735,0.0,0.0,30.0,30.0,0.0,95.0,95.0,492.0,492.0,0
2.0,0.0,Hermes,47,232267.79568581068,232267.79568581068,0.0,0.0,44.0,44.0,0.0,127.0,127.0,681.0,681.0,0
2.0,0.0,UPS,40,198052.50289517397,198052.50289517397,0.0,0.0,40.0,40.0,0.0,118.0,118.0,613.0,613.0,0
2.0,0.1,DHL,48,557427.832608685,558813.4707945366,1385.6381858516252,0.24857714394472025,172.0,169.0,1.744186046511628,121.0,119.0,2374.0,2376.0,3
2.0,0.1,Amazon,47,329719.7812492559,331045.8298601861,1326.0486109302146,0.40217441789692665,78.0,77.0,1.2820512820512822,216.0,216.0,1124.0,1125.0,1
2.0,0.1,DPD,47,182748.86490101082,187241.89892150206,4493.034020491235,2.458583818249688,45.0,25.0,44.44444444444444,115.0,111.0,571.0,586.0,20
2.0,0.1,FedEx,37,153591.4847785706,156019.80677184442,2428.3219932738284,1.5810264460784957,28.0,16.0,42.857142857142854,93.0,91.0,502.0,502.0,10
2.0,0.1,GLS,46,161488.35049447117,163002.20812186314,1513.8576273919607,0.9374407644617004,31.0,23.0,25.806451612903224,95.0,92.0,483.0,487.0,8
2.0,0.1,Hermes,47,206407.22898951962,207768.9827799022,1361.7537903825869,0.6597413264298656,45.0,41.0,8.88888888888889,126.0,126.0,675.0,680.0,4
2.0,0.1,UPS,40,184939.46422542736,188111.8563239811,3172.3920985537407,1.7153678431158599,41.0,23.0,43.90243902439025,116.0,111.0,607.0,604.0,15
2.0,0.2,DHL,48,563775.2206035123,563775.2206035123,0.0,0.0,176.0,176.0,0.0,122.0,122.0,2388.0,2388.0,0
2.0,0.2,Amazon,47,329552.8781434494,338324.5647800871,8771.686636637722,2.661693226911992,76.0,59.0,22.36842105263158,214.0,211.0,1105.0,1122.0,15
2.0,0.2,DPD,47,183082.47581471642,187445.731762287,4363.255947570578,2.3832187805818683,36.0,17.0,52.77777777777778,106.0,103.0,559.0,564.0,18
2.0,0.2,FedEx,37,157028.3736242836,159018.02400775434,1989.6503834707546,1.2670642493128808,35.0,16.0,54.285714285714285,101.0,93.0,509.0,510.0,11
2.0,0.2,GLS,46,161132.41317824842,165974.95829910538,4842.5451208569575,3.0053202985919545,32.0,13.0,59.375,95.0,89.0,482.0,494.0,17
2.0,0.2,Hermes,47,206270.455124177,211531.85884589326,5261.403721716255,2.550730650469954,49.0,27.0,44.89795918367347,127.0,123.0,661.0,679.0,20
2.0,0.2,UPS,40,187731.78884252685,189319.66974795042,1587.8809054235753,0.8458242022908126,38.0,23.0,39.473684210526315,119.0,113.0,612.0,615.0,9
2.0,0.3,DHL,48,563775.2206035123,563775.2206035123,0.0,0.0,176.0,176.0,0.0,122.0,122.0,2388.0,2388.0,0
2.0,0.3,Amazon,47,331287.31089730473,341905.63660099835,10618.325703693612,3.2051712680855355,76.0,46.0,39.473684210526315,211.0,208.0,1098.0,1122.0,26
2.0,0.3,DPD,47,183980.47099084302,186022.46664259283,2041.9956517498067,1.1098980455656295,35.0,22.0,37.142857142857146,105.0,104.0,552.0,557.0,11
2.0,0.3,FedEx,37,158492.63383509655,160012.14080695677,1519.5069718602172,0.9587240334722346,25.0,20.0,20.0,94.0,94.0,509.0,509.0,5
2.0,0.3,GLS,46,162672.40514637058,166859.52497447634,4187.119828105759,2.5739582717414433,30.0,14.0,53.333333333333336,92.0,88.0,474.0,482.0,13
2.0,0.3,Hermes,47,207673.68600491315,213827.52681986545,6153.840814952302,2.963226075164243,44.0,24.0,45.45454545454545,124.0,122.0,651.0,666.0,20
2.0,0.3,UPS,40,188655.20617111475,190806.9686056864,2151.762434571632,1.140579408457953,37.0,25.0,32.432432432432435,119.0,115.0,615.0,615.0,8
2.0,0.4,DHL,48,563775.2206035123,563775.2206035123,0.0,0.0,176.0,176.0,0.0,122.0,122.0,2388.0,2388.0,0
2.0,0.4,Amazon,47,343099.5228274217,346457.1844808366,3357.6616534148925,0.9786261507288043,79.0,62.0,21.518987341772153,215.0,211.0,1114.0,1124.0,14
2.0,0.4,DPD,47,187524.60095741137,190478.01338248258,2953.412425071205,1.5749466523285407,35.0,15.0,57.142857142857146,107.0,101.0,555.0,562.0,15
2.0,0.4,FedEx,37,158321.50278662992,160347.07973086357,2025.576944233646,1.2794073506007066,31.0,17.0,45.16129032258065,98.0,96.0,510.0,513.0,7
2.0,0.4,GLS,46,165573.70077285243,168285.40349850946,2711.702725657029,1.6377617417497752,27.0,11.0,59.25925925925926,90.0,86.0,473.0,482.0,11
2.0,0.4,Hermes,47,208912.5452063491,214038.8042829674,5126.259076618298,2.4537823095089575,37.0,18.0,51.351351351351354,122.0,118.0,645.0,661.0,17
2.0,0.4,UPS,40,190537.4778452278,192880.8820435017,2343.4041982739,1.2298914758268344,37.0,26.0,29.72972972972973,116.0,118.0,617.0,619.0,9
2.0,0.5,DHL,48,563775.2206035123,563775.2206035123,0.0,0.0,176.0,176.0,0.0,122.0,122.0,2388.0,2388.0,0
2.0,0.5,Amazon,47,350810.6383067652,350810.6383067652,0.0,0.0,79.0,79.0,0.0,217.0,217.0,1129.0,1129.0,0
2.0,0.5,DPD,47,194427.4836248708,196702.9272657595,2275.4436408886977,1.1703302426517788,35.0,19.0,45.714285714285715,107.0,105.0,563.0,576.0,11
2.0,0.5,FedEx,37,161910.78450834358,162959.8027153529,1049.0182070093288,0.6478989093868981,27.0,20.0,25.925925925925927,96.0,94.0,508.0,510.0,5
2.0,0.5,GLS,46,171853.04669526638,173613.28814978994,1760.2414545235515,1.024271311084086,23.0,12.0,47.82608695652174,88.0,85.0,476.0,478.0,9
2.0,0.5,Hermes,47,219292.2951535341,222919.09636550787,3626.8012119737687,1.6538662288314872,42.0,21.0,50.0,121.0,119.0,648.0,664.0,19
2.0,0.5,UPS,40,189083.66412033833,192840.5295295638,3756.8654092254583,1.986879948991511,44.0,26.0,40.90909090909091,121.0,116.0,620.0,621.0,12
2.0,0.6,DHL,48,563775.2206035123,563775.2206035123,0.0,0.0,176.0,176.0,0.0,122.0,122.0,2388.0,2388.0,0
2.0,0.6,Amazon,47,350810.6383067652,350810.6383067652,0.0,0.0,79.0,79.0,0.0,217.0,217.0,1129.0,1129.0,0
2.0,0.6,DPD,47,198543.9935502141,201099.7293425697,2555.735792355612,1.2872390378856948,40.0,21.0,47.5,112.0,107.0,571.0,582.0,13
2.0,0.6,FedEx,37,158026.19089231282,160478.6043327724,2452.4134404595825,1.551903153908698,36.0,17.0,52.77777777777778,102.0,95.0,511.0,515.0,9
2.0,0.6,GLS,46,175750.6657879821,177955.90423584348,2205.2384478613676,1.254753965212098,21.0,11.0,47.61904761904762,87.0,86.0,478.0,486.0,8
2.0,0.6,Hermes,47,225360.40130112672,229108.33526225612,3747.933961129398,1.6630845257155031,44.0,26.0,40.90909090909091,127.0,126.0,665.0,680.0,12
2.0,0.6,UPS,40,191073.43938512108,193640.85367609802,2567.4142909769434,1.3436793199719146,38.0,26.0,31.57894736842105,116.0,118.0,618.0,619.0,9
2.0,0.7,DHL,48,563775.2206035123,563775.2206035123,0.0,0.0,176.0,176.0,0.0,122.0,122.0,2388.0,2388.0,0
2.0,0.7,Amazon,47,350810.6383067652,350810.6383067652,0.0,0.0,79.0,79.0,0.0,217.0,217.0,1129.0,1129.0,0
2.0,0.7,DPD,47,199495.92101290246,203120.20008444358,3624.2790715411247,1.8167183835837544,41.0,26.0,36.58536585365854,113.0,111.0,574.0,587.0,11
2.0,0.7,FedEx,37,159733.09651307008,161186.5123625635,1453.415849493409,0.9099027573001968,28.0,17.0,39.285714285714285,95.0,95.0,510.0,513.0,7
2.0,0.7,GLS,46,179404.78423018655,182438.83531482253,3034.051084635983,1.6911762401737975,30.0,16.0,46.666666666666664,95.0,91.0,484.0,495.0,10
2.0,0.7,Hermes,47,228469.9971900751,230316.55270705873,1846.5555169836152,0.8082266992139793,44.0,34.0,22.727272727272727,127.0,127.0,673.0,681.0,8
2.0,0.7,UPS,40,189280.69506094654,192930.91691871104,3650.2218577644962,1.9284702312558395,46.0,25.0,45.65217391304348,122.0,116.0,621.0,622.0,10
2.0,0.8,DHL,48,563775.2206035123,563775.2206035123,0.0,0.0,176.0,176.0,0.0,122.0,122.0,2388.0,2388.0,0
2.0,0.8,Amazon,47,350810.6383067652,350810.6383067652,0.0,0.0,79.0,79.0,0.0,217.0,217.0,1129.0,1129.0,0
2.0,0.8,DPD,47,203421.2140474265,205793.92265115524,2372.708603728737,1.166401751577175,40.0,30.0,25.0,112.0,112.0,581.0,591.0,7
2.0,0.8,FedEx,37,157662.70073920608,159981.11362671532,2318.412887509243,1.4704891370243551,30.0,15.0,50.0,99.0,95.0,513.0,516.0,8
2.0,0.8,GLS,46,183661.79381652045,185401.708998008,1739.9151814875368,0.9473473743949846,28.0,22.0,21.428571428571427,93.0,93.0,488.0,495.0,5
2.0,0.8,Hermes,47,232267.79568581068,232267.79568581068,0.0,0.0,44.0,44.0,0.0,127.0,127.0,681.0,681.0,0
2.0,0.8,UPS,40,195804.90948182516,196931.90763730239,1126.998155477224,0.5755719601003331,40.0,35.0,12.5,118.0,118.0,615.0,617.0,4
2.0,0.9,DHL,48,563775.2206035123,563775.2206035123,0.0,0.0,176.0,176.0,0.0,122.0,122.0,2388.0,2388.0,0
2.0,0.9,Amazon,47,350810.6383067652,350810.6383067652,0.0,0.0,79.0,79.0,0.0,217.0,217.0,1129.0,1129.0,0
2.0,0.9,DPD,47,206705.02824456088,207262.42632735727,557.3980827963969,0.2696586955479947,42.0,37.0,11.904761904761905,114.0,114.0,586.0,588.0,3
2.0,0.9,FedEx,37,158327.87942565844,160512.79490748927,2184.9154818308307,1.379994155013451,29.0,16.0,44.827586206896555,98.0,96.0,513.0,516.0,8
2.0,0.9,GLS,46,186914.04044994735,186914.04044994735,0.0,0.0,30.0,30.0,0.0,95.0,95.0,492.0,492.0,0
2.0,0.9,Hermes,47,232267.79568581068,232267.79568581068,0.0,0.0,44.0,44.0,0.0,127.0,127.0,681.0,681.0,0
2.0,0.9,UPS,40,193889.10668744246,195374.73694867693,1485.6302612344734,0.7662267811823864,45.0,30.0,33.333333333333336,123.0,118.0,618.0,619.0,5
2.0,1.0,DHL,48,563775.2206035123,563775.2206035123,0.0,0.0,176.0,176.0,0.0,122.0,122.0,2388.0,2388.0,0
2.0,1.0,Amazon,47,350810.6383067652,350810.6383067652,0.0,0.0,79.0,79.0,0.0,217.0,217.0,1129.0,1129.0,0
2.0,1.0,DPD,47,206720.70018983728,206970.9107041807,250.21051434340188,0.12103795803401726,49.0,38.0,22.448979591836736,121.0,114.0,583.0,584.0,3
2.0,1.0,FedEx,37,156548.0528067919,158178.93582496842,1630.883018176508,1.0417779007378054,31.0,12.0,61.29032258064516,93.0,88.0,490.0,495.0,10
2.0,1.0,GLS,46,183467.95292024035,184005.54223382426,537.5893135839142,0.29301537681494827,30.0,22.0,26.666666666666668,95.0,93.0,488.0,491.0,3
2.0,1.0,Hermes,47,230913.40062516628,230953.42890065676,40.02827549047652,0.017334756398764847,43.0,41.0,4.651162790697675,125.0,125.0,679.0,679.0,1
2.0,1.0,UPS,40,190007.66323040132,191545.6348326053,1537.9716022039938,0.8094260915882459,43.0,25.0,41.86046511627907,120.0,113.0,607.0,609.0,7
5.0,0.0,DHL,48,563775.2206035123,563775.2206035123,0.0,0.0,176.0,176.0,0.0,122.0,122.0,2388.0,2388.0,0
5.0,0.0,Amazon,47,350810.6383067652,350810.6383067652,0.0,0.0,79.0,79.0,0.0,217.0,217.0,1129.0,1129.0,0
5.0,0.0,DPD,47,210178.8252010488,210178.8252010488,0.0,0.0,46.0,46.0,0.0,118.0,118.0,588.0,588.0,0
5.0,0.0,FedEx,37,167748.72604045804,167748.72604045804,0.0,0.0,31.0,31.0,0.0,97.0,97.0,506.0,506.0,0
5.0,0.0,GLS,46,186914.04044994735,186914.04044994735,0.0,0.0,30.0,30.0,0.0,95.0,95.0,492.0,492.0,0
5.0,0.0,Hermes,47,232267.79568581068,232267.79568581068,0.0,0.0,44.0,44.0,0.0,127.0,127.0,681.0,681.0,0
5.0,0.0,UPS,40,198052.50289517397,198052.50289517397,0.0,0.0,40.0,40.0,0.0,118.0,118.0,613.0,613.0,0
5.0,0.1,DHL,48,563775.2206035123,563775.2206035123,0.0,0.0,176.0,176.0,0.0,122.0,122.0,2388.0,2388.0,0
5.0,0.1,Amazon,47,330183.20860366337,330912.8791911024,729.6705874390318,0.2209896107451347,78.0,77.0,1.2820512820512822,216.0,216.0,1124.0,1125.0,1
5.0,0.1,DPD,47,188398.44022958312,191824.18791934528,3425.7476897621527,1.8183524691539497,43.0,29.0,32.55813953488372,115.0,112.0,572.0,584.0,14
5.0,0.1,FedEx,37,167282.31268429692,167282.31268429692,0.0,0.0,31.0,31.0,0.0,97.0,97.0,507.0,507.0,0
5.0,0.1,GLS,46,163480.59988379682,165399.0604220358,1918.4605382389855,1.173509602731236,33.0,25.0,24.242424242424242,96.0,94.0,485.0,490.0,8
5.0,0.1,Hermes,47,207192.33966277906,209499.7489581072,2307.409295328136,1.1136556974469307,45.0,41.0,8.88888888888889,126.0,126.0,676.0,680.0,4
5.0,0.1,UPS,40,197673.22706850694,197673.22706850694,0.0,0.0,40.0,40.0,0.0,118.0,118.0,613.0,613.0,0
5.0,0.2,DHL,48,563775.2206035123,563775.2206035123,0.0,0.0,176.0,176.0,0.0,122.0,122.0,2388.0,2388.0,0
5.0,0.2,Amazon,47,335988.4068261981,342799.48949018883,6811.082663990732,2.027177880430263,76.0,65.0,14.473684210526315,214.0,213.0,1113.0,1128.0,11
5.0,0.2,DPD,47,197915.77163427052,200226.21967890995,2310.44804463943,1.1673895544357717,38.0,25.0,34.21052631578947,112.0,108.0,574.0,580.0,13
5.0,0.2,FedEx,37,167748.72604045804,167748.72604045804,0.0,0.0,31.0,31.0,0.0,97.0,97.0,506.0,506.0,0
5.0,0.2,GLS,46,168349.13188371516,169815.4054791605,1466.2735954453237,0.8709718779293332,27.0,20.0,25.925925925925927,92.0,92.0,487.0,494.0,7
5.0,0.2,Hermes,47,210546.31677765472,214617.06764844182,4070.750870787102,1.933422979365617,49.0,29.0,40.816326530612244,127.0,124.0,669.0,684.0,20
5.0,0.2,UPS,40,198052.50289517397,198052.50289517397,0.0,0.0,40.0,40.0,0.0,118.0,118.0,613.0,613.0,0
5.0,0.3,DHL,48,563775.2206035123,563775.2206035123,0.0,0.0,176.0,176.0,0.0,122.0,122.0,2388.0,2388.0,0
5.0,0.3,Amazon,47,350810.6383067652,350810.6383067652,0.0,0.0,79.0,79.0,0.0,217.0,217.0,1129.0,1129.0,0
5.0,0.3,DPD,47,207056.89062297024,207261.169781087,204.27915811675484,0.0986584689367941,42.0,38.0,9.523809523809524,114.0,111.0,579.0,579.0,4
5.0,0.3,FedEx,37,167748.72604045804,167748.72604045804,0.0,0.0,31.0,31.0,0.0,97.0,97.0,506.0,506.0,0
5.0,0.3,GLS,46,180142.29915851532,181839.47882212824,1697.1796636129147,0.9421327869916271,27.0,19.0,29.62962962962963,92.0,90.0,484.0,490.0,8
5.0,0.3,Hermes,47,221799.85049566493,224827.27284844575,3027.422352780821,1.364934352306965,40.0,28.0,30.0,125.0,123.0,668.0,676.0,12
5.0,0.3,UPS,40,198052.50289517397,198052.50289517397,0.0,0.0,40.0,40.0,0.0,118.0,118.0,613.0,613.0,0
5.0,0.4,DHL,48,563775.2206035123,563775.2206035123,0.0,0.0,176.0,176.0,0.0,122.0,122.0,2388.0,2388.0,0
5.0,0.4,Amazon,47,350810.6383067652,350810.6383067652,0.0,0.0,79.0,79.0,0.0,217.0,217.0,1129.0,1129.0,0
5.0,0.4,DPD,47,210178.8252010488,210178.8252010488,0.0,0.0,46.0,46.0,0.0,118.0,118.0,588.0,588.0,0
5.0,0.4,FedEx,37,167748.72604045804,167748.72604045804,0.0,0.0,31.0,31.0,0.0,97.0,97.0,506.0,506.0,0
5.0,0.4,GLS,46,186914.04044994735,186914.04044994735,0.0,0.0,30.0,30.0,0.0,95.0,95.0,492.0,492.0,0
5.0,0.4,Hermes,47,232267.79568581068,232267.79568581068,0.0,0.0,44.0,44.0,0.0,127.0,127.0,681.0,681.0,0
5.0,0.4,UPS,40,198052.50289517397,198052.50289517397,0.0,0.0,40.0,40.0,0.0,118.0,118.0,613.0,613.0,0
5.0,0.5,DHL,48,563775.2206035123,563775.2206035123,0.0,0.0,176.0,176.0,0.0,122.0,122.0,2388.0,2388.0,0
5.0,0.5,Amazon,47,350810.6383067652,350810.6383067652,0.0,0.0,79.0,79.0,0.0,217.0,217.0,1129.0,1129.0,0
5.0,0.5,DPD,47,210178.8252010488,210178.8252010488,0.0,0.0,46.0,46.0,0.0,118.0,118.0,588.0,588.0,0
5.0,0.5,FedEx,37,167748.72604045804,167748.72604045804,0.0,0.0,31.0,31.0,0.0,97.0,97.0,506.0,506.0,0
5.0,0.5,GLS,46,186914.04044994735,186914.04044994735,0.0,0.0,30.0,30.0,0.0,95.0,95.0,492.0,492.0,0
5.0,0.5,Hermes,47,232267.79568581068,232267.79568581068,0.0,0.0,44.0,44.0,0.0,127.0,127.0,681.0,681.0,0
5.0,0.5,UPS,40,198052.50289517397,198052.50289517397,0.0,0.0,40.0,40.0,0.0,118.0,118.0,613.0,613.0,0
5.0,0.6,DHL,48,563775.2206035123,563775.2206035123,0.0,0.0,176.0,176.0,0.0,122.0,122.0,2388.0,2388.0,0
5.0,0.6,Amazon,47,350810.6383067652,350810.6383067652,0.0,0.0,79.0,79.0,0.0,217.0,217.0,1129.0,1129.0,0
5.0,0.6,DPD,47,210178.8252010488,210178.8252010488,0.0,0.0,46.0,46.0,0.0,118.0,118.0,588.0,588.0,0
5.0,0.6,FedEx,37,167748.72604045804,167748.72604045804,0.0,0.0,31.0,31.0,0.0,97.0,97.0,506.0,506.0,0
5.0,0.6,GLS,46,186914.04044994735,186914.04044994735,0.0,0.0,30.0,30.0,0.0,95.0,95.0,492.0,492.0,0
5.0,0.6,Hermes,47,232267.79568581068,232267.79568581068,0.0,0.0,44.0,44.0,0.0,127.0,127.0,681.0,681.0,0
5.0,0.6,UPS,40,198052.50289517397,198052.50289517397,0.0,0.0,40.0,40.0,0.0,118.0,118.0,613.0,613.0,0
5.0,0.7,DHL,48,563775.2206035123,563775.2206035123,0.0,0.0,176.0,176.0,0.0,122.0,122.0,2388.0,2388.0,0
5.0,0.7,Amazon,47,350810.6383067652,350810.6383067652,0.0,0.0,79.0,79.0,0.0,217.0,217.0,1129.0,1129.0,0
5.0,0.7,DPD,47,210178.8252010488,210178.8252010488,0.0,0.0,46.0,46.0,0.0,118.0,118.0,588.0,588.0,0
5.0,0.7,FedEx,37,167748.72604045804,167748.72604045804,0.0,0.0,31.0,31.0,0.0,97.0,97.0,506.0,506.0,0
5.0,0.7,GLS,46,186914.04044994735,186914.04044994735,0.0,0.0,30.0,30.0,0.0,95.0,95.0,492.0,492.0,0
5.0,0.7,Hermes,47,232267.79568581068,232267.79568581068,0.0,0.0,44.0,44.0,0.0,127.0,127.0,681.0,681.0,0
5.0,0.7,UPS,40,198052.50289517397,198052.50289517397,0.0,0.0,40.0,40.0,0.0,118.0,118.0,613.0,613.0,0
5.0,0.8,DHL,48,563775.2206035123,563775.2206035123,0.0,0.0,176.0,176.0,0.0,122.0,122.0,2388.0,2388.0,0
5.0,0.8,Amazon,47,350810.6383067652,350810.6383067652,0.0,0.0,79.0,79.0,0.0,217.0,217.0,1129.0,1129.0,0
5.0,0.8,DPD,47,210178.8252010488,210178.8252010488,0.0,0.0,46.0,46.0,0.0,118.0,118.0,588.0,588.0,0
5.0,0.8,FedEx,37,167748.72604045804,167748.72604045804,0.0,0.0,31.0,31.0,0.0,97.0,97.0,506.0,506.0,0
5.0,0.8,GLS,46,186914.04044994735,186914.04044994735,0.0,0.0,30.0,30.0,0.0,95.0,95.0,492.0,492.0,0
5.0,0.8,Hermes,47,232267.79568581068,232267.79568581068,0.0,0.0,44.0,44.0,0.0,127.0,127.0,681.0,681.0,0
5.0,0.8,UPS,40,198052.50289517397,198052.50289517397,0.0,0.0,40.0,40.0,0.0,118.0,118.0,613.0,613.0,0
5.0,0.9,DHL,48,563775.2206035123,563775.2206035123,0.0,0.0,176.0,176.0,0.0,122.0,122.0,2388.0,2388.0,0
5.0,0.9,Amazon,47,350810.6383067652,350810.6383067652,0.0,0.0,79.0,79.0,0.0,217.0,217.0,1129.0,1129.0,0
5.0,0.9,DPD,47,210178.8252010488,210178.8252010488,0.0,0.0,46.0,46.0,0.0,118.0,118.0,588.0,588.0,0
5.0,0.9,FedEx,37,167748.72604045804,167748.72604045804,0.0,0.0,31.0,31.0,0.0,97.0,97.0,506.0,506.0,0
5.0,0.9,GLS,46,186914.04044994735,186914.04044994735,0.0,0.0,30.0,30.0,0.0,95.0,95.0,492.0,492.0,0
5.0,0.9,Hermes,47,232267.79568581068,232267.79568581068,0.0,0.0,44.0,44.0,0.0,127.0,127.0,681.0,681.0,0
5.0,0.9,UPS,40,198052.50289517397,198052.50289517397,0.0,0.0,40.0,40.0,0.0,118.0,118.0,613.0,613.0,0
5.0,1.0,DHL,48,563775.2206035123,563775.2206035123,0.0,0.0,176.0,176.0,0.0,122.0,122.0,2388.0,2388.0,0
5.0,1.0,Amazon,47,350810.6383067652,350810.6383067652,0.0,0.0,79.0,79.0,0.0,217.0,217.0,1129.0,1129.0,0
5.0,1.0,DPD,47,210178.8252010488,210178.8252010488,0.0,0.0,46.0,46.0,0.0,118.0,118.0,588.0,588.0,0
5.0,1.0,FedEx,37,167748.72604045804,167748.72604045804,0.0,0.0,31.0,31.0,0.0,97.0,97.0,506.0,506.0,0
5.0,1.0,GLS,46,186914.04044994735,186914.04044994735,0.0,0.0,30.0,30.0,0.0,95.0,95.0,492.0,492.0,0
5.0,1.0,Hermes,47,232267.79568581068,232267.79568581068,0.0,0.0,44.0,44.0,0.0,127.0,127.0,681.0,681.0,0
5.0,1.0,UPS,40,198052.50289517397,198052.50289517397,0.0,0.0,40.0,40.0,0.0,118.0,118.0,613.0,613.0,0
10.0,0.0,DHL,48,563775.2206035123,563775.2206035123,0.0,0.0,176.0,176.0,0.0,122.0,122.0,2388.0,2388.0,0
10.0,0.0,Amazon,47,350810.6383067652,350810.6383067652,0.0,0.0,79.0,79.0,0.0,217.0,217.0,1129.0,1129.0,0
10.0,0.0,DPD,47,210178.8252010488,210178.8252010488,0.0,0.0,46.0,46.0,0.0,118.0,118.0,588.0,588.0,0
10.0,0.0,FedEx,37,167748.72604045804,167748.72604045804,0.0,0.0,31.0,31.0,0.0,97.0,97.0,506.0,506.0,0
10.0,0.0,GLS,46,186914.04044994735,186914.04044994735,0.0,0.0,30.0,30.0,0.0,95.0,95.0,492.0,492.0,0
10.0,0.0,Hermes,47,232267.79568581068,232267.79568581068,0.0,0.0,44.0,44.0,0.0,127.0,127.0,681.0,681.0,0
10.0,0.0,UPS,40,198052.50289517397,198052.50289517397,0.0,0.0,40.0,40.0,0.0,118.0,118.0,613.0,613.0,0
10.0,0.1,DHL,48,563775.2206035123,563775.2206035123,0.0,0.0,176.0,176.0,0.0,122.0,122.0,2388.0,2388.0,0
10.0,0.1,Amazon,47,330352.1135379699,331565.0071524003,1212.8936144304462,0.3671517646552121,78.0,77.0,1.2820512820512822,216.0,216.0,1125.0,1126.0,1
10.0,0.1,DPD,47,200500.13400920373,201228.737969339,728.6039601352823,0.3633932534438289,46.0,40.0,13.043478260869565,118.0,114.0,576.0,580.0,6
10.0,0.1,FedEx,37,167748.72604045804,167748.72604045804,0.0,0.0,31.0,31.0,0.0,97.0,97.0,506.0,506.0,0
10.0,0.1,GLS,46,166842.72783671046,168375.080874358,1532.3530376475537,0.9184416111604653,32.0,26.0,18.75,96.0,94.0,488.0,491.0,6
10.0,0.1,Hermes,47,209808.57196057617,210577.34745795405,768.7754973778792,0.366417582558226,44.0,42.0,4.545454545454546,126.0,126.0,677.0,679.0,2
10.0,0.1,UPS,40,198052.50289517397,198052.50289517397,0.0,0.0,40.0,40.0,0.0,118.0,118.0,613.0,613.0,0
10.0,0.2,DHL,48,563775.2206035123,563775.2206035123,0.0,0.0,176.0,176.0,0.0,122.0,122.0,2388.0,2388.0,0
10.0,0.2,Amazon,47,350810.6383067652,350810.6383067652,0.0,0.0,79.0,79.0,0.0,217.0,217.0,1129.0,1129.0,0
10.0,0.2,DPD,47,210178.8252010488,210178.8252010488,0.0,0.0,46.0,46.0,0.0,118.0,118.0,588.0,588.0,0
10.0,0.2,FedEx,37,167748.72604045804,167748.72604045804,0.0,0.0,31.0,31.0,0.0,97.0,97.0,506.0,506.0,0
10.0,0.2,GLS,46,179934.4514939873,180697.89672651034,763.4452325230523,0.42429074931687755,28.0,26.0,7.142857142857143,93.0,92.0,491.0,491.0,2
10.0,0.2,Hermes,47,221691.06093276775,223374.75467243852,1683.6937396707654,0.7594775055821394,43.0,37.0,13.953488372093023,125.0,125.0,675.0,680.0,6
10.0,0.2,UPS,40,198052.50289517397,198052.50289517397,0.0,0.0,40.0,40.0,0.0,118.0,118.0,613.0,613.0,0
10.0,0.3,DHL,48,563775.2206035123,563775.2206035123,0.0,0.0,176.0,176.0,0.0,122.0,122.0,2388.0,2388.0,0
10.0,0.3,Amazon,47,350810.6383067652,350810.6383067652,0.0,0.0,79.0,79.0,0.0,217.0,217.0,1129.0,1129.0,0
10.0,0.3,DPD,47,210178.8252010488,210178.8252010488,0.0,0.0,46.0,46.0,0.0,118.0,118.0,588.0,588.0,0
10.0,0.3,FedEx,37,167748.72604045804,167748.72604045804,0.0,0.0,31.0,31.0,0.0,97.0,97.0,506.0,506.0,0
10.0,0.3,GLS,46,186914.04044994735,186914.04044994735,0.0,0.0,30.0,30.0,0.0,95.0,95.0,492.0,492.0,0
10.0,0.3,Hermes,47,232267.79568581068,232267.79568581068,0.0,0.0,44.0,44.0,0.0,127.0,127.0,681.0,681.0,0
10.0,0.3,UPS,40,198052.50289517397,198052.50289517397,0.0,0.0,40.0,40.0,0.0,118.0,118.0,613.0,613.0,0
10.0,0.4,DHL,48,563775.2206035123,563775.2206035123,0.0,0.0,176.0,176.0,0.0,122.0,122.0,2388.0,2388.0,0
10.0,0.4,Amazon,47,350810.6383067652,350810.6383067652,0.0,0.0,79.0,79.0,0.0,217.0,217.0,1129.0,1129.0,0
10.0,0.4,DPD,47,210178.8252010488,210178.8252010488,0.0,0.0,46.0,46.0,0.0,118.0,118.0,588.0,588.0,0
10.0,0.4,FedEx,37,167748.72604045804,167748.72604045804,0.0,0.0,31.0,31.0,0.0,97.0,97.0,506.0,506.0,0
10.0,0.4,GLS,46,186914.04044994735,186914.04044994735,0.0,0.0,30.0,30.0,0.0,95.0,95.0,492.0,492.0,0
10.0,0.4,Hermes,47,232267.79568581068,232267.79568581068,0.0,0.0,44.0,44.0,0.0,127.0,127.0,681.0,681.0,0
10.0,0.4,UPS,40,198052.50289517397,198052.50289517397,0.0,0.0,40.0,40.0,0.0,118.0,118.0,613.0,613.0,0
10.0,0.5,DHL,48,563775.2206035123,563775.2206035123,0.0,0.0,176.0,176.0,0.0,122.0,122.0,2388.0,2388.0,0
10.0,0.5,Amazon,47,350810.6383067652,350810.6383067652,0.0,0.0,79.0,79.0,0.0,217.0,217.0,1129.0,1129.0,0
10.0,0.5,DPD,47,210178.8252010488,210178.8252010488,0.0,0.0,46.0,46.0,0.0,118.0,118.0,588.0,588.0,0
10.0,0.5,FedEx,37,167748.72604045804,167748.72604045804,0.0,0.0,31.0,31.0,0.0,97.0,97.0,506.0,506.0,0
10.0,0.5,GLS,46,186914.04044994735,186914.04044994735,0.0,0.0,30.0,30.0,0.0,95.0,95.0,492.0,492.0,0
10.0,0.5,Hermes,47,232267.79568581068,232267.79568581068,0.0,0.0,44.0,44.0,0.0,127.0,127.0,681.0,681.0,0
10.0,0.5,UPS,40,198052.50289517397,198052.50289517397,0.0,0.0,40.0,40.0,0.0,118.0,118.0,613.0,613.0,0
10.0,0.6,DHL,48,563775.2206035123,563775.2206035123,0.0,0.0,176.0,176.0,0.0,122.0,122.0,2388.0,2388.0,0
10.0,0.6,Amazon,47,350810.6383067652,350810.6383067652,0.0,0.0,79.0,79.0,0.0,217.0,217.0,1129.0,1129.0,0
10.0,0.6,DPD,47,210178.8252010488,210178.8252010488,0.0,0.0,46.0,46.0,0.0,118.0,118.0,588.0,588.0,0
10.0,0.6,FedEx,37,167748.72604045804,167748.72604045804,0.0,0.0,31.0,31.0,0.0,97.0,97.0,506.0,506.0,0
10.0,0.6,GLS,46,186914.04044994735,186914.04044994735,0.0,0.0,30.0,30.0,0.0,95.0,95.0,492.0,492.0,0
10.0,0.6,Hermes,47,232267.79568581068,232267.79568581068,0.0,0.0,44.0,44.0,0.0,127.0,127.0,681.0,681.0,0
10.0,0.6,UPS,40,198052.50289517397,198052.50289517397,0.0,0.0,40.0,40.0,0.0,118.0,118.0,613.0,613.0,0
10.0,0.7,DHL,48,563775.2206035123,563775.2206035123,0.0,0.0,176.0,176.0,0.0,122.0,122.0,2388.0,2388.0,0
10.0,0.7,Amazon,47,350810.6383067652,350810.6383067652,0.0,0.0,79.0,79.0,0.0,217.0,217.0,1129.0,1129.0,0
10.0,0.7,DPD,47,210178.8252010488,210178.8252010488,0.0,0.0,46.0,46.0,0.0,118.0,118.0,588.0,588.0,0
10.0,0.7,FedEx,37,167748.72604045804,167748.72604045804,0.0,0.0,31.0,31.0,0.0,97.0,97.0,506.0,506.0,0
10.0,0.7,GLS,46,186914.04044994735,186914.04044994735,0.0,0.0,30.0,30.0,0.0,95.0,95.0,492.0,492.0,0
10.0,0.7,Hermes,47,232267.79568581068,232267.79568581068,0.0,0.0,44.0,44.0,0.0,127.0,127.0,681.0,681.0,0
10.0,0.7,UPS,40,198052.50289517397,198052.50289517397,0.0,0.0,40.0,40.0,0.0,118.0,118.0,613.0,613.0,0
10.0,0.8,DHL,48,563775.2206035123,563775.2206035123,0.0,0.0,176.0,176.0,0.0,122.0,122.0,2388.0,2388.0,0
10.0,0.8,Amazon,47,350810.6383067652,350810.6383067652,0.0,0.0,79.0,79.0,0.0,217.0,217.0,1129.0,1129.0,0
10.0,0.8,DPD,47,210178.8252010488,210178.8252010488,0.0,0.0,46.0,46.0,0.0,118.0,118.0,588.0,588.0,0
10.0,0.8,FedEx,37,167748.72604045804,167748.72604045804,0.0,0.0,31.0,31.0,0.0,97.0,97.0,506.0,506.0,0
10.0,0.8,GLS,46,186914.04044994735,186914.04044994735,0.0,0.0,30.0,30.0,0.0,95.0,95.0,492.0,492.0,0
10.0,0.8,Hermes,47,232267.79568581068,232267.79568581068,0.0,0.0,44.0,44.0,0.0,127.0,127.0,681.0,681.0,0
10.0,0.8,UPS,40,198052.50289517397,198052.50289517397,0.0,0.0,40.0,40.0,0.0,118.0,118.0,613.0,613.0,0
10.0,0.9,DHL,48,563775.2206035123,563775.2206035123,0.0,0.0,176.0,176.0,0.0,122.0,122.0,2388.0,2388.0,0
10.0,0.9,Amazon,47,350810.6383067652,350810.6383067652,0.0,0.0,79.0,79.0,0.0,217.0,217.0,1129.0,1129.0,0
10.0,0.9,DPD,47,210178.8252010488,210178.8252010488,0.0,0.0,46.0,46.0,0.0,118.0,118.0,588.0,588.0,0
10.0,0.9,FedEx,37,167748.72604045804,167748.72604045804,0.0,0.0,31.0,31.0,0.0,97.0,97.0,506.0,506.0,0
10.0,0.9,GLS,46,186914.04044994735,186914.04044994735,0.0,0.0,30.0,30.0,0.0,95.0,95.0,492.0,492.0,0
10.0,0.9,Hermes,47,232267.79568581068,232267.79568581068,0.0,0.0,44.0,44.0,0.0,127.0,127.0,681.0,681.0,0
10.0,0.9,UPS,40,198052.50289517397,198052.50289517397,0.0,0.0,40.0,40.0,0.0,118.0,118.0,613.0,613.0,0
10.0,1.0,DHL,48,563775.2206035123,563775.2206035123,0.0,0.0,176.0,176.0,0.0,122.0,122.0,2388.0,2388.0,0
10.0,1.0,Amazon,47,350810.6383067652,350810.6383067652,0.0,0.0,79.0,79.0,0.0,217.0,217.0,1129.0,1129.0,0
10.0,1.0,DPD,47,210178.8252010488,210178.8252010488,0.0,0.0,46.0,46.0,0.0,118.0,118.0,588.0,588.0,0
10.0,1.0,FedEx,37,167748.72604045804,167748.72604045804,0.0,0.0,31.0,31.0,0.0,97.0,97.0,506.0,506.0,0
10.0,1.0,GLS,46,186914.04044994735,186914.04044994735,0.0,0.0,30.0,30.0,0.0,95.0,95.0,492.0,492.0,0
10.0,1.0,Hermes,47,232267.79568581068,232267.79568581068,0.0,0.0,44.0,44.0,0.0,127.0,127.0,681.0,681.0,0
10.0,1.0,UPS,40,198052.50289517397,198052.50289517397,0.0,0.0,40.0,40.0,0.0,118.0,118.0,613.0,613.0,0
