plz,raumtyp_8,raumtyp_8_name,raumtyp_3,main_area_share,coverage_ok
29313,7,Umland dörflich mit geringem gewerblichem Einfluss,rural,0.3034586368260981,False
29323,7,Umland dörflich mit geringem gewerblichem Einfluss,rural,0.23392659677554734,False
29336,7,Umland dörflich mit geringem gewerblichem Einfluss,rural,0.8162091371087595,True
29339,7,Umland dörflich mit geringem gewerblichem Einfluss,rural,0.31082139613001936,False
29352,7,Umland dörflich mit geringem gewerblichem Einfluss,rural,0.21991324493754769,False
29356,7,Umland dörflich mit geringem gewerblichem Einfluss,rural,0.5769759281962968,True
29364,7,Umland dörflich mit geringem gewerblichem Einfluss,rural,0.07646985544224881,False
29690,8,Umland dörflich ohne gewerblichen Einfluss,rural,0.3870518747983879,False
30159,1,Metropoles Zentrum,urban,0.8912205218696706,True
30161,2,Zentrumsnah hochverdichtete Wohnnutzung,urban,0.7456194837726646,True
30163,2,Zentrumsnah hochverdichtete Wohnnutzung,urban,0.7793865537963875,True
30165,3,Zentrumsnah verdichtete Mischnutzung,urban,0.5151488000453127,True
30167,3,Zentrumsnah verdichtete Mischnutzung,urban,0.9846296089543711,True
30169,3,Zentrumsnah verdichtete Mischnutzung,urban,0.6047959321234337,True
30171,2,Zentrumsnah hochverdichtete Wohnnutzung,urban,0.9776054388582818,True
30173,2,Zentrumsnah hochverdichtete Wohnnutzung,urban,0.5924746833757621,True
30175,4,Städtisch mit Verdichtungsansätzen,suburban,0.8908009427353001,True
30177,2,Zentrumsnah hochverdichtete Wohnnutzung,urban,0.5263199837425353,True
30179,5,Städtisch mit gewerblicher Prägung,suburban,0.76703130513523,True
30419,5,Städtisch mit gewerblicher Prägung,suburban,0.8381674492010093,True
30449,3,Zentrumsnah verdichtete Mischnutzung,urban,0.9997190778317679,True
30451,2,Zentrumsnah hochverdichtete Wohnnutzung,urban,0.9147461107681084,True
30453,4,Städtisch mit Verdichtungsansätzen,suburban,0.31750210770164083,False
30455,4,Städtisch mit Verdichtungsansätzen,suburban,0.9967467302434695,True
30457,4,Städtisch mit Verdichtungsansätzen,suburban,0.8041563849902899,True
30459,3,Zentrumsnah verdichtete Mischnutzung,urban,0.6102355240360319,True
30519,3,Zentrumsnah verdichtete Mischnutzung,urban,0.5150600901623541,True
30521,5,Städtisch mit gewerblicher Prägung,suburban,0.9959990598298013,True
30539,7,Umland dörflich mit geringem gewerblichem Einfluss,rural,0.4584993773941337,False
30559,4,Städtisch mit Verdichtungsansätzen,suburban,0.4098331201867015,False
30625,3,Zentrumsnah verdichtete Mischnutzung,urban,0.5101767872728232,True
30627,4,Städtisch mit Verdichtungsansätzen,suburban,0.9999999999999992,True
30629,4,Städtisch mit Verdichtungsansätzen,suburban,0.7985176504913365,True
30655,4,Städtisch mit Verdichtungsansätzen,suburban,0.9103132370440118,True
30657,8,Umland dörflich ohne gewerblichen Einfluss,rural,0.6747209741882092,True
30659,5,Städtisch mit gewerblicher Prägung,suburban,0.673487034789464,True
30669,5,Städtisch mit gewerblicher Prägung,suburban,0.6320605562988809,True
30823,4,Städtisch mit Verdichtungsansätzen,suburban,0.4691854467936948,False
30826,7,Umland dörflich mit geringem gewerblichem Einfluss,rural,0.6010680178968825,True
30827,6,Umland Verstädtert,suburban,0.9841182274840206,True
30851,6,Umland Verstädtert,suburban,0.9652682923343476,True
30853,6,Umland Verstädtert,suburban,0.9985176428059881,True
30855,4,Städtisch mit Verdichtungsansätzen,suburban,0.6263964964804641,True
30880,6,Umland Verstädtert,suburban,0.31397480703725783,False
30890,8,Umland dörflich ohne gewerblichen Einfluss,rural,0.4922930803744983,False
30900,7,Umland dörflich mit geringem gewerblichem Einfluss,rural,0.5946640446856509,True
30916,6,Umland Verstädtert,suburban,0.5635394120519126,True
30926,8,Umland dörflich ohne gewerblichen Einfluss,rural,0.3864664163120905,False
30938,7,Umland dörflich mit geringem gewerblichem Einfluss,rural,0.7619586842591053,True
30952,4,Städtisch mit Verdichtungsansätzen,suburban,0.3531171193649204,False
30966,8,Umland dörflich ohne gewerblichen Einfluss,rural,0.5738267115966268,True
30974,7,Umland dörflich mit geringem gewerblichem Einfluss,rural,0.5280758746275026,True
30982,8,Umland dörflich ohne gewerblichen Einfluss,rural,0.5160662609374094,True
30989,8,Umland dörflich ohne gewerblichen Einfluss,rural,0.7182255388514937,True
31008,7,Umland dörflich mit geringem gewerblichem Einfluss,rural,0.08699821500395646,False
31020,7,Umland dörflich mit geringem gewerblichem Einfluss,rural,0.08785708254330125,False
31157,8,Umland dörflich ohne gewerblichen Einfluss,rural,0.32652640159868995,False
31171,7,Umland dörflich mit geringem gewerblichem Einfluss,rural,0.08090847168108486,False
31191,6,Umland Verstädtert,suburban,0.019378197344914118,False
31226,6,Umland Verstädtert,suburban,0.40205772129791795,False
31228,6,Umland Verstädtert,suburban,0.3463199779753241,False
31234,7,Umland dörflich mit geringem gewerblichem Einfluss,rural,0.24297458788688953,False
31249,6,Umland Verstädtert,suburban,0.13669782968517774,False
31275,6,Umland Verstädtert,suburban,0.5607199205262813,True
31303,8,Umland dörflich ohne gewerblichen Einfluss,rural,0.4973843134686194,False
31311,7,Umland dörflich mit geringem gewerblichem Einfluss,rural,0.7093788057512238,True
31319,8,Umland dörflich ohne gewerblichen Einfluss,rural,0.5327857182637412,True
31515,7,Umland dörflich mit geringem gewerblichem Einfluss,rural,0.43824875807376423,False
31535,7,Umland dörflich mit geringem gewerblichem Einfluss,rural,0.4384989309139261,False
31542,8,Umland dörflich ohne gewerblichen Einfluss,rural,0.033517647436374684,False
31547,7,Umland dörflich mit geringem gewerblichem Einfluss,rural,0.32056345877307013,False
31553,8,Umland dörflich ohne gewerblichen Einfluss,rural,0.7595414196122368,True
31558,8,Umland dörflich ohne gewerblichen Einfluss,rural,0.05980949235994516,False
31559,8,Umland dörflich ohne gewerblichen Einfluss,rural,0.281141387030229,False
31628,7,Umland dörflich mit geringem gewerblichem Einfluss,rural,0.008268713358976158,False
31632,7,Umland dörflich mit geringem gewerblichem Einfluss,rural,0.2453394541547218,False
31634,8,Umland dörflich ohne gewerblichen Einfluss,rural,0.6040816958889383,True
31636,7,Umland dörflich mit geringem gewerblichem Einfluss,rural,0.16464846308216277,False
31637,8,Umland dörflich ohne gewerblichen Einfluss,rural,0.4316339431950499,False
31638,8,Umland dörflich ohne gewerblichen Einfluss,rural,0.36031934825432077,False
31832,7,Umland dörflich mit geringem gewerblichem Einfluss,rural,0.5244252875044891,True
31848,6,Umland Verstädtert,suburban,0.20498477325296716,False
31863,6,Umland Verstädtert,suburban,0.10914350519823081,False
31867,4,Städtisch mit Verdichtungsansätzen,suburban,0.1956996235655668,False
38536,7,Umland dörflich mit geringem gewerblichem Einfluss,rural,0.5542708679329822,True
