provider,plz,weekly_parcels,schedule_size,weekly_cost,cost_per_parcel
DHL,30159,23058,2,21232.85341365036,0.9208454078259328
DHL,30159,23058,3,20971.921716557532,0.9095290882365137
DHL,30159,23058,4,21118.0220864859,0.9158652999603565
DHL,30159,23058,5,21359.7458388258,0.9263485921947175
DHL,30159,23058,6,21861.036216698867,0.9480890023722295
DHL,30161,11554,2,10197.724633131797,0.8826142143960357
DHL,30161,11554,3,10142.84805851783,0.877864640688751
DHL,30161,11554,4,10239.144228408702,0.8861990850275837
DHL,30161,11554,5,10588.356218531491,0.9164234220643492
DHL,30161,11554,6,10984.814826700076,0.9507369592089385
DHL,30163,10484,2,9271.03451354301,0.8843031775603787
DHL,30163,10484,3,9444.748926989292,0.9008726561416722
DHL,30163,10484,4,9665.894577440475,0.9219662893399918
DHL,30163,10484,5,9833.849802738845,0.9379864367358685
DHL,30163,10484,6,10101.751223520625,0.9635397962152447
DHL,30165,8599,2,7840.154845540849,0.9117519299384637
DHL,30165,8599,3,8009.501938568938,0.9314457423617791
DHL,30165,8599,4,8247.830788641728,0.9591616221237037
DHL,30165,8599,5,8530.093075130899,0.9919866350890684
DHL,30165,8599,6,8821.961477975849,1.0259287682260552
DHL,30167,13892,2,12349.584174121508,0.8889709310481938
DHL,30167,13892,3,12661.144113748842,0.9113982229879674
DHL,30167,13892,4,12955.292609723201,0.9325721717336022
DHL,30167,13892,5,13288.268652726589,0.9565410777948883
DHL,30167,13892,6,13584.594723104387,0.9778717767855158
DHL,30169,5294,2,5083.889100500205,0.960311503683454
DHL,30169,5294,3,5091.101933267124,0.9616739579272996
DHL,30169,5294,4,5145.054115264063,0.9718651521088142
DHL,30169,5294,5,5226.123723448389,0.9871786406211539
DHL,30169,5294,6,5465.340989298538,1.0323651283147977
DHL,30173,8547,2,8147.3008005792035,0.9532351469029137
DHL,30173,8547,3,8224.604557142346,0.9622796954653499
DHL,30173,8547,4,8499.72568157722,0.994468899213434
DHL,30173,8547,5,8587.100700407089,1.004691786639416
DHL,30173,8547,6,8880.676376040345,1.0390401750368954
DHL,30177,6260,2,5920.89172125774,0.9458293484437285
DHL,30177,6260,3,6005.7975545968575,0.9593925806065268
DHL,30177,6260,4,6201.28172671218,0.9906200841393259
DHL,30177,6260,5,6472.556636688058,1.033954734295217
DHL,30177,6260,6,6742.357655429061,1.0770539385669426
DHL,30179,6322,2,6085.2464595783,0.9625508477662608
DHL,30179,6322,3,6177.05771440442,0.9770733493205347
DHL,30179,6322,4,6455.145085023948,1.0210605955431744
DHL,30179,6322,5,6739.966787393433,1.066113063491527
DHL,30179,6322,6,7051.701976204091,1.1154226472958069
DHL,30419,14775,2,14678.978213728595,0.9935010635349303
DHL,30419,14775,3,14815.269477996346,1.002725514585201
DHL,30419,14775,4,14979.328850337928,1.0138293638130578
DHL,30419,14775,5,15224.070232758526,1.0303939243829798
DHL,30419,14775,6,15410.704382941049,1.0430256773564162
DHL,30449,7431,2,6573.093772198885,0.8845503663300881
DHL,30449,7431,3,6650.793703104893,0.8950065540445288
DHL,30449,7431,4,6897.792525025583,0.9282455288690059
DHL,30449,7431,5,7100.454753319037,0.9555180666557713
DHL,30449,7431,6,7347.453575239728,0.9887570414802487
DHL,30453,8150,2,7680.806861456553,0.9424302897492702
DHL,30453,8150,3,7840.405172245952,0.9620129045700554
DHL,30453,8150,4,8157.427585997464,1.0009113602450876
DHL,30453,8150,5,8341.461454776405,1.0234922030400497
DHL,30453,8150,6,8658.48386852792,1.0623906587150822
DHL,30455,6748,2,6626.9714558930955,0.9820645311044895
DHL,30455,6748,3,6605.423662149648,0.9788713192278673
DHL,30455,6748,4,6889.103637267113,1.0209104382434964
DHL,30455,6748,5,7205.973747458429,1.067868071644699
DHL,30455,6748,6,7527.456030665768,1.1155091924519513
DHL,30457,6736,2,6371.644514892886,0.9459092213320793
DHL,30457,6736,3,6449.685742676056,0.9574949142927637
DHL,30457,6736,4,6748.7962010748,1.001899673556235
DHL,30457,6736,5,7049.276460611575,1.0465077880955427
DHL,30457,6736,6,7354.002647928393,1.0917462363314123
DHL,30459,6561,2,5996.231553274256,0.9139203708694187
DHL,30459,6561,3,6088.203365079273,0.9279383272487841
DHL,30459,6561,4,6343.437341231242,0.9668400154292397
DHL,30459,6561,5,6471.51811485253,0.9863615477598735
DHL,30459,6561,6,6771.123707403422,1.0320261709195888
DHL,30519,12645,2,12485.015474258022,0.987348001127562
DHL,30519,12645,3,12600.669958569273,0.99649426323205
DHL,30519,12645,4,12774.114579934618,1.010210722019345
DHL,30519,12645,5,12972.43785420795,1.0258946503920878
DHL,30519,12645,6,13308.820557103656,1.052496683044971
DHL,30539,8372,2,8119.0719452708645,0.9697888133386126
DHL,30539,8372,3,8195.294734134353,0.9788933031694164
DHL,30539,8372,4,8555.544181592442,1.0219235763966128
DHL,30539,8372,5,8920.172569260612,1.065476895516079
DHL,30539,8372,6,9286.525269235735,1.1092361764495622
DHL,30559,12320,2,11309.307107771274,0.9179632392671488
DHL,30559,12320,3,11465.22027285365,0.9306185286407184
DHL,30559,12320,4,11660.75035016818,0.94648947647469
DHL,30559,12320,5,11885.483122439953,0.9647307729253208
DHL,30559,12320,6,12284.837795811716,0.9971459249847172
DHL,30625,7084,2,7128.540269367256,1.0062874462686697
DHL,30625,7084,3,7181.224763092473,1.0137245571841436
DHL,30625,7084,4,7487.514396864476,1.0569613773100615
DHL,30625,7084,5,7779.7590112949265,1.0982155577773753
DHL,30625,7084,6,8086.04864506693,1.1414523779032932
DHL,30627,4809,2,4699.2840313232045,0.9771852841179465
DHL,30627,4809,3,4740.319675687137,0.9857183771443412
DHL,30627,4809,4,4976.208624374823,1.0347699364472493
DHL,30627,4809,5,5238.703173664245,1.0893539558461727
DHL,30627,4809,6,5514.281577292458,1.14665867691671
DHL,30629,5907,2,5775.421654190637,0.9777250134062362
DHL,30629,5907,3,5870.057827668337,0.993746034817731
DHL,30629,5907,4,6215.588248254781,1.0522411119442663
DHL,30629,5907,5,6569.029318081634,1.112075388197331
DHL,30629,5907,6,6938.7092279943945,1.174658748602403
DHL,30655,7945,2,7777.786461396818,0.9789536137692659
DHL,30655,7945,3,8043.360526972716,1.0123801796063834
DHL,30655,7945,4,8140.157483078508,1.0245635598588432
DHL,30655,7945,5,8459.053224543555,1.0647014757134745
DHL,30655,7945,6,8750.574451506249,1.1013938894280992
DHL,30657,9056,2,9052.078900757915,0.9995670164264482
DHL,30657,9056,3,9236.05388096853,1.0198822748419312
DHL,30657,9056,4,9524.571834500719,1.0517415894987543
DHL,30657,9056,5,9723.56881417649,1.0737156376078278
DHL,30657,9056,6,10074.373015474968,1.1124528506487377
DHL,30659,6829,2,6998.265379977967,1.0247862615284766
DHL,30659,6829,3,7108.341816916753,1.0409052301825674
DHL,30659,6829,4,7410.679665445731,1.0851778687136815
DHL,30659,6829,5,7516.381950359701,1.1006563113720458
DHL,30659,6829,6,7845.484492740136,1.1488482197598677
DHL,30823,9437,2,8922.495678688065,0.9454800973495883
DHL,30823,9437,3,9100.114365298643,0.9643016176007887
DHL,30823,9437,4,9372.869679439169,0.9932043742120557
DHL,30823,9437,5,9760.747608531641,1.0343061999079837
DHL,30823,9437,6,10192.119285049352,1.080016878780264
DHL,30826,8281,2,7884.778458452964,0.9521529354489752
DHL,30826,8281,3,8042.978390161787,0.9712569001523713
DHL,30826,8281,4,8407.330784282643,1.0152554986454103
DHL,30826,8281,5,8837.460491478787,1.067197257756163
DHL,30826,8281,6,9274.347761713358,1.119955049114039
DHL,30827,8048,2,7669.8155741429455,0.9530088934074237
DHL,30827,8048,3,7822.962657004235,0.9720381035045024
DHL,30827,8048,4,7996.077699683064,0.9935484219288101
DHL,30827,8048,5,8157.43247388171,1.0135974743888805
DHL,30827,8048,6,8484.780198320623,1.0542718934295008
DHL,30851,6654,2,6651.505770089609,0.9996251533047202
DHL,30851,6654,3,6692.900858604466,1.0058462366402865
DHL,30851,6654,4,6743.607404932818,1.0134666974651063
DHL,30851,6654,5,6811.879421855096,1.0237269945679435
DHL,30851,6654,6,7071.466064386362,1.0627391139745057
DHL,30853,7164,2,7385.487818770737,1.0309167809562727
DHL,30853,7164,3,7482.553158103319,1.0444658232975041
DHL,30853,7164,4,7597.98382587196,1.0605784234885482
DHL,30853,7164,5,7727.199217203536,1.0786151894477298
DHL,30853,7164,6,8081.264573628573,1.1280380476868472
DHL,30855,32854,2,34284.3165890745,1.0435355387190144
DHL,30855,32854,3,32694.13295174917,0.9951340156982154
DHL,30855,32854,4,32712.90922887573,0.9957055222766096
DHL,30855,32854,5,32751.506528702565,0.9968803350795205
DHL,30855,32854,6,33051.88482630373,1.0060231577982508
DHL,30880,16161,2,16112.218415071386,0.9969815243531579
DHL,30880,16161,3,16250.509830875326,1.0055386319457538
DHL,30880,16161,4,16666.84343320364,1.031300255751726
DHL,30880,16161,5,17094.18880160134,1.0577432585608155
DHL,30880,16161,6,17543.588543093058,1.0855509277330027
DHL,30890,13989,2,13832.764612789879,0.988831554277638
DHL,30890,13989,3,14269.214805103824,1.0200310819289315
DHL,30890,13989,4,14735.095224692948,1.05333442166652
DHL,30890,13989,5,15278.059830001279,1.0921481042248395
DHL,30890,13989,6,15879.606630236107,1.1351495196394386
DHL,30900,14609,2,15010.284088156157,1.0274682790167813
DHL,30900,14609,3,15383.861354130164,1.053039999598204
DHL,30900,14609,4,15995.2403088405,1.0948894728482785
DHL,30900,14609,5,16700.926597014728,1.1431943731271632
DHL,30900,14609,6,17392.37023957678,1.190524350713723
DHL,30916,14499,2,15303.88587899421,1.0555131994616325
DHL,30916,14499,3,15622.987457362588,1.0775217226955367
DHL,30916,14499,4,15867.86252473094,1.0944108231416607
DHL,30916,14499,5,16260.756254761898,1.1215088112809088
DHL,30916,14499,6,16814.19217447788,1.159679438201109
DHL,30926,13519,2,12671.9648472766,0.9373448366947703
DHL,30926,13519,3,12994.541448565025,0.9612058176318533
DHL,30926,13519,4,13419.995921587028,0.9926766714688237
DHL,30926,13519,5,13951.702621933238,1.032006999181392
DHL,30926,13519,6,14504.627248139497,1.0729068161949475
DHL,30938,12030,2,13024.14883821446,1.0826391386711938
DHL,30938,12030,3,13187.314832648208,1.0962023967288619
DHL,30938,12030,4,13601.712725181442,1.1306494368396875
DHL,30938,12030,5,14225.980763719042,1.182542041871907
DHL,30938,12030,6,14869.056447491392,1.2359980421854857
DHL,30952,9709,2,9825.223938962023,1.0119707425030406
DHL,30952,9709,3,10044.001653158193,1.03450423866085
DHL,30952,9709,4,10284.45608148095,1.0592703760923834
DHL,30952,9709,5,10715.478070457564,1.1036644423171866
DHL,30952,9709,6,11193.92604771929,1.1529432534472437
DHL,30966,9182,2,9336.21292932867,1.0167951349737172
DHL,30966,9182,3,9518.781389836464,1.036678434963675
DHL,30966,9182,4,9815.513351598946,1.0689951373991446
DHL,30966,9182,5,10142.509061177489,1.1046078263098986
DHL,30966,9182,6,10553.71005028791,1.1493912056510465
DHL,30974,6515,2,6232.887111806391,0.9566979450201675
DHL,30974,6515,3,6448.428494422082,0.9897818103487462
DHL,30974,6515,4,6854.458850810763,1.0521041981290502
DHL,30974,6515,5,7326.546395805718,1.1245658320499952
DHL,30974,6515,6,7801.066164557959,1.197400792718029
DHL,30982,6551,2,6450.221886776058,0.9846163771601372
DHL,30982,6551,3,6856.008795304211,1.0465591200281195
DHL,30982,6551,4,7241.9215062262165,1.105468097424243
DHL,30982,6551,5,7686.763101313377,1.1733724776848384
DHL,30982,6551,6,8143.622738570672,1.2431113934621694
DHL,30989,6841,2,7167.914685561755,1.047787558187656
DHL,30989,6841,3,7425.38028027579,1.0854232247150695
DHL,30989,6841,4,7890.679133236414,1.1534394289192242
DHL,30989,6841,5,8149.023366726813,1.1912035326307284
DHL,30989,6841,6,8614.322219687436,1.2592197368348832
DHL,31275,18743,2,18039.66859251783,0.9624749822609951
DHL,31275,18743,3,18332.633201279423,0.9781055968243837
DHL,31275,18743,4,18940.317762752034,1.010527544296646
DHL,31275,18743,5,19509.19217822135,1.0408788442736676
DHL,31275,18743,6,20219.957663244943,1.0788004942242406
DHL,31303,12605,2,12039.725071343959,0.9551547061756414
DHL,31303,12605,3,12550.972184258359,0.9957137789970931
DHL,31303,12605,4,13090.828508273875,1.0385425234648056
DHL,31303,12605,5,13701.193464479402,1.0869649713986038
DHL,31303,12605,6,14306.83260882449,1.1350125036750884
DHL,31311,8577,2,8687.709513340757,1.0129077198718381
DHL,31311,8577,3,8986.933323669753,1.0477944880109307
DHL,31311,8577,4,9313.66944610817,1.0858889409010342
DHL,31311,8577,5,9822.438444718215,1.1452067674849264
DHL,31311,8577,6,10372.256925475762,1.209310589422381
DHL,31319,10967,2,10444.944225099138,0.9523975768304128
DHL,31319,10967,3,10702.841323327688,0.9759133147923487
DHL,31319,10967,4,11169.123856857705,1.0184301866378869
DHL,31319,10967,5,11643.281321998553,1.0616651155282715
DHL,31319,10967,6,12163.704459843359,1.1091186705428429
DHL,31515,19286,2,19415.95145273886,1.0067381236512942
DHL,31515,19286,3,19765.594879305783,1.0248675142230521
DHL,31515,19286,4,20064.107574643513,1.0403457209708344
DHL,31515,19286,5,20539.67003497932,1.0650041499004108
DHL,31515,19286,6,21134.872068684923,1.0958660203611388
DHL,31535,18533,2,19841.473983863165,1.0706023840642727
DHL,31535,18533,3,20539.02789559698,1.1082408620081465
DHL,31535,18533,4,21403.765267529823,1.1549001924960784
DHL,31535,18533,5,22354.74451588369,1.2062129453344677
DHL,31535,18533,6,23552.64033385361,1.2708487742866028
DHL,31832,11902,2,12075.813459876854,1.0146037186923924
DHL,31832,11902,3,12513.634538668288,1.0513892235479994
DHL,31832,11902,4,12879.476657775853,1.082127092738687
DHL,31832,11902,5,13530.129776474101,1.136794637579743
DHL,31832,11902,6,14184.516979025713,1.1917759182511942
Amazon,30159,9019,2,10079.34341768037,1.1175677367424737
Amazon,30159,9019,3,10292.301574935169,1.1411799063017152
Amazon,30159,9019,4,10691.541703717598,1.1854464689785562
Amazon,30159,9019,5,11111.151201081944,1.2319715268967673
Amazon,30159,9019,6,11543.448574652906,1.279903378939229
Amazon,30161,4512,2,5012.429669470662,1.1109108309997033
Amazon,30161,4512,3,5287.895954254642,1.171962755818848
Amazon,30161,4512,4,5600.113194376017,1.241159839179082
Amazon,30161,4512,5,5889.2287886797585,1.3052368769237053
Amazon,30161,4512,6,6203.097292659824,1.3747999318838262
Amazon,30163,4469,2,4931.034727771004,1.1033866027681818
Amazon,30163,4469,3,5022.41870706474,1.1238350206007475
Amazon,30163,4469,4,5283.733220717515,1.1823077244836686
Amazon,30163,4469,5,5586.363762243193,1.250025455861086
Amazon,30163,4469,6,5877.30725130856,1.315128049073296
Amazon,30165,3574,2,3996.074548939181,1.1180958446947904
Amazon,30165,3574,3,4283.046265274982,1.1983901133953503
Amazon,30165,3574,4,4358.731099102198,1.219566619782372
Amazon,30165,3574,5,4446.835514432081,1.24421810700394
Amazon,30165,3574,6,4741.540825363843,1.3266762242204375
Amazon,30167,5730,2,6172.690739341349,1.0772584187332197
Amazon,30167,5730,3,6496.508873601527,1.1337711821294114
Amazon,30167,5730,4,6609.965043486148,1.1535715608178267
Amazon,30167,5730,5,6738.221734627576,1.1759549275091754
Amazon,30167,5730,6,7063.285300132031,1.2326850436530594
Amazon,30173,3759,2,4334.220654708159,1.1530249147933382
Amazon,30173,3759,3,4412.7289093133295,1.173910324371729
Amazon,30173,3759,4,4482.292774161969,1.1924162740521331
Amazon,30173,3759,5,4801.639262703199,1.2773714452522478
Amazon,30173,3759,6,5099.420782285499,1.3565897265989622
Amazon,30177,2906,2,3349.74234678742,1.152698674049353
Amazon,30177,2906,3,3409.762136218528,1.1733524212727213
Amazon,30177,2906,4,3686.0610574857965,1.2684311966571908
Amazon,30177,2906,5,3980.597629672562,1.3697858326471308
Amazon,30177,2906,6,4292.321157663563,1.4770547686385282
Amazon,30179,2781,2,3319.273480498553,1.1935539304201916
Amazon,30179,2781,3,3385.707429630842,1.2174424414350384
Amazon,30179,2781,4,3708.514515272357,1.3335183442187548
Amazon,30179,2781,5,4034.954443030594,1.450900554847391
Amazon,30179,2781,6,4362.802160577875,1.5687889825882326
Amazon,30419,6859,2,7192.35470822183,1.048601065493779
Amazon,30419,6859,3,7660.245574687284,1.1168166751257156
Amazon,30419,6859,4,7877.684613099715,1.148517949132485
Amazon,30419,6859,5,8347.812778631882,1.2170597432033652
Amazon,30419,6859,6,8565.25181704431,1.2487610172101342
Amazon,30449,5275,2,6039.927910575891,1.1450100304409272
Amazon,30449,5275,3,6129.343612210721,1.1619608743527434
Amazon,30449,5275,4,6240.740549191275,1.1830787770978721
Amazon,30449,5275,5,6611.973204752588,1.2534546359720546
Amazon,30449,5275,6,6996.619516780837,1.3263733681101113
Amazon,30453,3593,2,4028.494879264942,1.1212064790606573
Amazon,30453,3593,3,4134.155922717084,1.1506139501021664
Amazon,30453,3593,4,4466.6024756742745,1.2431401268227873
Amazon,30453,3593,5,4598.302709390035,1.2797947980489937
Amazon,30453,3593,6,4930.749262347224,1.3723209747696143
Amazon,30455,3165,2,3839.3893424532766,1.2130772014070383
Amazon,30455,3165,3,3944.4041944946757,1.2462572494453952
Amazon,30455,3165,4,4072.764775807166,1.2868135152629276
Amazon,30455,3165,5,4415.188683037697,1.3950043232346594
Amazon,30455,3165,6,4776.808140775345,1.5092600760743586
Amazon,30457,3134,2,3683.7210428356934,1.1754055656782685
Amazon,30457,3134,3,3835.739480202572,1.2239117677736349
Amazon,30457,3134,4,4171.907310891548,1.3311765510183626
Amazon,30457,3134,5,4537.291528003586,1.4477637294204166
Amazon,30457,3134,6,4906.966045819828,1.5657198614613361
Amazon,30459,3087,2,3904.8592157698026,1.2649365778327835
Amazon,30459,3087,3,3780.537057992061,1.2246637700006675
Amazon,30459,3087,4,4112.865974420211,1.3323180999093656
Amazon,30459,3087,5,4457.566232751863,1.4439799911732631
Amazon,30459,3087,6,4803.053925208818,1.555896963138587
Amazon,30519,5508,2,6523.571228584351,1.1843811235628814
Amazon,30519,5508,3,6947.410214345988,1.2613308304912831
Amazon,30519,5508,4,7212.783333537532,1.3095104091389853
Amazon,30519,5508,5,7637.428545290667,1.3866064897041879
Amazon,30519,5508,6,8108.811515646093,1.4721880021143958
Amazon,30539,3516,2,4577.659938343697,1.301951063237684
Amazon,30539,3516,3,4774.860606442548,1.3580377151429317
Amazon,30539,3516,4,4950.251312417332,1.4079213061482743
Amazon,30539,3516,5,5380.899374678325,1.5304036901815488
Amazon,30539,3516,6,5560.961239433548,1.5816158246398033
Amazon,30559,5369,2,6709.365153527325,1.2496489390067655
Amazon,30559,5369,3,6912.828977138397,1.287544976185211
Amazon,30559,5369,4,7129.402441976167,1.3278827420331845
Amazon,30559,5369,5,7572.316054363028,1.4103773615874517
Amazon,30559,5369,6,8043.925348778871,1.4982166788561875
Amazon,30625,3180,2,4009.473454167979,1.260840708857855
Amazon,30625,3180,3,4113.527641976694,1.2935621515649982
Amazon,30625,3180,4,4220.383531081716,1.3271646324156339
Amazon,30625,3180,5,4574.335065156484,1.438470146275624
Amazon,30625,3180,6,4930.643569462649,1.5505168457429714
Amazon,30627,2090,2,2704.0312631367497,1.2937948627448563
Amazon,30627,2090,3,2755.2133220549736,1.3182838861507051
Amazon,30627,2090,4,2816.4849262533376,1.3476004431834152
Amazon,30627,2090,5,3137.3209636936836,1.5011105089443462
Amazon,30627,2090,6,3475.653380078446,1.6629920478844238
Amazon,30629,2757,2,3706.608969322112,1.3444356072985535
Amazon,30629,2757,3,3856.3932833918643,1.3987643392788771
Amazon,30629,2757,4,4014.7856293053746,1.4562153171220076
Amazon,30629,2757,5,4417.8090740303,1.6023971976896263
Amazon,30629,2757,6,4836.393814762198,1.7542233640776925
Amazon,30655,3642,2,4429.533361208496,1.2162365077453312
Amazon,30655,3642,3,4569.079890354602,1.2545524136064257
Amazon,30655,3642,4,4687.5631051392165,1.2870848723611248
Amazon,30655,3642,5,5065.490315883334,1.3908540131475382
Amazon,30655,3642,6,5183.973530667949,1.4233864719022373
Amazon,30657,3559,2,4212.260926113906,1.1835518196442556
Amazon,30657,3559,3,4378.10997639906,1.2301517213821465
Amazon,30657,3559,4,4713.076522554724,1.3242698855169215
Amazon,30657,3559,5,4879.634392160669,1.3710689497501178
Amazon,30657,3559,6,5250.034768988788,1.4751432337703814
Amazon,30659,3002,2,3789.9337751798184,1.2624696119852827
Amazon,30659,3002,3,3929.1784715915546,1.308853588138426
Amazon,30659,3002,4,4300.948853553788,1.4326944881924675
Amazon,30659,3002,5,4682.024766074673,1.559635165248059
Amazon,30659,3002,6,5053.7951480369065,1.6834760653021008
Amazon,30823,4370,2,4492.624477717678,1.0280605212168599
Amazon,30823,4370,3,4617.39491059534,1.0566121076877208
Amazon,30823,4370,4,4887.945129154154,1.1185229128499208
Amazon,30823,4370,5,5256.661650534808,1.2028974028683772
Amazon,30823,4370,6,5712.703390621835,1.3072547804626624
Amazon,30826,3852,2,4163.138959029786,1.0807733538498925
Amazon,30826,3852,3,4542.177219661864,1.179173733037867
Amazon,30826,3852,4,4777.624492525385,1.240297116439612
Amazon,30826,3852,5,5217.097175503544,1.3543865980019585
Amazon,30826,3852,6,5679.935753249681,1.474541992017051
Amazon,30827,3498,2,3702.124316631157,1.0583545787967858
Amazon,30827,3498,3,3837.309504501346,1.0970010018585894
Amazon,30827,3498,4,3994.433164389065,1.1419191436218026
Amazon,30827,3498,5,4335.16183582896,1.2393258535817495
Amazon,30827,3498,6,4493.7578468679185,1.2846649076237617
Amazon,30851,3032,2,3522.7248708919183,1.1618485721939045
Amazon,30851,3032,3,3589.673091162479,1.1839291197765431
Amazon,30851,3032,4,3897.108207085623,1.2853259258197964
Amazon,30851,3032,5,4204.9301362109145,1.3868503087766868
Amazon,30851,3032,6,4523.227180611186,1.4918295450564596
Amazon,30853,2911,2,3377.5368717989895,1.1602668745444829
Amazon,30853,2911,3,3480.039243568061,1.195478956911048
Amazon,30853,2911,4,3813.9640272189117,1.3101903219577162
Amazon,30853,2911,5,3958.68150583851,1.3599043304151528
Amazon,30853,2911,6,4308.40685042376,1.4800435762362625
Amazon,30855,13592,2,14110.695083013585,1.0381617924524416
Amazon,30855,13592,3,14303.64125889535,1.0523573616020712
Amazon,30855,13592,4,14760.185602050075,1.085946556948946
Amazon,30855,13592,5,15305.470780516716,1.1260646542463741
Amazon,30855,13592,6,16057.433044200578,1.1813885406268818
Amazon,30880,6971,2,8940.914500158058,1.2825870750477777
Amazon,30880,6971,3,9296.539382958565,1.3336019771852767
Amazon,30880,6971,4,9852.262929182822,1.4133213210705524
Amazon,30880,6971,5,10217.12610586955,1.4656614697847583
Amazon,30880,6971,6,10772.849652093808,1.5453808136700342
Amazon,30890,6502,2,7974.238336353481,1.2264285352742972
Amazon,30890,6502,3,8291.220855121668,1.2751800761491339
Amazon,30890,6502,4,8656.274852300545,1.3313249542141719
Amazon,30890,6502,5,9253.081927275918,1.4231131847548322
Amazon,30890,6502,6,9853.7437512148,1.5154942711803754
Amazon,30900,6667,2,8744.297066495516,1.311578981025276
Amazon,30900,6667,3,9183.706468137087,1.3774870958657697
Amazon,30900,6667,4,9957.854394888138,1.4936034790592678
Amazon,30900,6667,5,10745.423006034976,1.6117328642620334
Amazon,30900,6667,6,11556.995988832972,1.7334627251886865
Amazon,30916,6164,2,7589.624687700453,1.2312823957982566
Amazon,30916,6164,3,8107.300018158658,1.3152660639452722
Amazon,30916,6164,4,8672.242237215189,1.4069179489317307
Amazon,30916,6164,5,9272.574646938006,1.504311266537639
Amazon,30916,6164,6,9855.54253932914,1.5988874982688417
Amazon,30926,6338,2,6794.244528796124,1.0719855678125787
Amazon,30926,6338,3,7259.705894765206,1.1454253541756398
Amazon,30926,6338,4,7609.808122308777,1.2006639511373898
Amazon,30926,6338,5,8086.932179449709,1.2759438591747727
Amazon,30926,6338,6,8662.306894601126,1.3667256065953182
Amazon,30938,5072,2,6972.703463275314,1.374744373674155
Amazon,30938,5072,3,7301.9118800090955,1.439651395900847
Amazon,30938,5072,4,7655.707554869898,1.5094060636573141
Amazon,30938,5072,5,8283.67726708929,1.6332171267920523
Amazon,30938,5072,6,8904.621903543628,1.7556431197838382
Amazon,30952,4476,2,5537.12838406811,1.2370706845549844
Amazon,30952,4476,3,5780.344252086272,1.2914084566770043
Amazon,30952,4476,4,6255.606692782214,1.3975886266269468
Amazon,30952,4476,5,6521.679625005808,1.4570329814579552
Amazon,30952,4476,6,6996.942065701751,1.563213151407898
Amazon,30966,4221,2,5288.310367757343,1.2528572299827867
Amazon,30966,4221,3,5530.961912843733,1.3103439736658928
Amazon,30966,4221,4,5995.1530067339345,1.4203158035380086
Amazon,30966,4221,5,6486.28444076326,1.536670087837778
Amazon,30966,4221,6,6958.9314253511775,1.6486452085646002
Amazon,30974,2971,2,4068.969230617839,1.3695621779258966
Amazon,30974,2971,3,4290.243916598465,1.4440403623690559
Amazon,30974,2971,4,4591.932356396535,1.5455847715908904
Amazon,30974,2971,5,4935.564116153506,1.6612467573724354
Amazon,30974,2971,6,5404.421973123484,1.8190582205060533
Amazon,30982,3044,2,4260.061054368502,1.3994944331039756
Amazon,30982,3044,3,4528.126280600676,1.487557910841221
Amazon,30982,3044,4,4919.745154860328,1.6162106290605545
Amazon,30982,3044,5,5457.832608177401,1.7929804888887653
Amazon,30982,3044,6,5998.71939613078,1.970669972447694
Amazon,30989,3112,2,4098.895006818763,1.3171256448646411
Amazon,30989,3112,3,4099.7310454943145,1.317394294824651
Amazon,30989,3112,4,4536.645522976418,1.4577909778201856
Amazon,30989,3112,5,4978.848404263207,1.5998870193647838
Amazon,30989,3112,6,5457.103818087936,1.7535680649382828
Amazon,31275,8588,2,11275.258454571578,1.3129085298755914
Amazon,31275,8588,3,11838.840679019682,1.3785329155821708
Amazon,31275,8588,4,12538.17639266202,1.4599646474920844
Amazon,31275,8588,5,13200.193623653075,1.5370509575748805
Amazon,31275,8588,6,13943.98706667291,1.6236594162404412
Amazon,31303,5793,2,7971.252353481397,1.3760145612776449
Amazon,31303,5793,3,8419.825646778478,1.4534482386981664
Amazon,31303,5793,4,8947.868847768372,1.5446001808680083
Amazon,31303,5793,5,9610.842910829213,1.659044175872469
Amazon,31303,5793,6,10287.327305379691,1.7758203530777992
Amazon,31311,3965,2,6018.266797767092,1.5178478682893044
Amazon,31311,3965,3,6449.988367570322,1.6267309880379124
Amazon,31311,3965,4,6974.137425426321,1.7589249496661592
Amazon,31311,3965,5,7639.823936931833,1.9268156209159728
Amazon,31311,3965,6,8406.70662219208,2.1202286562905623
Amazon,31319,5228,2,7315.410723246427,1.399275195724259
Amazon,31319,5228,3,7638.321408932421,1.4610408203772802
Amazon,31319,5228,4,7980.3892970613215,1.5264707913277202
Amazon,31319,5228,5,8325.433814463522,1.5924701251843003
Amazon,31319,5228,6,8925.409152308914,1.7072320490261885
Amazon,31515,8733,2,10294.125241148267,1.1787616215674186
Amazon,31515,8733,3,10766.872308170241,1.2328950312802291
Amazon,31515,8733,4,11169.198390179787,1.2789646616488934
Amazon,31515,8733,5,11685.386549517092,1.3380724320986022
Amazon,31515,8733,6,12267.335200261212,1.4047103172175899
Amazon,31535,8625,2,11556.695600781357,1.3399067363224761
Amazon,31535,8625,3,12410.534579647172,1.4389025599590923
Amazon,31535,8625,4,13172.666401415041,1.5272656697292801
Amazon,31535,8625,5,14053.364313626493,1.629375572594376
Amazon,31535,8625,6,15064.786349077707,1.7466418955452414
Amazon,31832,5466,2,7558.396670081433,1.3828021716211916
Amazon,31832,5466,3,8318.659768690555,1.5218916517911736
Amazon,31832,5466,4,8826.507645463473,1.6148019841682169
Amazon,31832,5466,5,9599.750326789212,1.7562660678355675
Amazon,31832,5466,6,10429.389258721578,1.9080477970584664
DPD,30159,4783,2,5349.5132002197915,1.1184430692493814
DPD,30159,4783,3,5491.356902436557,1.1480988715108837
DPD,30159,4783,4,5894.718273160495,1.2324311672925978
DPD,30159,4783,5,6301.266922230548,1.3174298394795207
DPD,30159,4783,6,6710.202507037614,1.402927557398623
DPD,30161,2359,2,2807.160665998623,1.1899790869006455
DPD,30161,2359,3,2839.2283163617712,1.2035728344051595
DPD,30161,2359,4,2889.0233165489444,1.224681355044063
DPD,30161,2359,5,3179.553008395022,1.3478393422615609
DPD,30161,2359,6,3482.081194853271,1.4760835925617934
DPD,30163,2106,2,2558.0414455016726,1.2146445610169385
DPD,30163,2106,3,2614.79582151156,1.2415934575078633
DPD,30163,2106,4,2887.3417544646263,1.3710074807524342
DPD,30163,2106,5,2952.6564169830394,1.402021090685204
DPD,30163,2106,6,3289.3929863970448,1.5619149982891951
DPD,30165,1757,2,2343.693894573791,1.3339179821137115
DPD,30165,1757,3,2406.4458863229474,1.3696334014359406
DPD,30165,1757,4,2511.820929607989,1.4296078142333462
DPD,30165,1757,5,2852.3024694134424,1.6233935511744122
DPD,30165,1757,6,3194.014143493747,1.81787942145347
DPD,30167,2824,2,3442.4851227306854,1.2190103125816873
DPD,30167,2824,3,3557.0398883051494,1.2595750312695289
DPD,30167,2824,4,3897.771405817105,1.380230667782261
DPD,30167,2824,5,4244.438092969669,1.5029879932612142
DPD,30167,2824,6,4615.715941547309,1.6344603192447977
DPD,30173,1708,2,2060.647426971185,1.206468048577977
DPD,30173,1708,3,2143.350764751738,1.2548892065291206
DPD,30173,1708,4,2431.934720154985,1.4238493677722395
DPD,30173,1708,5,2743.914061391659,1.6065070617047184
DPD,30173,1708,6,3066.477651297526,1.795361622539535
DPD,30177,1250,2,1533.2244827255051,1.226579586180404
DPD,30177,1250,3,1610.114768504413,1.2880918148035303
DPD,30177,1250,4,1694.3674649543154,1.3554939719634524
DPD,30177,1250,5,1997.9187562179795,1.5983350049743836
DPD,30177,1250,6,2316.194074242987,1.8529552593943897
DPD,30179,1256,2,1608.436426882592,1.2806022507027006
DPD,30179,1256,3,1687.2555097229492,1.3433562975501188
DPD,30179,1256,4,1788.481594379246,1.4239503139962149
DPD,30179,1256,5,2122.090724784935,1.6895626789688973
DPD,30179,1256,6,2463.5049177895826,1.961389265756037
DPD,30419,2858,2,3747.3780467217157,1.311188959664701
DPD,30419,2858,3,4027.526852437355,1.4092116348626156
DPD,30419,2858,4,4472.662331700616,1.5649623273969966
DPD,30419,2858,5,4926.310027104323,1.7236914020658933
DPD,30419,2858,6,5411.193124065672,1.8933495885464213
DPD,30449,2554,2,3190.796050077018,1.249332830883719
DPD,30449,2554,3,3313.5603857768274,1.2974003076651635
DPD,30449,2554,4,3651.0590777636294,1.4295454493984454
DPD,30449,2554,5,3804.5071510444022,1.4896269189680509
DPD,30449,2554,6,4192.572497703365,1.641571064096854
DPD,30453,1619,2,2263.690186226157,1.398202709219368
DPD,30453,1619,3,2372.389196933495,1.4653423081738697
DPD,30453,1619,4,2752.79378934197,1.7003049965052315
DPD,30453,1619,5,3141.648472289374,1.9404870119143753
DPD,30453,1619,6,3565.743171288911,2.2024355597831446
DPD,30455,1318,2,2057.904434854685,1.561384244958031
DPD,30455,1318,3,2206.431471837626,1.674075471803965
DPD,30455,1318,4,2363.1318630218525,1.7929680296068684
DPD,30455,1318,5,2787.706585713831,2.1151036310423605
DPD,30455,1318,6,3216.6529345221443,2.4405560959955572
DPD,30457,1335,2,1990.3963575185194,1.4909336011374676
DPD,30457,1335,3,2108.448128665213,1.5793618941312457
DPD,30457,1335,4,2260.7045709898493,1.6934116636628085
DPD,30457,1335,5,2667.9483204757266,1.9984631614050388
DPD,30457,1335,6,3113.8525749573064,2.3324738389193307
DPD,30459,1284,2,1698.22239827922,1.3226031139246262
DPD,30459,1284,3,1842.773929769961,1.435182188294362
DPD,30459,1284,4,2043.6073578074797,1.5915945154263862
DPD,30459,1284,5,2374.3679805739002,1.8491962465528817
DPD,30459,1284,6,2784.850697937263,2.1688868363997376
DPD,30519,2540,2,3241.4976470836664,1.2761801760171916
DPD,30519,2540,3,3431.998787027591,1.3511806248140121
DPD,30519,2540,4,3648.7629023280588,1.4365208276882122
DPD,30519,2540,5,4061.4398639101455,1.598992072405569
DPD,30519,2540,6,4477.761441927955,1.762898205483447
DPD,30539,1695,2,2151.608895471557,1.2693857790392666
DPD,30539,1695,3,2356.8264496688444,1.3904580824004982
DPD,30539,1695,4,2713.8490513464167,1.6010908857500983
DPD,30539,1695,5,3081.071263414301,1.8177411583565197
DPD,30539,1695,6,3458.5057201095606,2.0404163540469384
DPD,30559,2467,2,2865.005790613366,1.1613318972895688
DPD,30559,2467,3,3073.0612500344105,1.2456673084857763
DPD,30559,2467,4,3366.2517642750436,1.3645122676429038
DPD,30559,2467,5,3742.5180739643038,1.5170320526811123
DPD,30559,2467,6,4187.2693912988225,1.6973122785970096
DPD,30625,1405,2,1811.978706835036,1.2896645600249368
DPD,30625,1405,3,1952.7093876076406,1.389828745628214
DPD,30625,1405,4,2264.6336912266916,1.611838926139994
DPD,30625,1405,5,2604.337932191907,1.8536213040511793
DPD,30625,1405,6,2951.061938733617,2.100399956394033
DPD,30627,971,2,1280.106575035703,1.3183383882962956
DPD,30627,971,3,1335.9743373804608,1.375874703790382
DPD,30627,971,4,1410.5612818519417,1.4526892707023087
DPD,30627,971,5,1685.1672477881689,1.7354966506572285
DPD,30627,971,6,1759.7541922596497,1.8123112175691551
DPD,30629,1173,2,1571.1365131526318,1.3394173172656707
DPD,30629,1173,3,1675.1823021041034,1.4281179046070789
DPD,30629,1173,4,1811.397969483554,1.5442437932511117
DPD,30629,1173,5,1971.3935800343254,1.6806424382219314
DPD,30629,1173,6,2336.275720880769,1.9917099069742275
DPD,30655,1537,2,1822.9269043774239,1.1860292156001457
DPD,30655,1537,3,1969.9463662036426,1.2816827366321681
DPD,30655,1537,4,2287.146776932331,1.4880590611140734
DPD,30655,1537,5,2631.2804621754067,1.7119586611420994
DPD,30655,1537,6,2981.043325207656,1.9395207060557293
DPD,30657,1866,2,2373.5261745315747,1.2719861599847668
DPD,30657,1866,3,2494.7481925862976,1.3369497280741145
DPD,30657,1866,4,2657.068907690796,1.4239383213777042
DPD,30657,1866,5,3025.5474023739457,1.62140803985742
DPD,30657,1866,6,3401.216151933136,1.8227310567701696
DPD,30659,1368,2,1814.944994511701,1.3267141772746351
DPD,30659,1368,3,1964.7346183950983,1.4362095163706858
DPD,30659,1368,4,2122.076187643619,1.5512252833652187
DPD,30659,1368,5,2459.000878281687,1.7975152619018182
DPD,30659,1368,6,2805.14347087804,2.050543472864064
DPD,30823,1867,2,2704.276343808323,1.4484608161801409
DPD,30823,1867,3,2933.601472824169,1.5712916297933417
DPD,30823,1867,4,3224.684834376021,1.7272013038971725
DPD,30823,1867,5,3664.6262318423487,1.9628421166804224
DPD,30823,1867,6,4111.0917592057,2.2019773750432248
DPD,30826,1639,2,2609.770207431381,1.592294208316889
DPD,30826,1639,3,2916.711850926841,1.779567938332423
DPD,30826,1639,4,3373.793717788527,2.058446441603738
DPD,30826,1639,5,3858.2337567746167,2.354016935188906
DPD,30826,1639,6,4351.923004302707,2.6552306310571736
DPD,30827,1601,2,2347.9417401250007,1.4665469957058093
DPD,30827,1601,3,2534.4316446188245,1.5830303838968298
DPD,30827,1601,4,2969.492169650474,1.854773372673625
DPD,30827,1601,5,3383.941660369823,2.1136425111616632
DPD,30827,1601,6,3869.9784058547975,2.4172257375732653
DPD,30851,1281,2,1624.4655754927285,1.268123009752325
DPD,30851,1281,3,1710.691467369516,1.335434400756843
DPD,30851,1281,4,2026.6694625863129,1.5820995024092996
DPD,30851,1281,5,2147.906055735339,1.6767416516278995
DPD,30851,1281,6,2516.708998423718,1.9646440268725356
DPD,30853,1470,2,1922.9850781670439,1.3081531143993497
DPD,30853,1470,3,2079.4735176579934,1.4146078351414921
DPD,30853,1470,4,2417.6496744129727,1.6446596424578046
DPD,30853,1470,5,2785.248644201959,1.89472696884487
DPD,30853,1470,6,3185.145797786187,2.1667658488341406
DPD,30855,6668,2,8005.181307259132,1.2005370886711355
DPD,30855,6668,3,8300.1449030709,1.2447727809044542
DPD,30855,6668,4,8613.003753671172,1.2916922246057545
DPD,30855,6668,5,9176.757323532143,1.3762383508596496
DPD,30855,6668,6,9743.517947599248,1.461235445050877
DPD,30880,3235,2,4095.5249791007172,1.2660046303247967
DPD,30880,3235,3,4420.0407463527235,1.3663186232929594
DPD,30880,3235,4,4761.723831145775,1.4719393604778284
DPD,30880,3235,5,5247.016873782013,1.6219526657749654
DPD,30880,3235,6,5748.339202055428,1.7769209279924045
DPD,30890,2726,2,4443.571543319071,1.6300702653408183
DPD,30890,2726,3,4866.925730352087,1.7853726083463268
DPD,30890,2726,4,5373.8027274320775,1.9713142800557877
DPD,30890,2726,5,6031.906606763667,2.2127316972720714
DPD,30890,2726,6,6697.42299501188,2.456868303379266
DPD,30900,2839,2,4635.980762871808,1.6329625793842226
DPD,30900,2839,3,5307.336810672118,1.8694388202437895
DPD,30900,2839,4,6076.66693792564,2.140425127835731
DPD,30900,2839,5,6874.005420925594,2.4212770063140523
DPD,30900,2839,6,7686.90359384051,2.707609578668725
DPD,30916,2914,2,3576.263191396968,1.2272694548376692
DPD,30916,2914,3,3979.3043642547136,1.3655814565047062
DPD,30916,2914,4,4417.355525156348,1.5159078672465163
DPD,30916,2914,5,4885.214876758398,1.676463581591763
DPD,30916,2914,6,5366.783155021368,1.8417238006250405
DPD,30926,2637,2,4081.078834508442,1.5476218560896633
DPD,30926,2637,3,4409.307326664715,1.6720922740480528
DPD,30926,2637,4,4821.209597062614,1.8282933625569262
DPD,30926,2637,5,5451.713282841535,2.0673922195075978
DPD,30926,2637,6,6123.669469356319,2.3222106444278796
DPD,30938,2412,2,3503.778743384446,1.4526445868094717
DPD,30938,2412,3,3905.695612100914,1.6192767877698648
DPD,30938,2412,4,4354.72580281806,1.805441875131866
DPD,30938,2412,5,4893.927546608176,2.0289915201526436
DPD,30938,2412,6,5516.807170575946,2.287233486971785
DPD,30952,1895,2,2836.700536108836,1.4969395968912063
DPD,30952,1895,3,3109.2332254709017,1.6407563195097108
DPD,30952,1895,4,3438.8714221084124,1.814707874463542
DPD,30952,1895,5,3907.521375007478,2.0620165567321784
DPD,30952,1895,6,4401.846399695102,2.3228740895488666
DPD,30966,1807,2,2663.7223101571935,1.4741130659419996
DPD,30966,1807,3,2858.9574473600455,1.582156860741586
DPD,30966,1807,4,3153.056161066794,1.7449120979893715
DPD,30966,1807,5,3576.0430011069257,1.9789944665782655
DPD,30966,1807,6,4000.751079516639,2.2140293743866293
DPD,30974,1280,2,2200.3313458107586,1.7190088639146552
DPD,30974,1280,3,2513.706367791738,1.9638330998372955
DPD,30974,1280,4,3031.238519271341,2.368155093180735
DPD,30974,1280,5,3455.509317571682,2.6996166543528766
DPD,30974,1280,6,3988.9731204115615,3.1163852503215326
DPD,30982,1278,2,2094.8345203674894,1.6391506419150934
DPD,30982,1278,3,2450.64610925131,1.9175634657678482
DPD,30982,1278,4,2865.248648432893,2.2419785981478033
DPD,30982,1278,5,3284.237438173255,2.569825851465771
DPD,30982,1278,6,3717.879935785234,2.9091392298789
DPD,30989,1356,2,2364.1133390042273,1.7434464151948579
DPD,30989,1356,3,2737.0384210010066,2.01846491224263
DPD,30989,1356,4,3143.854040284008,2.3184764308879116
DPD,30989,1356,5,3603.9012133818937,2.657744257656264
DPD,30989,1356,6,4076.1333861951084,3.0059980724152715
DPD,31275,3643,2,4194.2632971458115,1.1513212454421662
DPD,31275,3643,3,4614.934142941368,1.2667949884549459
DPD,31275,3643,4,5119.867294513702,1.4053986534487242
DPD,31275,3643,5,5553.56167885357,1.5244473452795964
DPD,31275,3643,6,6167.149966652001,1.6928767407773817
DPD,31303,2491,2,3318.4124021180196,1.332160739509442
DPD,31303,2491,3,3904.5576546892194,1.567465939257013
DPD,31303,2491,4,4254.3836681155,1.7079019141370935
DPD,31303,2491,5,4871.131382487268,1.9554923253662255
DPD,31303,2491,6,5522.419807510521,2.2169489391852757
DPD,31311,1650,2,2785.1990532015398,1.6879994261827513
DPD,31311,1650,3,3198.6547684166753,1.9385786475252578
DPD,31311,1650,4,3747.045469750272,2.2709366483334983
DPD,31311,1650,5,4297.802712224303,2.6047289164995777
DPD,31311,1650,6,4897.896385826086,2.9684220520158098
DPD,31319,2115,2,2867.8754954575434,1.3559695013983657
DPD,31319,2115,3,3158.1258783044714,1.4932037249666532
DPD,31319,2115,4,3578.010172507061,1.691730578017523
DPD,31319,2115,5,3902.8216266421578,1.845305733636954
DPD,31319,2115,6,4343.981010971941,2.0538917309560003
DPD,31515,3812,2,5707.071512136903,1.4971331353979285
DPD,31515,3812,3,6271.799763016043,1.6452780070871045
DPD,31515,3812,4,7081.005478670708,1.8575565264088951
DPD,31515,3812,5,7891.174059936955,2.0700876337714993
DPD,31515,3812,6,8737.640961185665,2.2921408607517484
DPD,31535,3582,2,6369.789832705662,1.7782774518999613
DPD,31535,3582,3,7398.795561007806,2.0655487328330002
DPD,31535,3582,4,8434.313982194179,2.3546381859838577
DPD,31535,3582,5,9451.27572026401,2.638547102251259
DPD,31535,3582,6,10567.86328204106,2.9502689229595367
DPD,31832,2309,2,4190.489012740199,1.814850157098397
DPD,31832,2309,3,4805.573001776784,2.081235600596268
DPD,31832,2309,4,5425.701728495378,2.349805859027881
DPD,31832,2309,5,6073.971132927652,2.630563504949178
DPD,31832,2309,6,6789.955362259795,2.9406476233260266
FedEx,30159,9864,2,10878.668218525527,1.1028657966875026
FedEx,30159,9864,3,11158.237389815742,1.1312081700948644
FedEx,30159,9864,4,11305.539145306198,1.1461414380886252
FedEx,30159,9864,5,11748.5646706816,1.1910548125184104
FedEx,30159,9864,6,12176.00963075014,1.2343886486972973
FedEx,30161,3810,2,4180.481223318424,1.097239166225308
FedEx,30161,3810,3,4291.5070186215335,1.1263797949137884
FedEx,30161,3810,4,4607.9089148585,1.2094249120363516
FedEx,30161,3810,5,4959.939409973177,1.301821367447028
FedEx,30161,3810,6,5277.021297774937,1.3850449600459152
FedEx,30163,6210,2,6906.294885590847,1.1121247802883811
FedEx,30163,6210,3,7074.757696828092,1.1392524471542822
FedEx,30163,6210,4,7505.806658973255,1.2086645183531812
FedEx,30163,6210,5,7936.438613812489,1.278009438617148
FedEx,30163,6210,6,8371.74763864494,1.3481075102487825
FedEx,30167,3775,2,4255.615237128731,1.1273152946036373
FedEx,30167,3775,3,4379.433899625128,1.160114940298047
FedEx,30167,3775,4,4496.853985132868,1.1912195987106935
FedEx,30167,3775,5,4845.661794124757,1.283619018311194
FedEx,30167,3775,6,5206.383457308772,1.3791744257771583
FedEx,30419,1709,2,2347.1565773131742,1.3734093489252044
FedEx,30419,1709,3,2314.666652530097,1.354398275324808
FedEx,30419,1709,4,2670.0382122616093,1.5623395039564711
FedEx,30419,1709,5,3030.4389980595693,1.7732235213923753
FedEx,30419,1709,6,3400.693550717842,1.989873347406578
FedEx,30449,3703,2,4528.677107670488,1.2229751843560595
FedEx,30449,3703,3,4730.328103344782,1.2774312998500625
FedEx,30449,3703,4,4930.435345627033,1.3314705227186154
FedEx,30449,3703,5,5348.758464269541,1.4444392288062493
FedEx,30449,3703,6,5548.865706551792,1.498478451674802
FedEx,30453,1516,2,1931.58871080833,1.2741350335147295
FedEx,30453,1516,3,2277.623339887604,1.5023900658889207
FedEx,30453,1516,4,2625.771346247596,1.7320391466013165
FedEx,30453,1516,5,2980.510999798723,1.9660362795506088
FedEx,30453,1516,6,3339.211832725207,2.20264632765515
FedEx,30455,612,2,1167.540389268795,1.9077457340993382
FedEx,30455,612,3,1236.5994188631798,2.02058728572415
FedEx,30455,612,4,1319.524515259956,2.156085809248294
FedEx,30455,612,5,1615.7949141537606,2.640187768225099
FedEx,30455,612,6,1937.919657486722,3.166535388050199
FedEx,30457,778,2,1209.2293510645254,1.5542793715482333
FedEx,30457,778,3,1305.1916241596853,1.6776241955780016
FedEx,30457,778,4,1612.2818023024267,2.072341648203633
FedEx,30457,778,5,1732.1555706709355,2.2264210419934902
FedEx,30457,778,6,2039.2457488136772,2.6211384946191223
FedEx,30519,2372,2,3195.887924685433,1.347338922717299
FedEx,30519,2372,3,3329.9968078868997,1.4038772377263489
FedEx,30519,2372,4,3503.3337604921394,1.4769535246594179
FedEx,30519,2372,5,3893.5766632903506,1.6414741413534362
FedEx,30519,2372,6,4302.11259877019,1.8137068291611256
FedEx,30539,2429,2,3187.6581039424664,1.3123335133563057
FedEx,30539,2429,3,3305.4656225142717,1.3608339326942247
FedEx,30539,2429,4,3425.0116185930938,1.410050069408437
FedEx,30539,2429,5,3786.935282638763,1.5590511661748716
FedEx,30539,2429,6,4149.537725839277,1.7083317109260097
FedEx,30559,3144,2,3979.6857555652578,1.2658033573680845
FedEx,30559,3144,3,4383.011536703914,1.3940876389007362
FedEx,30559,3144,4,4576.529458772946,1.4556391408310896
FedEx,30559,3144,5,4980.37236906915,1.5840879036479487
FedEx,30559,3144,6,5388.529040179568,1.7139087277924836
FedEx,30625,2229,2,3005.7019478306593,1.3484530945853115
FedEx,30625,2229,3,3134.472684369926,1.4062237256033763
FedEx,30625,2229,4,3272.275101758174,1.4680462547142996
FedEx,30625,2229,5,3404.0352761366103,1.527158042232665
FedEx,30625,2229,6,3782.1284827242916,1.6967826302038096
FedEx,30655,2242,2,2955.6567253533026,1.3183125447606168
FedEx,30655,2242,3,3107.6745919775617,1.3861171239864236
FedEx,30655,2242,4,3268.1940250040425,1.4577136596806612
FedEx,30655,2242,5,3422.2323625223944,1.526419430206242
FedEx,30655,2242,6,3796.0556935674813,1.6931559739373243
FedEx,30657,3429,2,3660.9586465881275,1.0676461494861849
FedEx,30657,3429,3,3996.6509006683955,1.165544153009156
FedEx,30657,3429,4,4124.256406354001,1.2027577737981923
FedEx,30657,3429,5,4466.011131598582,1.3024237770774518
FedEx,30657,3429,6,4596.9877043879,1.3406205028836102
FedEx,30823,878,2,1413.3929665807693,1.6097869778824252
FedEx,30823,878,3,1501.7810895736084,1.7104568218378227
FedEx,30823,878,4,1612.3391586888192,1.836377173905261
FedEx,30823,878,5,1769.6515063177474,2.0155484126625822
FedEx,30823,878,6,2046.2792575571461,2.33061418856167
FedEx,30827,2757,2,3329.0278334240156,1.2074819852825591
FedEx,30827,2757,3,3504.1790188289824,1.2710116136485246
FedEx,30827,2757,4,3743.643377138588,1.357868471940003
FedEx,30827,2757,5,4172.880718554329,1.5135584760806418
FedEx,30827,2757,6,4607.897716739258,1.6713448374099593
FedEx,30853,3029,2,3321.1643333363377,1.0964557059545519
FedEx,30853,3029,3,3489.616419859672,1.1520688081411925
FedEx,30853,3029,4,3858.170082995937,1.2737438372386718
FedEx,30853,3029,5,4252.154579283985,1.4038146514638445
FedEx,30853,3029,6,4620.70824242025,1.5254896805613238
FedEx,30855,9970,2,9652.231775745797,0.9681275602553457
FedEx,30855,9970,3,9911.6995909691,0.9941524163459478
FedEx,30855,9970,4,10241.813759300721,1.027263165426351
FedEx,30855,9970,5,10498.843225332133,1.053043452891889
FedEx,30855,9970,6,10932.536023154371,1.0965432320114714
FedEx,30880,3498,2,4714.502666671444,1.3477709167156786
FedEx,30880,3498,3,4936.394931277298,1.411204954624728
FedEx,30880,3498,4,5121.369852098925,1.4640851492564106
FedEx,30880,3498,5,5577.582697321654,1.5945062027792036
FedEx,30880,3498,6,5764.462590079087,1.6479309863004823
FedEx,30890,1281,2,2020.8967821607303,1.5775931164408512
FedEx,30890,1281,3,2247.885535751814,1.7547896453956395
FedEx,30890,1281,4,2683.442070885845,2.0948025533847345
FedEx,30890,1281,5,3082.876069645108,2.4066167600664388
FedEx,30890,1281,6,3580.3182602260654,2.794940093853291
FedEx,30900,1597,2,2644.4838601453102,1.6559072386633127
FedEx,30900,1597,3,3023.607235218379,1.8933044678887785
FedEx,30900,1597,4,3568.7665689586966,2.234669110180774
FedEx,30900,1597,5,4157.173380852493,2.6031142021618616
FedEx,30900,1597,6,4747.25256573446,2.972606490754202
FedEx,30916,3245,2,4002.784183580734,1.23352363130377
FedEx,30916,3245,3,4240.78493559895,1.3068674685975192
FedEx,30916,3245,4,4523.029333129097,1.3938457112878573
FedEx,30916,3245,5,4982.895231465286,1.5355609341957739
FedEx,30916,3245,6,5474.7047544065745,1.6871201092162016
FedEx,30926,1266,2,1815.106060592102,1.4337330652386273
FedEx,30926,1266,3,1998.2338550828906,1.5783837717874334
FedEx,30926,1266,4,2294.0849289824364,1.812073403619618
FedEx,30926,1266,5,2722.598941088344,2.1505520861677283
FedEx,30926,1266,6,3179.3850358994787,2.5113625875983243
FedEx,30938,3131,2,4273.484003336107,1.3648942840421932
FedEx,30938,3131,3,4514.820369234962,1.4419739282130186
FedEx,30938,3131,4,4832.13387171261,1.5433196651908687
FedEx,30938,3131,5,5275.196149361498,1.6848278982310758
FedEx,30938,3131,6,5731.530381335895,1.8305750179929399
FedEx,30952,979,2,1617.2982454796065,1.6519900362406603
FedEx,30952,979,3,1780.1858666780438,1.81837167178554
FedEx,30952,979,4,2038.76093718822,2.0824932964128906
FedEx,30952,979,5,2370.1613119383264,2.421002361530466
FedEx,30952,979,6,2628.7363824485024,2.6851239861578167
FedEx,30966,1063,2,1639.0569699579364,1.5419162464326777
FedEx,30966,1063,3,1798.7884161456266,1.6921810123665348
FedEx,30966,1063,4,2013.2299386917973,1.8939133948182476
FedEx,30966,1063,5,2347.63728026959,2.2085016747597273
FedEx,30966,1063,6,2562.0788028157613,2.4102340572114405
FedEx,30974,802,2,1413.221362472587,1.7621213995917544
FedEx,30974,802,3,1655.937433464266,2.0647598921000823
FedEx,30974,802,4,1995.941133822328,2.4887046556388133
FedEx,30974,802,5,2250.6713063766524,2.8063233246591675
FedEx,30974,802,6,2611.395516288126,3.256104135022601
FedEx,30982,618,2,1456.374436032631,2.3565929385641278
FedEx,30982,618,3,1629.618834874826,2.6369236810272265
FedEx,30982,618,4,1923.5526848538839,3.112544797498194
FedEx,30982,618,5,2217.0360825816138,3.5874370268310902
FedEx,30982,618,6,2640.5472372680824,4.272730157391719
FedEx,30989,876,2,1595.7992592402825,1.8216886521007791
FedEx,30989,876,3,1744.2794127083528,1.9911865441876173
FedEx,30989,876,4,1958.746845042126,2.2360123801850755
FedEx,30989,876,5,2312.0484611476177,2.639324727337463
FedEx,30989,876,6,2544.911498075372,2.905150111958187
FedEx,31275,2133,2,3316.94225231204,1.555059658842963
FedEx,31275,2133,3,3629.6244307913303,1.701652335110797
FedEx,31275,2133,4,4053.052913240966,1.90016545393388
FedEx,31275,2133,5,4584.3925851156755,2.149269847686674
FedEx,31275,2133,6,5144.50369953441,2.4118629627446833
FedEx,31303,1243,2,2255.308175006132,1.814407220439366
FedEx,31303,1243,3,2573.5839920104377,2.0704617795739644
FedEx,31303,1243,4,3075.200862844888,2.4740151752573514
FedEx,31303,1243,5,3588.2468141424756,2.8867633259392402
FedEx,31303,1243,6,4189.816438620162,3.3707292346099456
FedEx,31311,675,2,1675.4973568198805,2.482218306399823
FedEx,31311,675,3,2004.2160184456916,2.9692089162158393
FedEx,31311,675,4,2457.1428868614976,3.640211684239256
FedEx,31311,675,5,2816.595994401604,4.172734806520895
FedEx,31311,675,6,3283.617116350181,4.864617950148416
FedEx,31319,751,2,1508.97923227808,2.009293252034727
FedEx,31319,751,3,1836.8471476691534,2.445868372395677
FedEx,31319,751,4,2101.4726084718413,2.798232501294063
FedEx,31319,751,5,2432.245200235512,3.2386753664920267
FedEx,31319,751,6,2700.888589770692,3.596389600227286
FedEx,31515,2478,2,3487.7933529521542,1.4075033708442914
FedEx,31515,2478,3,3805.4671024834392,1.5357010098803225
FedEx,31515,2478,4,4250.175978656751,1.7151638331948147
FedEx,31515,2478,5,4726.9313927617095,1.9075590769821265
FedEx,31515,2478,6,5294.988923991132,2.136799404354775
FedEx,31535,2005,2,3203.3453632803357,1.5976784854266013
FedEx,31535,2005,3,3791.110608501593,1.89082823366663
FedEx,31535,2005,4,4402.103146255913,2.195562666461802
FedEx,31535,2005,5,5035.025614185417,2.5112347202919785
FedEx,31535,2005,6,5646.018151939737,2.815969153087151
FedEx,31832,1068,2,2394.5254113362034,2.242064991887831
FedEx,31832,1068,3,2686.8165840745505,2.515745865238343
FedEx,31832,1068,4,3118.0368586873356,2.9195101673102393
FedEx,31832,1068,5,3606.418920396075,3.3767967419438905
FedEx,31832,1068,6,4259.7187923265865,3.988500741878826
GLS,30159,3332,2,3810.0873203737774,1.1434835895479525
GLS,30159,3332,3,3978.6634770557503,1.1940766737862396
GLS,30159,3332,4,4366.875522788007,1.3105868915930394
GLS,30159,3332,5,4535.660801874366,1.3612427376573728
GLS,30159,3332,6,4935.708154196773,1.4813049682463304
GLS,30161,1649,2,2033.7411909442146,1.2333178841383958
GLS,30161,1649,3,2109.5651835097556,1.2792996867857827
GLS,30161,1649,4,2410.4227154974824,1.4617481597922877
GLS,30161,1649,5,2721.2430006829377,1.650238326672491
GLS,30161,1649,6,3033.1594181406367,1.839393219005844
GLS,30163,2801,2,3413.2959426531997,1.2185990512863976
GLS,30163,2801,3,3551.2433084551108,1.2678483785987542
GLS,30163,2801,4,3898.985309965967,1.3919976115551471
GLS,30163,2801,5,4265.083177265479,1.522700170391103
GLS,30163,2801,6,4650.07613989055,1.6601485683293644
GLS,30165,1358,2,1885.8355213863915,1.388685950947269
GLS,30165,1358,3,1971.715161357597,1.4519257447404985
GLS,30165,1358,4,2066.8275406389316,1.5219643156398612
GLS,30165,1358,5,2200.759797738785,1.6205889526795176
GLS,30165,1358,6,2523.097876836286,1.8579513084214183
GLS,30167,2147,2,2887.1763635251104,1.344749121343787
GLS,30167,2147,3,2948.266923567061,1.3732030384569451
GLS,30167,2147,4,3054.5694982178,1.4227151831475549
GLS,30167,2147,5,3166.6948409839083,1.4749393763315828
GLS,30167,2147,6,3533.804649655912,1.6459267115304665
GLS,30173,1424,2,1784.2638626068715,1.2529942855385334
GLS,30173,1424,3,1856.9535189236954,1.304040392502595
GLS,30173,1424,4,1944.8428214607409,1.365760408329172
GLS,30173,1424,5,2244.1202906581707,1.5759271704060187
GLS,30173,1424,6,2546.347910316581,1.7881656673571495
GLS,30179,1034,2,1450.8878414473334,1.4031797306067053
GLS,30179,1034,3,1549.7327965515742,1.4987744647500718
GLS,30179,1034,4,1666.3017256883281,1.61151037300612
GLS,30179,1034,5,1999.723340334867,1.933968414250355
GLS,30179,1034,6,2122.6183570435423,2.0528223955933678
GLS,30419,2617,2,3468.6303700470544,1.3254223806064402
GLS,30419,2617,3,3908.84273293438,1.493634976283676
GLS,30419,2617,4,4132.296007193127,1.5790202549457877
GLS,30419,2617,5,4622.136734694947,1.766196688840255
GLS,30419,2617,6,5116.403737601462,1.9550644774938717
GLS,30449,1981,2,2344.9466572375395,1.1837186558493384
GLS,30449,1981,3,2449.9208132836998,1.2367091435051487
GLS,30449,1981,4,2797.1307417622643,1.4119791730248683
GLS,30449,1981,5,3147.571306957174,1.5888800136078616
GLS,30449,1981,6,3501.3765254958344,1.7674793162523141
GLS,30453,1373,2,1928.90218607942,1.4048814173921487
GLS,30453,1373,3,2049.8478002339534,1.4929699928870745
GLS,30453,1373,4,2411.02066955386,1.7560237942854042
GLS,30453,1373,5,2803.7075394368158,2.0420302545060567
GLS,30453,1373,6,3222.2493326778094,2.346867685854195
GLS,30455,1201,2,1703.5185944217446,1.41841681467256
GLS,30455,1201,3,1813.797147974596,1.5102390907365497
GLS,30455,1201,4,2039.9256208563888,1.6985225818954113
GLS,30455,1201,5,2411.7656573464897,2.0081312717289674
GLS,30455,1201,6,2819.122705381794,2.3473128271288872
GLS,30457,1189,2,1622.9616355894314,1.3649803495285378
GLS,30457,1189,3,1709.3036605774605,1.4375976960281418
GLS,30457,1189,4,1893.1280173405912,1.592201864878546
GLS,30457,1189,5,2226.2675219867315,1.872386477701204
GLS,30457,1189,6,2412.6493943434884,2.0291416268658438
GLS,30459,1169,2,1591.5939025670837,1.3615003443687628
GLS,30459,1169,3,1680.4509280847865,1.4375114868133332
GLS,30459,1169,4,1793.0980421355707,1.533873432109128
GLS,30459,1169,5,1943.9057143685404,1.6628791397506761
GLS,30459,1169,6,2117.0047893604556,1.8109536264845643
GLS,30519,2084,2,2566.302598326196,1.231431189216025
GLS,30519,2084,3,2736.786807189804,1.3132374314730346
GLS,30519,2084,4,2989.4589970600896,1.4344812845777781
GLS,30519,2084,5,3374.8070227449675,1.6193891663843414
GLS,30519,2084,6,3736.7821108326443,1.793081627079004
GLS,30539,1310,2,1791.8426691440882,1.3678188314077009
GLS,30539,1310,3,1901.2384545093032,1.4513270645109184
GLS,30539,1310,4,2044.7005352021026,1.560840103207712
GLS,30539,1310,5,2208.6910700678272,1.6860237176090285
GLS,30539,1310,6,2523.7468584724056,1.9265243194445845
GLS,30559,2040,2,2473.2236639063667,1.212364541130572
GLS,30559,2040,3,2853.9822704563153,1.3990109168903506
GLS,30559,2040,4,3078.3957757146336,1.5090175371150165
GLS,30559,2040,5,3463.759386268568,1.6979212677787099
GLS,30559,2040,6,3829.678741387616,1.8772935006802038
GLS,30625,1185,2,1608.9348245834883,1.3577509068215092
GLS,30625,1185,3,1693.9891539935197,1.4295267122308184
GLS,30625,1185,4,1825.9626418024855,1.5408967441371184
GLS,30625,1185,5,1996.1681584235175,1.6845300914966392
GLS,30625,1185,6,2333.13305502961,1.9688886540334263
GLS,30627,774,2,1076.5447465782413,1.3908846855016037
GLS,30627,774,3,1148.7150912119591,1.4841280248216526
GLS,30627,774,4,1425.6867854246846,1.8419725909879645
GLS,30627,774,5,1507.3151597794986,1.9474356069502565
GLS,30627,774,6,1784.286853992224,2.3052801731165684
GLS,30629,1080,2,1486.5192874984632,1.3764067476837623
GLS,30629,1080,3,1643.9998206528976,1.5222220561600903
GLS,30629,1080,4,1941.765861279787,1.79793135303684
GLS,30629,1080,5,2175.599234716383,2.0144437358485026
GLS,30629,1080,6,2473.365275343272,2.290153032725252
GLS,30655,1383,2,1873.353608895523,1.3545579240025474
GLS,30655,1383,3,1989.6537636853755,1.438650588348066
GLS,30655,1383,4,2346.6873206362907,1.6968093424702029
GLS,30655,1383,5,2735.3908499864197,1.977867570489096
GLS,30655,1383,6,3135.312315714363,2.2670371046380065
GLS,30657,1325,2,2033.621179548687,1.5348084373952355
GLS,30657,1325,3,2141.5716089431303,1.6162804595797209
GLS,30657,1325,4,2346.3151869052235,1.7708039146454517
GLS,30657,1325,5,2637.8731286499806,1.9908476442641363
GLS,30657,1325,6,3010.304861509741,2.2719281973658423
GLS,30659,1138,2,1723.7545780098953,1.5147228277767095
GLS,30659,1138,3,1824.1543314237683,1.6029475671562112
GLS,30659,1138,4,1974.1193352031187,1.7347270080870991
GLS,30659,1138,5,2198.485569831547,1.9318853864952081
GLS,30659,1138,6,2447.7317424233056,2.1509066277884936
GLS,30823,1687,2,2479.449334861528,1.4697387877068926
GLS,30823,1687,3,2728.177102135226,1.6171767054743487
GLS,30823,1687,4,3148.8003998376325,1.8665088321503454
GLS,30823,1687,5,3579.3905890078468,2.121749015416625
GLS,30823,1687,6,4011.162990488072,2.3776899765785844
GLS,30826,1480,2,2452.3866079636637,1.6570179783538268
GLS,30826,1480,3,2930.9970466969153,1.9804034099303482
GLS,30826,1480,4,3404.808032521748,2.3005459679201
GLS,30826,1480,5,3906.028145179581,2.6392082062024196
GLS,30826,1480,6,4480.658465821776,3.027471936366065
GLS,30827,1331,2,2136.1168946114926,1.6048962393775301
GLS,30827,1331,3,2276.5734539441046,1.710423331287832
GLS,30827,1331,4,2542.7998564220734,1.9104431678603107
GLS,30827,1331,5,2857.9421834776085,2.1472142625677
GLS,30827,1331,6,3263.8539447507264,2.452181776672221
GLS,30851,1137,2,1702.5516314282386,1.4974068877996822
GLS,30851,1137,3,1800.9075549987178,1.5839116578704642
GLS,30851,1137,4,1903.0187500391166,1.67371921727275
GLS,30851,1137,5,2019.431927011648,1.7761054767032964
GLS,30851,1137,6,2132.4305023885195,1.8754885685035352
GLS,30853,1083,2,1547.5260236689169,1.4289252296111883
GLS,30853,1083,3,1716.6677409820331,1.5851041006297628
GLS,30853,1083,4,1984.263048172878,1.8321911802150304
GLS,30853,1083,5,2245.6739965605766,2.0735678638601813
GLS,30853,1083,6,2513.269303751421,2.3206549434454486
GLS,30855,5111,2,6600.400227981956,1.2914107274470663
GLS,30855,5111,3,6839.2178240944595,1.33813692508207
GLS,30855,5111,4,7091.387274187392,1.3874754987648976
GLS,30855,5111,5,7560.201708299216,1.4792020560162817
GLS,30855,5111,6,8060.729887256454,1.5771336112808558
GLS,30880,2630,2,3122.521486866511,1.1872705273256696
GLS,30880,2630,3,3395.8044191238896,1.2911803874995778
GLS,30880,2630,4,3600.4438811003693,1.368990068859456
GLS,30880,2630,5,4088.1554554275235,1.55443173210172
GLS,30880,2630,6,4497.278761377703,1.709991924478214
GLS,30890,2471,2,3931.6866330311386,1.59113178188229
GLS,30890,2471,3,4477.470027314253,1.8120072955541289
GLS,30890,2471,4,4934.638866070236,1.9970209899110627
GLS,30890,2471,5,5479.705503826773,2.2176064361905192
GLS,30890,2471,6,6137.887324180325,2.4839689697208924
GLS,30900,2487,2,4350.853860447198,1.7494386250290301
GLS,30900,2487,3,5149.102151634739,2.070406976933952
GLS,30900,2487,4,5801.758378135987,2.3328340885146712
GLS,30900,2487,5,6630.606881271343,2.6661065063415132
GLS,30900,2487,6,7370.444146609013,2.9635883178966678
GLS,30916,2276,2,3410.1753374156287,1.498319568284547
GLS,30916,2276,3,3698.239394897476,1.6248854986368524
GLS,30916,2276,4,4037.582699508672,1.7739818539141792
GLS,30916,2276,5,4429.706180656309,1.9462680934342307
GLS,30916,2276,6,4948.476000004729,2.174198594026682
GLS,30926,2421,2,3594.6226866400702,1.4847677350847048
GLS,30926,2421,3,3992.39983672602,1.6490705645295416
GLS,30926,2421,4,4475.368734487479,1.8485620547242787
GLS,30926,2421,5,4955.924184840266,2.047056664535426
GLS,30926,2421,6,5543.182450348916,2.2896251343861693
GLS,30938,1873,2,3281.488381242099,1.7519959323235978
GLS,30938,1873,3,3789.3856863477868,2.023163740708909
GLS,30938,1873,4,4409.942583995423,2.354480824343525
GLS,30938,1873,5,5038.322090510395,2.6899744209879315
GLS,30938,1873,6,5665.0462023331565,3.02458419772192
GLS,30952,1710,2,2354.9537258631344,1.3771659215573886
GLS,30952,1710,3,2614.9204689731846,1.5291932567094646
GLS,30952,1710,4,3023.3950223824336,1.7680672645511308
GLS,30952,1710,5,3455.836746105178,2.0209571614650166
GLS,30952,1710,6,3909.255169042049,2.2861141339427187
GLS,30966,1619,2,2169.6761690292915,1.3401335200922122
GLS,30966,1619,3,2397.560341497755,1.4808896488559327
GLS,30966,1619,4,2771.5129654877783,1.7118671806595296
GLS,30966,1619,5,3191.9610510988123,1.9715633422475678
GLS,30966,1619,6,3584.772898157406,2.214189560319584
GLS,30974,1120,2,1932.1813849405323,1.725161950839761
GLS,30974,1120,3,2135.9089318480956,1.9070615462929426
GLS,30974,1120,4,2408.6547560196996,2.1505846035890173
GLS,30974,1120,5,2755.728464842959,2.4604718436097848
GLS,30974,1120,6,3205.9466752545936,2.8624523886201727
GLS,30982,1154,2,1780.3233832779383,1.5427412333431008
GLS,30982,1154,3,1944.183660283326,1.6847345409734193
GLS,30982,1154,4,2167.547973888729,1.878291138551758
GLS,30982,1154,5,2424.3963102624116,2.1008633537802526
GLS,30982,1154,6,2710.4010225029906,2.3487010593613435
GLS,30989,1172,2,1941.2901941063787,1.6563909506027124
GLS,30989,1172,3,2162.9994251646863,1.8455626494579234
GLS,30989,1172,4,2507.0223224657934,2.1390975447660354
GLS,30989,1172,5,2883.572830529273,2.4603863741717347
GLS,30989,1172,6,3257.6276860825906,2.7795458072377053
GLS,31275,3227,2,4589.941741843028,1.4223556683740401
GLS,31275,3227,3,5046.909265200831,1.563963205826102
GLS,31275,3227,4,5633.26209888622,1.745665354473573
GLS,31275,3227,5,6328.903429570377,1.9612344064364353
GLS,31275,3227,6,7041.078822408168,2.181927121911425
GLS,31303,2208,2,3789.8682251601604,1.7164258266123915
GLS,31303,2208,3,4275.725449955266,1.9364698595811896
GLS,31303,2208,4,4851.045594458079,2.1970315192292023
GLS,31303,2208,5,5443.870492472496,2.465521056373413
GLS,31303,2208,6,6150.5266715912085,2.785564615756888
GLS,31311,1483,2,3037.6352322363928,2.048304269882935
GLS,31311,1483,3,3559.437650403082,2.40016024976607
GLS,31311,1483,4,4177.987935738743,2.8172541710982757
GLS,31311,1483,5,4853.623222173041,3.272841012928551
GLS,31311,1483,6,5491.018411793599,3.7026422196855013
GLS,31319,1985,2,2702.810412692771,1.3616173363691542
GLS,31319,1985,3,3110.5610527660074,1.5670332759526486
GLS,31319,1985,4,3477.4050571746666,1.7518413386270362
GLS,31319,1985,5,3899.8741504067166,1.9646721160739127
GLS,31319,1985,6,4281.978436229195,2.1571679779492166
GLS,31515,3284,2,5270.542072247425,1.6049153691374618
GLS,31515,3284,3,5838.001126383286,1.777710452613668
GLS,31515,3284,4,6440.717282181727,1.96124155973865
GLS,31515,3284,5,7279.1126875650525,2.216538577212257
GLS,31515,3284,6,8154.193909949261,2.483006671726328
GLS,31535,3227,2,6361.320711054961,1.9712800468097182
GLS,31535,3227,3,7345.008471038988,2.276110465149981
GLS,31535,3227,4,8417.277657021154,2.608390969018021
GLS,31535,3227,5,9593.08884412427,2.972757621358621
GLS,31535,3227,6,10773.2530783337,3.338473219192346
GLS,31832,2069,2,3426.187799475394,1.6559631703602677
GLS,31832,2069,3,3859.485954950947,1.8653871217742615
GLS,31832,2069,4,4445.895582072764,2.1488137177732063
GLS,31832,2069,5,4874.616308756363,2.356025282144206
GLS,31832,2069,6,5490.687904189942,2.6537882572208518
Hermes,30159,4412,2,5022.927805800964,1.1384695842703907
Hermes,30159,4412,3,5187.8151529104925,1.1758420564167027
Hermes,30159,4412,4,5350.720333651892,1.2127652614804834
Hermes,30159,4412,5,5718.1626530993935,1.2960477454894364
Hermes,30159,4412,6,6109.276230098962,1.3846954283995834
Hermes,30161,2187,2,2689.5607937414115,1.229794601619301
Hermes,30161,2187,3,2747.9276790836648,1.2564827064854434
Hermes,30161,2187,4,2814.4463536051444,1.2868981955213281
Hermes,30161,2187,5,2888.24364494844,1.3206418129622497
Hermes,30161,2187,6,3187.2029450413434,1.4573401669141945
Hermes,30163,2318,2,2645.903290579344,1.1414595731576116
Hermes,30163,2318,3,2714.108617190343,1.1708837865359547
Hermes,30163,2318,4,2800.042069088494,1.2079560263539664
Hermes,30163,2318,5,2891.9360668952277,1.2475996837339205
Hermes,30163,2318,6,3190.478039020655,1.376392596643941
Hermes,30165,1888,2,2107.9708471613894,1.1165099826066682
Hermes,30165,1888,3,2148.4683273577975,1.1379599191513758
Hermes,30165,1888,4,2457.831430144622,1.3018174947799905
Hermes,30165,1888,5,2767.759452892636,1.4659742864897436
Hermes,30165,1888,6,3080.171042997964,1.6314465270116334
Hermes,30167,2918,2,3228.8517957483873,1.1065290595436557
Hermes,30167,2918,3,3326.586774341451,1.1400228835988524
Hermes,30167,2918,4,3641.3415633331633,1.2478895007995763
Hermes,30167,2918,5,3974.7237078791204,1.362139721685785
Hermes,30167,2918,6,4316.281767128676,1.4791918324635627
Hermes,30173,1982,2,2329.738864079689,1.1754484682541317
Hermes,30173,1982,3,2408.231402710546,1.2150511618115771
Hermes,30173,1982,4,2716.0489392229647,1.3703576888107794
Hermes,30173,1982,5,3041.273159368934,1.5344465990761524
Hermes,30173,1982,6,3361.651545723009,1.6960905881548984
Hermes,30177,1604,2,1999.7342708803837,1.2467171264840298
Hermes,30177,1604,3,2063.0703966345436,1.2862034891736556
Hermes,30177,1604,4,2367.109475278001,1.4757540369563598
Hermes,30177,1604,5,2664.191618819965,1.660967343403968
Hermes,30177,1604,6,2968.230697463422,1.8505178911866722
Hermes,30179,1492,2,1674.6318084546817,1.1224073783208321
Hermes,30179,1492,3,1986.095951939314,1.3311635066617387
Hermes,30179,1492,4,2280.8374420208306,1.5287114222659723
Hermes,30179,1492,5,2595.0894005418136,1.7393360593443792
Hermes,30179,1492,6,2896.4311603929095,1.9413077482526204
Hermes,30419,3791,2,4135.739938158744,1.0909364120703624
Hermes,30419,3791,3,4358.884668760032,1.1497981189026725
Hermes,30419,3791,4,4746.010237961784,1.2519151247591094
Hermes,30419,3791,5,5194.8999976587775,1.3703244520334417
Hermes,30419,3791,6,5648.6007584449235,1.4900028378910375
Hermes,30449,2752,2,3346.743125572033,1.2161130543503027
Hermes,30449,2752,3,3457.1333109145244,1.2562257670474288
Hermes,30449,2752,4,3590.289804104283,1.3046111206774285
Hermes,30449,2752,5,3930.86652477267,1.4283671965016969
Hermes,30449,2752,6,4280.23353318867,1.5553174175830922
Hermes,30453,1923,2,2330.3872542989425,1.2118498462292993
Hermes,30453,1923,3,2448.700679058754,1.2733752881220768
Hermes,30453,1923,4,2777.1664088586626,1.4441842999785037
Hermes,30453,1923,5,3110.103750581936,1.6173186430483286
Hermes,30453,1923,6,3444.0138125053136,1.7909588208555973
Hermes,30455,1769,2,2415.6918093650197,1.3655691403985415
Hermes,30455,1769,3,2539.5169623594106,1.435566400429288
Hermes,30455,1769,4,2701.282317660698,1.527010920102147
Hermes,30455,1769,5,3065.0042839525336,1.7326197195887696
Hermes,30455,1769,6,3459.5249988532564,1.955638778322926
Hermes,30457,1718,2,2464.7405765749745,1.4346569130238502
Hermes,30457,1718,3,2325.9728627929344,1.3538840877723717
Hermes,30457,1718,4,2695.789923878976,1.5691443095919535
Hermes,30457,1718,5,3067.7703810177145,1.7856637840615335
Hermes,30457,1718,6,3474.177428685304,2.022222019025206
Hermes,30459,1718,2,2160.58887074231,1.2576186674867929
Hermes,30459,1718,3,2321.9457071037123,1.3515399924934297
Hermes,30459,1718,4,2679.206466182446,1.559491540269177
Hermes,30459,1718,5,3037.995817015871,1.768332838775245
Hermes,30459,1718,6,3395.2565760946045,1.976284386550992
Hermes,30519,2920,2,3707.7946015722364,1.269792671771314
Hermes,30519,2920,3,3956.7074025054185,1.3550367816799378
Hermes,30519,2920,4,4377.938461299809,1.4992939935958252
Hermes,30519,2920,5,4811.822214555865,1.6478843200533784
Hermes,30519,2920,6,5261.187804096954,1.801776645238683
Hermes,30539,1846,2,2669.810383136526,1.4462678131833835
Hermes,30539,1846,3,2814.6503902150052,1.524729355479418
Hermes,30539,1846,4,3063.5448631789254,1.6595584307578144
Hermes,30539,1846,5,3479.961050706763,1.8851359971325912
Hermes,30539,1846,6,3902.3445550533975,2.1139461294980486
Hermes,30559,2928,2,3721.1500895777594,1.2708845934350272
Hermes,30559,2928,3,4141.4299352883,1.4144227921066599
Hermes,30559,2928,4,4566.986435534182,1.5597631268900896
Hermes,30559,2928,5,4988.529220293425,1.7037326572040385
Hermes,30559,2928,6,5430.501890827649,1.854679607523104
Hermes,30625,1721,2,2387.362979565295,1.3871952234545584
Hermes,30625,1721,3,2492.838802322227,1.448482743940864
Hermes,30625,1721,4,2606.3758736307427,1.5144543135565036
Hermes,30625,1721,5,2949.002803721195,1.7135402694486896
Hermes,30625,1721,6,3297.855783246484,1.9162439182141104
Hermes,30627,1110,2,1594.0109797417613,1.4360459276952804
Hermes,30627,1110,3,1663.0842150947346,1.498274067652914
Hermes,30627,1110,4,1747.3730734654896,1.5742099760950357
Hermes,30627,1110,5,1835.1303090790989,1.6532705487199089
Hermes,30627,1110,6,1927.4611639218679,1.7364514990287099
Hermes,30629,1544,2,2022.8884729506738,1.3101609280768614
Hermes,30629,1544,3,2375.838914098001,1.5387557733795345
Hermes,30629,1544,4,2757.189896857495,1.7857447518507092
Hermes,30629,1544,5,3145.884797275599,2.037490153675906
Hermes,30629,1544,6,3555.960839541834,2.3030834452991154
Hermes,30655,1982,2,2366.1604562188386,1.1938246499590508
Hermes,30655,1982,3,2474.01860340396,1.248243493140242
Hermes,30655,1982,4,2807.88436697288,1.416692415223451
Hermes,30655,1982,5,3152.602573470275,1.5906168382796544
Hermes,30655,1982,6,3500.284830097108,1.7660367457603976
Hermes,30657,1834,2,2282.399774432408,1.2444927886763402
Hermes,30657,1834,3,2408.6428034304768,1.3133275918377736
Hermes,30657,1834,4,2558.780959078775,1.3951913626383725
Hermes,30657,1834,5,2900.702881317298,1.5816264347422562
Hermes,30657,1834,6,3243.3103348267778,1.7684352970702168
Hermes,30659,1587,2,2152.7526338180987,1.3564918927650276
Hermes,30659,1587,3,2262.657695797426,1.4257452399479686
Hermes,30659,1587,4,2612.296908162755,1.6460598035052014
Hermes,30659,1587,5,2967.179120016421,1.86967808444639
Hermes,30659,1587,6,3352.440597568059,2.112438939866452
Hermes,30823,2384,2,2887.0354909463285,1.2110048200278223
Hermes,30823,2384,3,3044.3386480954214,1.2769876879594888
Hermes,30823,2384,4,3283.585059364831,1.3773427262436373
Hermes,30823,2384,5,3630.584407720094,1.5228961441778919
Hermes,30823,2384,6,4051.174251894834,1.699318058680719
Hermes,30826,2156,2,2770.3745462076827,1.2849603646603351
Hermes,30826,2156,3,3033.9763746352955,1.4072246635599701
Hermes,30826,2156,4,3420.6685085596628,1.5865809408903817
Hermes,30826,2156,5,3705.6049199034305,1.7187406864116097
Hermes,30826,2156,6,4111.329446652203,1.9069246041986099
Hermes,30827,1865,2,2187.136412436136,1.1727272988933706
Hermes,30827,1865,3,2307.543251297432,1.2372886065937974
Hermes,30827,1865,4,2506.8762625301183,1.3441695777641385
Hermes,30827,1865,5,2814.1137310857666,1.5089081668020197
Hermes,30827,1865,6,3122.829552460838,1.674439438316803
Hermes,30851,1650,2,1850.6749114732047,1.1216211584686089
Hermes,30851,1650,3,1918.15671034916,1.1625192183934303
Hermes,30851,1650,4,2223.3492842470655,1.3474844146951912
Hermes,30851,1650,5,2535.1343939784247,1.5364450872596513
Hermes,30851,1650,6,2850.2888810436466,1.7274478066931191
Hermes,30853,1477,2,1737.8984982525064,1.1766408248155087
Hermes,30853,1477,3,1827.4767670501435,1.237289618855886
Hermes,30853,1477,4,1989.8919981872054,1.347252537702915
Hermes,30853,1477,5,2315.471147910205,1.567685272789577
Hermes,30853,1477,6,2602.5083672936285,1.7620232683098365
Hermes,30855,7102,2,7300.69749140107,1.027977681132226
Hermes,30855,7102,3,7523.883704109343,1.0594035066332501
Hermes,30855,7102,4,7770.901086232432,1.0941848896412887
Hermes,30855,7102,5,8181.108607911554,1.1519443266560905
Hermes,30855,7102,6,8625.533223400676,1.21452171548869
Hermes,30880,3668,2,5053.820687180918,1.3778137097003593
Hermes,30880,3668,3,5339.255743738648,1.4556313368971232
Hermes,30880,3668,4,5647.921401278246,1.5397822795196963
Hermes,30880,3668,5,5984.877026174393,1.6316458631882205
Hermes,30880,3668,6,6329.57110091396,1.7256191660070777
Hermes,30890,3618,2,5191.476605120306,1.434902323139941
Hermes,30890,3618,3,5588.191237060983,1.544552580724429
Hermes,30890,3618,4,5989.226219012628,1.6553969649012237
Hermes,30890,3618,5,6596.061165704168,1.8231235947219924
Hermes,30890,3618,6,7209.140865792891,1.9925762481461833
Hermes,30900,3644,2,4899.394276869886,1.344509955233229
Hermes,30900,3644,3,5612.180737272122,1.5401154602832388
Hermes,30900,3644,4,6053.09896518034,1.6611138762843962
Hermes,30900,3644,5,6815.258681462671,1.8702685733980986
Hermes,30900,3644,6,7295.688400370748,2.00210987935531
Hermes,30916,3232,2,4082.497801712778,1.263149072312122
Hermes,30916,3232,3,4324.117621471666,1.3379076799107879
Hermes,30916,3232,4,4616.482281033556,1.4283670423989965
Hermes,30916,3232,5,5116.0010722070965,1.5829211238264531
Hermes,30916,3232,6,5635.204645690119,1.7435657938397646
Hermes,30926,3537,2,4446.341297360866,1.2570939489287152
Hermes,30926,3537,3,4728.794006935013,1.336950525002831
Hermes,30926,3537,4,5058.302387171709,1.4301109378489423
Hermes,30926,3537,5,5552.5925166516745,1.5698593487847539
Hermes,30926,3537,6,5882.100896888369,1.6630197616308648
Hermes,30938,2656,2,4066.5065709983087,1.5310642210083993
Hermes,30938,2656,3,4446.130947365502,1.6739950856044812
Hermes,30938,2656,4,4830.051244751658,1.8185433903432446
Hermes,30938,2656,5,5429.929155985373,2.044401037645095
Hermes,30938,2656,6,6036.207535732464,2.272668499899271
Hermes,30952,2488,2,3313.2990520450467,1.3317118376386843
Hermes,30952,2488,3,3762.4867534922164,1.5122535182846528
Hermes,30952,2488,4,4088.386119112181,1.6432420092894617
Hermes,30952,2488,5,4558.503098009374,1.8321957789426746
Hermes,30952,2488,6,5043.722065078046,2.027219479532977
Hermes,30966,2313,2,3292.992471400423,1.4236889197580729
Hermes,30966,2313,3,3481.7365183810307,1.5052903235542718
Hermes,30966,2313,4,3726.3741492661966,1.611056700936531
Hermes,30966,2313,5,4077.3888853141543,1.7628140446667333
Hermes,30966,2313,6,4530.623211146244,1.9587648988959119
Hermes,30974,1616,2,2634.210176593217,1.6300805548225352
Hermes,30974,1616,3,2935.393637068104,1.8164564585817475
Hermes,30974,1616,4,3418.719167782169,2.115544039469164
Hermes,30974,1616,5,3899.87890627248,2.4132914023963368
Hermes,30974,1616,6,4400.564684483541,2.7231217106952603
Hermes,30982,1680,2,2713.0124859839434,1.614888384514252
Hermes,30982,1680,3,3069.897332482165,1.8273198407631934
Hermes,30982,1680,4,3544.9077039048584,2.1100641094671775
Hermes,30982,1680,5,4048.7430981832576,2.4099661298709867
Hermes,30982,1680,6,4560.207687973107,2.7144093380792302
Hermes,30989,1681,2,2484.1851162371768,1.4778019727764289
Hermes,30989,1681,3,2779.3194306826695,1.6533726535887385
Hermes,30989,1681,4,3223.851721638743,1.9178177999040709
Hermes,30989,1681,5,3682.4430885783586,2.1906264655433425
Hermes,30989,1681,6,4153.700009203697,2.4709696663912535
Hermes,31275,4698,2,6603.343386456199,1.405564790646275
Hermes,31275,4698,3,7075.948408754534,1.5061618579724423
Hermes,31275,4698,4,7799.547943435614,1.6601847474320166
Hermes,31275,4698,5,8536.619357226258,1.8170752143946909
Hermes,31275,4698,6,9280.980093621229,1.9755172613072007
Hermes,31303,3161,2,4695.047635819148,1.485304535216434
Hermes,31303,3161,3,5164.582890166226,1.6338446346618873
Hermes,31303,3161,4,5686.928800060933,1.799091679867426
Hermes,31303,3161,5,6435.3727138045315,2.0358660910485704
Hermes,31303,3161,6,7190.235866982446,2.2746712644677145
Hermes,31311,2196,2,3973.8327280116528,1.809577744996199
Hermes,31311,2196,3,4437.01762536693,2.0204998294020626
Hermes,31311,2196,4,4993.313262920494,2.2738220687251793
Hermes,31311,2196,5,5640.512071316926,2.568539194588764
Hermes,31311,2196,6,6447.939796859073,2.9362203082236213
Hermes,31319,2907,2,4237.558730794068,1.4577085417248254
Hermes,31319,2907,3,4815.92653297572,1.6566654740198554
Hermes,31319,2907,4,5405.426030455126,1.8594516788631326
Hermes,31319,2907,5,6027.080437497874,2.073299084106596
Hermes,31319,2907,6,6665.1840544232255,2.2928049722818113
Hermes,31515,4758,2,6602.39659486848,1.3876411506659267
Hermes,31515,4758,3,6981.411372557293,1.4672995738876196
Hermes,31515,4758,4,7428.2168079133535,1.5612057183508519
Hermes,31515,4758,5,7995.555962621162,1.6804447168182348
Hermes,31515,4758,6,8691.873802499378,1.8267914675282426
Hermes,31535,4780,2,7585.752867487058,1.5869775873403889
Hermes,31535,4780,3,8374.504977225162,1.751988488959239
Hermes,31535,4780,4,9278.617087325489,1.941133281867257
Hermes,31535,4780,5,10334.573711440406,2.162044709506361
Hermes,31535,4780,6,11462.746468675467,2.3980641147856625
Hermes,31832,3015,2,4968.857375121714,1.6480455638877989
Hermes,31832,3015,3,5572.593695943667,1.8482897830658929
Hermes,31832,3015,4,6385.439439819732,2.1178903614659146
Hermes,31832,3015,5,7190.438804522635,2.3848884923789835
Hermes,31832,3015,6,8003.2845483987,2.654489070779005
UPS,30159,11805,2,12471.475608463923,1.0564570612845339
UPS,30159,11805,3,12669.134201147674,1.0732006947181427
UPS,30159,11805,4,13046.468193619135,1.105164607676335
UPS,30159,11805,5,13553.243366284541,1.1480934660130913
UPS,30159,11805,6,14079.378741354069,1.1926623245535002
UPS,30161,4726,2,4957.089863132487,1.048897558851563
UPS,30161,4726,3,5010.576285033373,1.0602150412681703
UPS,30161,4726,4,5299.594797011925,1.1213700374549143
UPS,30161,4726,5,5604.076190692874,1.1857969087373834
UPS,30161,4726,6,5893.094702671425,1.246951904924127
UPS,30163,5283,2,5728.414934545384,1.0843109851496089
UPS,30163,5283,3,5825.092752900966,1.1026107804090415
UPS,30163,5283,4,5987.169097434624,1.1332896266202204
UPS,30163,5283,5,6211.420448118859,1.175737355313053
UPS,30163,5283,6,6582.961931824795,1.2460651016136277
UPS,30165,2701,2,3081.6135888917065,1.140915804846985
UPS,30165,2701,3,3110.468854708096,1.1515989836016645
UPS,30165,2701,4,3187.418422950783,1.1800882721032149
UPS,30165,2701,5,3483.8500638807604,1.2898371210221253
UPS,30165,2701,6,3797.0384869439245,1.405789887798565
UPS,30167,4551,2,5115.9626862968635,1.1241403397707896
UPS,30167,4551,3,5203.4339357153185,1.1433605659668904
UPS,30167,4551,4,5322.4570912008685,1.1695137532851831
UPS,30167,4551,5,5637.169094503033,1.2386660282362192
UPS,30167,4551,6,5980.718756306258,1.314154857461274
UPS,30419,2053,2,2556.1583747885516,1.245084449482977
UPS,30419,2053,3,2706.9918027461185,1.318554214683935
UPS,30419,2053,4,2892.106943618847,1.4087223300627603
UPS,30419,2053,5,3282.56339794859,1.5989105688984853
UPS,30419,2053,6,3637.482373040114,1.7717887837506643
UPS,30449,4685,2,5641.091535724783,1.2040750343062505
UPS,30449,4685,3,5551.383552206332,1.1849271189341157
UPS,30449,4685,4,5966.50995756977,1.273534676108809
UPS,30449,4685,5,6390.0685203928715,1.3639420534456503
UPS,30449,4685,6,6818.784201425578,1.455450203079099
UPS,30453,1821,2,2380.8746364796125,1.3074544955956138
UPS,30453,1821,3,2493.8499506793696,1.3694947560018504
UPS,30453,1821,4,2646.2159902581925,1.4531663867425548
UPS,30453,1821,5,2992.994005600182,1.6435991244372223
UPS,30453,1821,6,3346.8225965684373,1.837903677412651
UPS,30455,812,2,1168.3124175332512,1.4388083959769102
UPS,30455,812,3,1268.1945643358276,1.5618159659308222
UPS,30455,812,4,1552.8321399932602,1.9123548522084486
UPS,30455,812,5,1692.534397836783,2.0844019677792893
UPS,30455,812,6,1977.1719734942153,2.4349408540569155
UPS,30457,1021,2,1443.563529305683,1.4138722128361243
UPS,30457,1021,3,1546.9153831384176,1.5150983184509477
UPS,30457,1021,4,1671.2034005249182,1.6368299711311638
UPS,30457,1021,5,1973.8154631707698,1.9332178875325856
UPS,30457,1021,6,2108.3079545882533,2.064944127902305
UPS,30519,3064,2,3865.367571108387,1.2615429409622674
UPS,30519,3064,3,4032.4157428482554,1.316062579258569
UPS,30519,3064,4,4250.033896760507,1.3870867809270584
UPS,30519,3064,5,4624.005170924409,1.509140068839559
UPS,30519,3064,6,5008.495044974916,1.634626320161526
UPS,30539,2701,2,3566.55630882656,1.3204577226310847
UPS,30539,2701,3,3707.8328666270404,1.372763001342851
UPS,30539,2701,4,3844.2790626335427,1.4232799195237107
UPS,30539,2701,5,4224.1953412271905,1.563937556914917
UPS,30539,2701,6,4598.029982083601,1.7023435698199187
UPS,30559,3087,2,3792.730786195353,1.2286137953337717
UPS,30559,3087,3,3981.224718327372,1.289674349960276
UPS,30559,3087,4,4358.0712104232425,1.4117496632404414
UPS,30559,3087,5,4741.363306184462,1.535912959567367
UPS,30559,3087,6,5133.2079599630515,1.6628467638364275
UPS,30625,2727,2,3359.629613272375,1.2319873902722314
UPS,30625,2727,3,3486.77238874528,1.278611070313634
UPS,30625,2727,4,3645.775803637734,1.3369181531491507
UPS,30625,2727,5,3998.977739402912,1.4664384816292306
UPS,30625,2727,6,4365.847676908195,1.6009709119575342
UPS,30655,1218,2,1555.6946897824341,1.2772534398870559
UPS,30655,1218,3,1620.9680140942946,1.330844018139815
UPS,30655,1218,4,1722.9592082420186,1.4145806307405735
UPS,30655,1218,5,2024.5397789000335,1.662183726518911
UPS,30655,1218,6,2141.727841738662,1.7583972428067831
UPS,30657,3745,2,3922.2212928752197,1.0473221075768278
UPS,30657,3745,3,3985.031931595136,1.0640939737236679
UPS,30657,3745,4,4092.4288912220673,1.0927713995252517
UPS,30657,3745,5,4419.936318144689,1.1802233159264857
UPS,30657,3745,6,4748.305372771183,1.2679053064809567
UPS,30659,2385,2,2940.678855978901,1.2329890381462898
UPS,30659,2385,3,3094.5474181343743,1.2975041585469074
UPS,30659,2385,4,3269.308201389813,1.370779120079586
UPS,30659,2385,5,3481.8444592107153,1.459892855014975
UPS,30659,2385,6,3860.2246598608635,1.6185428343232133
UPS,30823,1337,2,1917.0278493304486,1.4338278603817864
UPS,30823,1337,3,2043.604005992611,1.5284996305105543
UPS,30823,1337,4,2234.5236330354364,1.6712966589644251
UPS,30823,1337,5,2602.943757599268,1.9468539697825489
UPS,30823,1337,6,3014.4277329341194,2.254620593069648
UPS,30826,1105,2,1656.9417248714783,1.499494773639347
UPS,30826,1105,3,1765.2429406035221,1.597504923623097
UPS,30826,1105,4,1887.2800605548414,1.7079457561582274
UPS,30826,1105,5,2025.024177161717,1.8326010653047213
UPS,30826,1105,6,2192.4705764274463,1.9841362682601325
UPS,30827,2105,2,2484.298122102492,1.1801891316401387
UPS,30827,2105,3,2588.995300035297,1.2299265083303075
UPS,30827,2105,4,2892.760223999824,1.3742328855106052
UPS,30827,2105,5,3001.0968923656346,1.4256992362782113
UPS,30827,2105,6,3331.4238082918737,1.5826241369557594
UPS,30853,3668,2,3817.3903830172653,1.0407280215423298
UPS,30853,3668,3,3980.0868191448435,1.0850836475313095
UPS,30853,3668,4,4166.067574261244,1.1357872339861625
UPS,30853,3668,5,4517.625905350745,1.2316319262133981
UPS,30853,3668,6,4918.135320656243,1.3408220612476125
UPS,30855,11475,2,11155.48560052344,0.9721556078887529
UPS,30855,11475,3,11298.933434068458,0.9846565084155519
UPS,30855,11475,4,11613.293057785533,1.0120516825956891
UPS,30855,11475,5,11936.833482915197,1.0402469266157035
UPS,30855,11475,6,12324.525166763473,1.0740326942713265
UPS,30880,4190,2,5444.012261583177,1.2992869359387058
UPS,30880,4190,3,5686.104247941147,1.3570654529692476
UPS,30880,4190,4,6153.406198981058,1.468593364911947
UPS,30880,4190,5,6648.5461590352315,1.5867651930871673
UPS,30880,4190,6,7134.9319072447815,1.7028477105596138
UPS,30890,1795,2,2851.011695610852,1.5883073513152377
UPS,30890,1795,3,3074.450557633637,1.712785825979742
UPS,30890,1795,4,3409.372334747892,1.8993717742328091
UPS,30890,1795,5,3850.908993051455,2.145353199471563
UPS,30890,1795,6,4325.551897381669,2.4097782158115146
UPS,30900,2208,2,3410.314470842426,1.5445264813597945
UPS,30900,2208,3,3747.421563585811,1.6972017951022693
UPS,30900,2208,4,4174.466768580595,1.890609949538313
UPS,30900,2208,5,4684.74256824096,2.121713119674348
UPS,30900,2208,6,5313.582327615819,2.4065137353332515
UPS,30916,4019,2,4587.566881033828,1.1414697389982156
UPS,30916,4019,3,4831.185635538328,1.2020864980189918
UPS,30916,4019,4,5262.246760569584,1.3093423141501825
UPS,30916,4019,5,5709.2590094093675,1.4205670588229329
UPS,30916,4019,6,6198.663226637611,1.5423396931170965
UPS,30926,1634,2,2422.1953134000955,1.4823716728274758
UPS,30926,1634,3,2627.9178026543877,1.6082728290418529
UPS,30926,1634,4,3044.980929342562,1.8635134206502828
UPS,30926,1634,5,3469.089451004808,2.1230657594888664
UPS,30926,1634,6,3933.445260995877,2.407249241735543
UPS,30938,3590,2,4668.088441374388,1.3003031870123642
UPS,30938,3590,3,4948.528451440724,1.3784201814598116
UPS,30938,3590,4,5169.391805956002,1.4399420072300841
UPS,30938,3590,5,5462.241195237346,1.5215156532694556
UPS,30938,3590,6,5937.928738289404,1.6540191471558228
UPS,30952,1329,2,2157.181883660164,1.6231616882318767
UPS,30952,1329,3,2348.7487906818897,1.767305335351309
UPS,30952,1329,4,2634.070825656284,1.9819946016977306
UPS,30952,1329,5,3047.501404936924,2.293078559019506
UPS,30952,1329,6,3563.6004642784483,2.6814149467858903
UPS,30966,1386,2,2134.7664515066963,1.5402355349976165
UPS,30966,1386,3,2370.5433486873394,1.7103487364266519
UPS,30966,1386,4,2676.2080709760194,1.9308860540952522
UPS,30966,1386,5,3071.8104127475126,2.2163134291107593
UPS,30966,1386,6,3480.3347609176935,2.511064041066157
UPS,30974,1072,2,1736.5560169648754,1.6199216576164883
UPS,30974,1072,3,2012.0984382063052,1.8769574983267772
UPS,30974,1072,4,2370.3172938482885,2.2111168785898214
UPS,30974,1072,5,2701.102388037513,2.519685063467829
UPS,30974,1072,6,3163.6602698479114,2.9511756248581262
UPS,30982,878,2,1613.123271596991,1.8372702409988506
UPS,30982,878,3,1960.50886992795,2.2329258199634965
UPS,30982,878,4,2279.5092995597424,2.596252049612463
UPS,30982,878,5,2623.9347599832136,2.98853617310161
UPS,30982,878,6,2967.5289663591625,3.37987353799449
UPS,30989,1191,2,1881.472006805158,1.5797413995005525
UPS,30989,1191,3,2032.0599853841836,1.7061796686685
UPS,30989,1191,4,2280.4619442638195,1.914745545141746
UPS,30989,1191,5,2670.0616793837657,2.2418653899108025
UPS,30989,1191,6,3089.175838195321,2.593766446847457
UPS,31275,2904,2,4070.4241942154817,1.4016612239034028
UPS,31275,2904,3,4574.137817772055,1.5751163284339034
UPS,31275,2904,4,5126.177065776273,1.76521248821497
UPS,31275,2904,5,5711.86402942523,1.9668953269370626
UPS,31275,2904,6,6327.2937655842,2.17882016721219
UPS,31303,1804,2,2966.56110716526,1.6444352035284147
UPS,31303,1804,3,3316.1842676008937,1.8382396161867482
UPS,31303,1804,4,3754.433142302668,2.081171364912787
UPS,31303,1804,5,4311.905519367432,2.3901915295828338
UPS,31303,1804,6,4891.841164155343,2.7116636164940924
UPS,31311,1062,2,2214.604565756054,2.085315033668601
UPS,31311,1062,3,2595.561740224788,2.444031770456486
UPS,31311,1062,4,2928.45313633401,2.757488828939746
UPS,31311,1062,5,3416.612573632515,3.2171493160381495
UPS,31311,1062,6,4067.421637674138,3.8299638772826157
UPS,31319,1055,2,1950.6164385539682,1.8489255341743775
UPS,31319,1055,3,2104.4020881670494,1.9946939224332223
UPS,31319,1055,4,2357.0826212284323,2.2342015367094143
UPS,31319,1055,5,2675.6984189855175,2.5362070322137606
UPS,31319,1055,6,3127.389428362443,2.9643501690639273
UPS,31515,3281,2,4626.969919836092,1.4102316122633625
UPS,31515,3281,3,5015.316890450212,1.5285939928223748
UPS,31515,3281,4,5424.9270894317215,1.6534370891288392
UPS,31515,3281,5,6019.538793318199,1.8346658925078327
UPS,31515,3281,6,6652.082803746703,2.0274558987341367
UPS,31535,2571,2,4251.013452765839,1.653447472876639
UPS,31535,2571,3,4836.718712803135,1.8812597093750036
UPS,31535,2571,4,5694.867656237375,2.2150399285248445
UPS,31535,2571,5,6496.135493289041,2.5266960300618595
UPS,31535,2571,6,7453.283150987145,2.8989821668561433
UPS,31832,1605,2,3025.4817358578566,1.8850353494441474
UPS,31832,1605,3,3476.439018020392,2.1660056187042938
UPS,31832,1605,4,4085.559459740831,2.5455199126111094
UPS,31832,1605,5,4732.658251975796,2.948696730202988
UPS,31832,1605,6,5381.35736288057,3.3528706310782366
