provider,cluster_id,raumtyp_3,raumtyp_8,raumtyp_8_name,baseline_routes,baseline_distance_km,baseline_parcels,baseline_cost_eur,saml_routes,saml_distance_km,saml_parcels,saml_cost_eur,fixed_routes,fixed_distance_km,fixed_parcels,fixed_cost_eur,actual_saving_abs,avg_demand,area_km2,hub_dist_km,actual_saving_pct,actual_fixed_saving_pct,routes_delta_pct,distance_delta_pct,weekly_parcels,demand_per_area,parcels_per_route_baseline,parcels_per_route_saml,baseline_eur_per_parcel,saml_eur_per_parcel,fixed_eur_per_parcel,baseline_eur_per_km,b2c_share
Amazon,30159,urban,2,Zentrumsnah hochverdichtete Wohnnutzung,38,1558.94,7321,10169.55,36,1400.6100000000001,7321,9337.55,38,1486.9699999999998,7321,9851.39,832.0,2129.666666666667,6.7310008289087495,14.447597883477325,8.18128629093716,3.1285553441401035,-5.2631578947368425,-10.156260022836024,7321,1087.6540036300817,192.6578947368421,203.36111111111111,1.389093020079224,1.2754473432591176,1.3456344761644583,6.523374857274814,0.7
Amazon,30161,urban,2,Zentrumsnah hochverdichtete Wohnnutzung,24,934.15,4512,6193.16,22,807.69,4512,5493.0,22,817.18,4512,5547.53,700.1599999999999,752.0,1.7979843382791898,12.74,11.305375607928745,10.424888102358087,-8.333333333333334,-13.537440453888554,4512,2509.4768090796238,188.0,205.0909090909091,1.3725975177304963,1.2174202127659575,1.2295057624113475,6.629727559813735,0.7
Amazon,30163,suburban,5,Städtisch mit gewerblicher Prägung,73,2906.05,13730,18913.489999999998,66,2440.4,13730,16406.32,72,2732.51,13730,18097.49,2507.1699999999987,2288.3333333333335,19.436906373559538,12.078259697816046,13.25598818620994,4.314380899558973,-9.58904109589041,-16.023468281688203,13730,706.3881327677345,188.08219178082192,208.03030303030303,1.377530225782957,1.194924981791697,1.3180983248361253,6.508315410953011,0.7
Amazon,30167,urban,3,Zentrumsnah verdichtete Mischnutzung,17,602.72,3232,4404.56,16,509.22,3232,3952.66,16,530.24,3232,4016.02,451.90000000000055,955.0,4.343746915001259,10.62,10.259821639391916,8.821312457998085,-5.882352941176471,-15.513007698433766,3232,744.0580823984454,190.11764705882354,202.0,1.3627970297029703,1.2229764851485148,1.2425804455445544,7.307804619060261,0.7
Amazon,30419,suburban,5,Städtisch mit gewerblicher Prägung,32,1010.62,6859,8394.95,32,776.87,6859,7645.14,33,874.0,6859,8084.77,749.8100000000004,1143.1666666666667,23.77191867081394,6.74,8.931679164259469,3.694840350448785,0.0,-23.129366131681543,6859,288.53371471530244,214.34375,214.34375,1.2239320600670653,1.1146143752733635,1.1787097244496283,8.306732500841068,0.7
Amazon,30449,urban,3,Zentrumsnah verdichtete Mischnutzung,34,1400.96,6228,9181.9,31,1163.05,6228,8000.469999999999,33,1252.9299999999998,6228,8557.51,1181.4299999999998,1393.6666666666665,9.465034651991742,13.487196167377396,12.86694474999728,6.800226532634851,-8.823529411764707,-16.981926678848794,6228,658.0007605877526,183.1764705882353,200.90322580645162,1.4742935131663455,1.284596981374438,1.3740382145150931,6.554005824577432,0.7
Amazon,30453,suburban,4,Städtisch mit Verdichtungsansätzen,18,702.47,3593,4943.95,18,535.35,3593,4470.51,18,584.36,3593,4608.53,473.4399999999996,598.8333333333334,9.157258958740025,9.82,9.576148626098556,6.784453726271505,0.0,-23.79033980098794,3593,392.3663201170814,199.61111111111111,199.61111111111111,1.3759949902588366,1.24422766490398,1.2826412468689117,7.037951798653323,0.7
Amazon,30455,suburban,4,Städtisch mit Verdichtungsansätzen,17,675.72,3165,4742.4,16,534.24,3165,4113.69,17,597.54,3165,4466.27,628.71,527.5,6.967819653017212,9.84,13.25721153846154,5.822579284750321,-5.882352941176471,-20.937666489078318,3165,454.2310446610782,186.1764705882353,197.8125,1.498388625592417,1.2997440758293837,1.4111437598736178,7.018291600071034,0.7
Amazon,30457,suburban,4,Städtisch mit Verdichtungsansätzen,17,806.95,3134,4871.15,15,654.96,3134,4041.48,16,722.82,3134,4396.27,829.6699999999996,522.3333333333334,6.068989648841514,13.37,17.03232296275006,9.748827278979281,-11.764705882352942,-18.83511989590433,3134,516.3956739649799,184.35294117647058,208.93333333333334,1.5542916400765794,1.2895596681557115,1.4027664326738993,6.036495445814486,0.7
Amazon,30519,urban,3,Zentrumsnah verdichtete Mischnutzung,27,1437.98,5505,7909.63,26,1312.02,5505,7172.18,27,1382.8,5505,7561.11,737.4499999999998,918.0,12.113461405690837,17.09,9.323444965188003,4.406274376930406,-3.7037037037037037,-8.759509868009292,5505,454.4530927727876,203.88888888888889,211.73076923076923,1.4368083560399636,1.3028483197093552,1.3734986376021798,5.500514610773446,0.7
Amazon,30539,rural,7,Umland dörflich mit geringem gewerblichem Einfluss,17,1442.18,3516,5352.17,18,1386.53,3516,5191.55,18,1420.66,3516,5311.69,160.6199999999999,586.0,19.21423828970633,21.37,3.001025752171547,0.7563287414263835,5.882352941176471,-3.8587416272587394,3516,182.9892992366828,206.8235294117647,195.33333333333334,1.5222326507394768,1.4765500568828214,1.5107195676905574,3.711166428601145,0.7
Amazon,30559,suburban,4,Städtisch mit Verdichtungsansätzen,76,4763.38,14770,21995.809999999998,73,4127.26,14770,19594.6,75,4339.72,14770,20495.379999999997,2401.21,2461.6666666666665,50.00544743735418,19.37742913404414,10.91667003852097,6.82143553704092,-3.9473684210526314,-13.354382812204776,14770,295.36782004607716,194.3421052631579,202.32876712328766,1.4892220717670952,1.3266486120514556,1.3876357481381176,4.617689539780575,0.7
Amazon,30625,suburban,4,Städtisch mit Verdichtungsansätzen,29,1815.06,5270,8368.68,28,1666.69,5270,7715.280000000001,28,1664.99,5270,7721.620000000001,653.4000000000001,878.3333333333333,12.254281076148747,17.000303455427076,7.807682932075305,7.731924270016292,-3.4482758620689653,-8.174385419765732,5270,430.0537883252345,181.72413793103448,188.21428571428572,1.5879848197343454,1.4640000000000002,1.4652030360531312,4.61069055568411,0.7
Amazon,30657,rural,8,Umland dörflich ohne gewerblichen Einfluss,18,866.52,3559,4960.84,18,756.49,3559,4582.25,19,824.6,3559,4936.19,378.59000000000015,593.1666666666666,12.670949194485749,15.05,7.631570459841481,0.49689165544545977,0.0,-12.69791810921848,3559,280.87872071563794,197.72222222222223,197.72222222222223,1.3938859230120821,1.2875105366676032,1.3869598201742062,5.725015002538892,0.7
Amazon,30823,suburban,4,Städtisch mit Verdichtungsansätzen,22,421.3,4370,5550.42,21,263.96,4370,4791.21,22,314.04,4370,5154.02,759.21,728.3333333333334,12.528872220645557,1.29,13.678424335455695,7.141801881659399,-4.545454545454546,-37.34630904343699,4370,348.79436257630164,198.63636363636363,208.0952380952381,1.2701189931350114,1.096386727688787,1.1794096109839818,13.174507476857347,0.7
Amazon,30827,rural,7,Umland dörflich mit geringem gewerblichem Einfluss,37,1045.6,7350,10033.24,37,689.9200000000001,7350,8810.880000000001,37,812.26,7350,9200.5,1222.3599999999997,1225.0,67.00018830712914,3.9483264063485297,12.183103364416668,8.299811426817257,0.0,-34.016832440703894,7350,109.7011842161931,198.64864864864865,198.64864864864865,1.3650666666666667,1.1987591836734695,1.2517687074829933,9.595677123182861,0.7
Amazon,30853,suburban,6,Umland Verstädtert,32,1314.92,5943,8495.29,30,1106.77,5943,7492.969999999999,33,1225.35,5943,8272.369999999999,1002.3200000000002,990.5,12.833286131520444,12.035963753462648,11.798537777992292,2.624042263418928,-6.25,-15.829860371733647,5943,463.09261237487067,185.71875,198.1,1.4294615514050144,1.260805990240619,1.391951876156823,6.4606896237033435,0.7
Amazon,30855,suburban,4,Städtisch mit Verdichtungsansätzen,62,2356.13,13591,15884.48,61,2057.11,13591,14721.11,62,2140.74,13591,15167.41,1163.369999999999,2265.333333333333,58.08159729436245,9.969999999999999,7.323941356594607,4.514280605975139,-1.6129032258064515,-12.691150318530811,13591,233.99838560085843,219.20967741935485,222.80327868852459,1.168749908027371,1.0831513501581929,1.1159892575969392,6.741767219975128,0.7
Amazon,30880,suburban,6,Umland Verstädtert,33,2865.29,6971,10786.36,32,2648.25,6971,9579.02,34,2862.88,6971,10389.35,1207.34,1161.8333333333333,33.96099660372796,23.78,11.193210684605372,3.680667064700234,-3.0303030303030303,-7.574800456498294,6971,205.26488316408182,211.24242424242425,217.84375,1.5473188925548702,1.374124228948501,1.4903672356907187,3.764491552338507,0.7
Amazon,30890,rural,8,Umland dörflich ohne gewerblichen Einfluss,31,2039.21,6502,9819.87,31,1582.04,6502,8473.23,31,1699.77,6502,8841.27,1346.6400000000012,1083.6666666666667,102.53407734275534,12.55,13.71341983142344,9.965508708363759,0.0,-22.418975975990705,6502,63.41306391498345,209.74193548387098,209.74193548387098,1.5102845278375885,1.3031728698861889,1.3597769916948632,4.815526600987638,0.7
Amazon,30900,rural,7,Umland dörflich mit geringem gewerblichem Einfluss,33,2569.96,6667,11224.39,31,1924.79,6667,8973.7,32,2151.99,6667,9713.72,2250.6899999999987,1111.1666666666667,173.55971997363926,17.55,20.05178009673576,13.458816024746111,-6.0606060606060606,-25.104281778704728,6667,38.41329083160887,202.03030303030303,215.06451612903226,1.6835743212839358,1.3459877006149694,1.4569851507424627,4.367534903266977,0.7
Amazon,30916,suburban,6,Umland Verstädtert,31,1964.77,6164,9504.28,27,1515.7,6164,7500.6,29,1689.63,6164,8286.6,2003.6800000000003,1027.3333333333333,59.876286869182046,19.41,21.0818704836137,12.811912106966547,-12.903225806451612,-22.856110384421584,6164,102.94559536510893,198.83870967741936,228.2962962962963,1.5419013627514602,1.2168397144711227,1.3443543153796236,4.837349918820015,0.7
Amazon,30926,rural,8,Umland dörflich ohne gewerblichen Einfluss,31,1073.34,6338,8682.19,30,697.52,6338,7355.11,32,823.72,6338,8078.93,1327.0800000000008,1056.3333333333333,53.8021301528445,4.34,15.285083602178721,6.948246928482332,-3.225806451612903,-35.014068235601016,6338,117.80202720588586,204.4516129032258,211.26666666666668,1.3698627327232566,1.160478068791417,1.2746812874723887,8.088946652505266,0.7
Amazon,30938,rural,7,Umland dörflich mit geringem gewerblichem Einfluss,25,2292.3,5072,8427.6,24,1930.35,5072,7091.31,26,2151.5,5072,7915.78,1336.29,845.3333333333334,153.22446344831192,24.95,15.856115620105367,6.073140633157727,-4.0,-15.789818086637887,5072,33.101763816656906,202.88,211.33333333333334,1.6615930599369086,1.3981289432176658,1.5606821766561514,3.6764821358460935,0.7
Amazon,30952,suburban,4,Städtisch mit Verdichtungsansätzen,22,1286.98,4476,7135.91,21,1113.85,4476,6268.8,23,1201.91,4476,6779.02,867.1099999999997,746.0,37.755537878390655,14.140000000000002,12.15135841119072,5.001324288002503,-4.545454545454546,-13.452423503084749,4476,118.5521449705484,203.45454545454547,213.14285714285714,1.5942605004468275,1.4005361930294906,1.51452636282395,5.544693779235108,0.7
Amazon,30966,rural,8,Umland dörflich ohne gewerblichen Einfluss,22,1314.11,4221,6777.63,20,1042.25,4221,5634.66,21,1141.68,4221,6068.89,1142.9700000000005,703.5,31.83238567652256,17.79,16.863859490706933,10.457047670055752,-9.090909090909092,-20.68776586434925,4221,132.60080607508874,191.86363636363637,211.05,1.6056929637526653,1.334911158493248,1.437784885098318,5.157581937585134,0.7
Amazon,30974,rural,7,Umland dörflich mit geringem gewerblichem Einfluss,15,1053.74,2971,4984.34,15,831.97,2971,4367.27,16,942.74,2971,4796.39,617.0699999999997,495.1666666666667,53.82702268136371,18.26,12.38017470718289,3.7708101774758505,0.0,-21.045988574031544,2971,55.19532480158217,198.06666666666666,198.06666666666666,1.677664086166274,1.469966341299226,1.6144025580612589,4.730142160305198,0.7
Amazon,30982,rural,8,Umland dörflich ohne gewerblichen Einfluss,16,1294.8,3044,5544.48,16,1168.06,3044,5058.51,17,1256.14,3044,5371.56,485.96999999999935,507.3333333333333,66.6831619829418,24.57,8.764933771967783,3.118777595013404,0.0,-9.788384306456596,3044,45.648705152564375,190.25,190.25,1.8214454664914586,1.6617969776609725,1.7646386333771356,4.282113067655236,0.7
Amazon,30989,rural,8,Umland dörflich ohne gewerblichen Einfluss,17,897.58,3112,5230.89,16,747.6,3112,4587.93,17,789.09,3112,4854.38,642.96,518.6666666666666,43.13135688268341,11.39,12.291598561621445,7.197819109176454,-5.882352941176471,-16.70937409478821,3112,72.15168325134285,183.05882352941177,194.5,1.6808772493573265,1.4742705655526993,1.5598907455012854,5.827770226609327,0.7
Amazon,31275,suburban,6,Umland Verstädtert,40,3749.73,8588,13290.93,39,3149.32,8588,11437.92,41,3427.34,8588,12427.78,1853.01,1431.3333333333333,129.47251256919432,30.8,13.941913771271087,6.494278428973741,-2.5,-16.012086203539983,8588,66.33068154455019,214.7,220.2051282051282,1.5476164415463438,1.3318490917559385,1.4471099208197487,3.5445032042307045,0.7
Amazon,31303,rural,8,Umland dörflich ohne gewerblichen Einfluss,29,2745.41,5793,9870.3,28,2279.24,5793,8363.52,28,2393.04,5793,8721.81,1506.7799999999988,965.5,112.90680951768702,30.88,15.26579739217652,11.635816540530682,-3.4482758620689653,-16.979977489700996,5793,51.307799987852086,199.75862068965517,206.89285714285714,1.7038322112894873,1.4437286380113932,1.5055774210253754,3.5952007168328226,0.7
Amazon,31311,rural,7,Umland dörflich mit geringem gewerblichem Einfluss,22,2699.82,3965,8419.38,18,1964.08,3965,6119.85,20,2270.12,3965,7054.47,2299.529999999999,660.8333333333334,139.34872865781722,40.99,27.312343664260304,16.211526264404256,-18.181818181818183,-27.251446392722485,3965,28.45379386084245,180.22727272727272,220.27777777777777,2.1234249684741484,1.5434678436317781,1.7791853720050441,3.1184967886748,0.7
Amazon,31319,rural,8,Umland dörflich ohne gewerblichen Einfluss,25,2470.02,5228,8525.8,25,2118.81,5228,7513.72,25,2221.37,5228,7796.57,1012.079999999999,871.3333333333334,101.18549289373648,29.57,11.870792183724683,8.553214947570899,0.0,-14.218913207180508,5228,51.66748562949008,209.12,209.12,1.6307957153787298,1.4372073450650344,1.4913102524866104,3.4517129415956145,0.7
Amazon,31515,rural,7,Umland dörflich mit geringem gewerblichem Einfluss,40,1987.59,8733,12131.51,40,1468.75,8733,10386.34,40,1606.91,8733,10876.56,1745.17,1455.5,125.1818077488354,12.09,14.385430997460332,10.34454902975805,0.0,-26.103975165904433,8733,69.7625330473089,218.325,218.325,1.3891572197412114,1.1893209664491011,1.245455170044658,6.103628011813302,0.7
Amazon,31535,rural,7,Umland dörflich mit geringem gewerblichem Einfluss,46,3398.04,8625,15832.28,40,2213.24,8625,11689.75,41,2524.93,8625,12730.74,4142.530000000001,1437.5,357.6158854957556,16.13,26.165088035330353,19.5899769332023,-13.043478260869565,-34.86715871502396,8625,24.11805613177205,187.5,215.625,1.8356266666666667,1.3553333333333333,1.4760278260869566,4.659238855340138,0.7
Amazon,31832,rural,7,Umland dörflich mit geringem gewerblichem Einfluss,28,2875.15,5466,10526.15,26,2274.46,5466,8536.65,27,2484.94,5466,9217.03,1989.5,911.0,159.3824695169613,25.63,18.90054768362602,12.436835880165104,-7.142857142857143,-20.89247517520825,5466,34.29486327176224,195.21428571428572,210.23076923076923,1.92575009147457,1.5617727771679473,1.6862477131357483,3.661078552423352,0.7
DHL,30159,urban,2,Zentrumsnah hochverdichtete Wohnnutzung,90,997.99,19130,19353.08,87,902.6100000000001,19130,18435.43,86,887.26,19130,18221.02,917.6499999999996,5267.5,6.7310008289087495,3.1646926110364353,4.741622522099848,5.849508191977717,-3.3333333333333335,-9.557209992084077,19130,2842.0736360392657,212.55555555555554,219.88505747126436,1.0116612650287506,0.9636921066387872,0.9524840564558286,19.392058036653676,0.7
DHL,30161,urban,2,Zentrumsnah hochverdichtete Wohnnutzung,53,277.8,11554,10814.18,52,221.27,11554,10426.55,53,234.31,11554,10661.92,387.630000000001,1925.6666666666667,1.7979843382791898,1.04,3.5844604029154405,1.4079662073314871,-1.8867924528301887,-20.3491720662347,11554,6426.084896300083,218.0,222.19230769230768,0.9359684957590445,0.9024190756447983,0.9227903756274883,38.927933765298775,0.7
DHL,30163,suburban,5,Städtisch mit gewerblicher Prägung,151,1329.1399999999999,31665,32074.0,143,1049.35,31665,29643.27,146,1112.6200000000001,31665,30409.97,2430.7300000000014,5277.5,19.436906373559538,2.7443185534122034,7.578505954979109,5.188096277358604,-5.298013245033113,-21.05045367681358,31665,1629.1172777924482,209.7019867549669,221.43356643356643,1.0129164692878572,0.9361525343439129,0.9603653876519818,24.13139323171374,0.7
DHL,30167,urban,3,Zentrumsnah verdichtete Mischnutzung,38,198.64,7997,7770.23,37,133.42,7997,7370.86,37,157.43,7997,7438.08,399.3699999999999,2315.333333333333,4.343746915001259,1.26,5.139744898156167,4.274648240785661,-2.6315789473684212,-32.83326621022956,7997,1841.037278756302,210.44736842105263,216.13513513513513,0.9716431161685631,0.9217031386770038,0.9301087907965487,39.11714659685864,0.7
DHL,30419,suburban,5,Städtisch mit gewerblicher Prägung,66,1140.08,14775,15166.02,66,919.12,14775,14405.68,66,980.3,14775,14614.43,760.3400000000001,2462.5,23.77191867081394,5.16,5.013444529283228,3.6370122154658913,0.0,-19.38109606343414,14775,621.5316569352082,223.86363636363637,223.86363636363637,1.0264649746192893,0.9750037225042302,0.989132318104907,13.302592800505229,0.7
DHL,30449,urban,3,Zentrumsnah verdichtete Mischnutzung,91,1030.11,19286,19738.760000000002,88,826.05,19286,18479.14,90,873.46,19286,19027.49,1259.6200000000008,3214.3333333333335,12.461078026502008,1.5751568951962236,6.381454559455622,3.6034178438767195,-3.2967032967032965,-19.80953490403937,19286,1547.699160456492,211.93406593406593,219.1590909090909,1.0234760966504202,0.9581634346157835,0.9865959763559059,19.161798254555343,0.7
DHL,30453,suburban,4,Städtisch mit Verdichtungsansätzen,38,686.22,8150,8781.5,38,568.75,8150,8349.71,39,602.54,8150,8654.36,431.7900000000009,1358.3333333333333,9.157258958740025,2.98,4.917041507715092,1.447816432272384,0.0,-17.11841683425141,8150,890.0043164359068,214.47368421052633,214.47368421052633,1.0774846625766872,1.0245042944785274,1.0618846625766871,12.796916440791582,0.7
DHL,30455,suburban,4,Städtisch mit Verdichtungsansätzen,33,533.92,6748,7563.08,31,403.48,6748,6751.09,31,438.26,6748,6870.37,811.9899999999998,1124.6666666666667,6.967819653017212,3.04,10.736234444168245,9.159099202970218,-6.0606060606060606,-24.43062631105783,6748,968.4521609393225,204.4848484848485,217.67741935483872,1.1207883817427386,1.000457913455839,1.0181342620035565,14.165193287383879,0.7
DHL,30457,suburban,4,Städtisch mit Verdichtungsansätzen,33,370.26,6736,7266.86,32,274.66,6736,6714.21,33,314.13,6736,7028.31,552.6499999999996,1122.6666666666667,6.068989648841514,2.4,7.605072892556065,3.2827108269596397,-3.0303030303030303,-25.81969426889212,6736,1109.9046776732944,204.12121212121212,210.5,1.0788093824228029,0.9967651425178148,1.043395190023753,19.62637065845622,0.7
DHL,30519,urban,3,Zentrumsnah verdichtete Mischnutzung,57,1190.45,12633,13292.4,57,1075.26,12633,12797.2,57,1098.1,12633,12923.46,495.1999999999989,2107.5,12.113461405690837,4.76,3.725437091872039,2.77557100297915,0.0,-9.676172875803271,12633,1042.8893589461627,221.6315789473684,221.6315789473684,1.0521966278793635,1.012997704424919,1.0229921633816195,11.165861648956277,0.7
DHL,30539,rural,7,Umland dörflich mit geringem gewerblichem Einfluss,40,761.08,8372,9331.61,38,612.66,8372,8467.42,39,646.09,8372,8778.06,864.1900000000005,1395.3333333333333,19.21423828970633,3.99,9.260888528346133,5.931988156384601,-5.0,-19.501235086981666,8372,435.71854755674303,209.3,220.31578947368422,1.1146213569039656,1.0113975155279502,1.0485021500238891,12.261010669049245,0.7
DHL,30559,suburban,4,Städtisch mit Verdichtungsansätzen,154,2978.1800000000003,33001,35772.92,152,2490.58,33001,33668.85,154,2651.91,33001,34530.43,2104.0700000000006,5500.166666666666,50.00544743735418,4.072600867024795,5.8817395952021805,3.473269724696776,-1.2987012987012987,-16.37241536777496,33001,659.9480994814213,214.2922077922078,217.11184210526315,1.0839950304536226,1.020237265537408,1.0463449592436593,12.011671557797042,0.7
DHL,30625,suburban,4,Städtisch mit Verdichtungsansätzen,59,1073.71,11893,13717.71,54,854.51,11893,12087.82,55,905.6600000000001,11893,12439.49,1629.8900000000003,1982.1666666666667,12.254281076148747,4.884865599136351,11.8816478843772,9.318027571657364,-8.474576271186441,-20.415195909510018,11893,970.5179705032284,201.57627118644066,220.24074074074073,1.153427226099386,1.0163810644917177,1.0459505591524425,12.7759916551024,0.7
DHL,30657,rural,8,Umland dörflich ohne gewerblichen Einfluss,42,862.52,9056,9929.22,41,737.42,9056,9315.48,42,766.62,9056,9614.86,613.7399999999998,1509.3333333333333,12.670949194485749,6.56,6.181150180980982,3.166009011785405,-2.380952380952381,-14.504011501182584,9056,714.7057304863212,215.61904761904762,220.8780487804878,1.0964244699646641,1.0286528268551236,1.0617115724381625,11.511872188470992,0.7
DHL,30823,suburban,4,Städtisch mit Verdichtungsansätzen,44,704.7,9437,10151.37,43,515.56,9437,9296.1,44,573.45,9437,9681.64,855.2700000000004,1572.8333333333333,12.528872220645557,3.26,8.425168228524823,4.6272572076478475,-2.272727272727273,-26.839789981552446,9437,753.2202287488693,214.47727272727272,219.46511627906978,1.0756988449719191,0.9850694076507365,1.0259234926353713,14.405236270753512,0.7
DHL,30827,rural,7,Umland dörflich mit geringem gewerblichem Einfluss,77,1138.42,16329,17641.2,76,742.3399999999999,16329,16116.3,77,874.96,16329,16711.53,1524.9000000000015,2721.5,67.00018830712914,1.7266460225458071,8.643969797972934,5.2698796000272194,-1.2987012987012987,-34.792080251576756,16329,243.7157329341792,212.06493506493507,214.85526315789474,1.0803600955355503,0.9869740951681057,1.0234264192540878,15.496214051053213,0.7
DHL,30853,suburban,6,Umland Verstädtert,64,1209.48,13818,14984.880000000001,63,1007.46,13818,14091.14,66,1094.99,13818,14890.53,893.7400000000007,2303.0,12.833286131520444,6.3504701507565295,5.964278659555509,0.6296346717491255,-1.5625,-16.703045937096935,13818,1076.73123301295,215.90625,219.33333333333334,1.0844463742943986,1.0197669706180343,1.0776183239253148,12.389522770116084,0.7
DHL,30855,suburban,4,Städtisch mit Verdichtungsansätzen,145,3139.66,32845,32838.02,145,2888.72,32845,31969.37,146,2950.71,32845,32358.99,868.6499999999978,5475.666666666667,58.08159729436245,5.89,2.645256930838089,1.4587663933452604,0.0,-7.992585184383025,32845,565.4975332985207,226.51724137931035,226.51724137931035,0.9997874866798598,0.9733405388948089,0.9852029228193029,10.459100666951198,0.7
DHL,30880,suburban,6,Umland Verstädtert,74,1711.85,16161,17884.54,73,1427.26,16161,16659.81,74,1515.94,16161,17148.5,1224.7299999999996,2693.5,33.96099660372796,5.11,6.847981552782456,4.115509820213441,-1.3513513513513513,-16.624704267313138,16161,475.8694271718156,218.3918918918919,221.3835616438356,1.1066481034589444,1.030865045479859,1.0611038920858857,10.4474924788971,0.7
DHL,30890,rural,8,Umland dörflich ohne gewerblichen Einfluss,64,1781.82,13989,16036.11,63,1266.75,13989,14304.27,64,1387.26,13989,14885.77,1731.84,2331.5,102.53407734275534,4.73,10.799626592733524,7.173435452862322,-1.5625,-28.9069602990201,13989,136.43269011176614,218.578125,222.04761904761904,1.1463371220244478,1.0225369933519195,1.0641053685038244,8.999848469542378,0.7
DHL,30900,rural,7,Umland dörflich mit geringem gewerblichem Einfluss,68,1880.84,14609,17464.56,66,1192.75,14609,15038.15,67,1366.07,14609,15733.1,2426.4100000000017,2434.833333333333,173.55971997363926,4.94,13.893335990142331,9.914134681892936,-2.9411764705882355,-36.58418578932817,14609,84.17275622603479,214.83823529411765,221.34848484848484,1.195465808748032,1.0293757272913957,1.0769457183927715,9.285510729248635,0.7
DHL,30916,suburban,6,Umland Verstädtert,65,2756.3,14499,17006.08,65,2430.17,14499,15832.64,67,2550.09,14499,16563.88,1173.4400000000023,2416.5,59.876286869182046,11.0,6.900120427517701,2.6002465000752712,0.0,-11.832166309908214,14499,242.1492841010244,223.06153846153848,223.06153846153848,1.1729139940685567,1.0919815159666184,1.1424153389888958,6.169894423683925,0.7
DHL,30926,rural,8,Umland dörflich ohne gewerblichen Einfluss,63,1056.63,13519,14625.11,61,693.89,13519,13037.06,61,796.17,13519,13384.27,1588.050000000001,2253.1666666666665,53.8021301528445,0.36999999999999994,10.858379868595868,8.484312254745435,-3.1746031746031744,-34.32989788289184,13519,251.27257901488971,214.5873015873016,221.62295081967213,1.0818189215178637,0.9643509135291072,0.9900340261853687,13.841278403982471,0.7
DHL,30938,rural,7,Umland dörflich mit geringem gewerblichem Einfluss,55,1888.22,12030,14183.81,55,1509.89,12030,13048.96,56,1627.95,12030,13587.74,1134.8500000000004,2005.0,153.22446344831192,10.53,8.001023702376163,4.202467461140552,0.0,-20.036330512334363,12030,78.51226709668425,218.72727272727272,218.72727272727272,1.1790365752285952,1.084701579384871,1.1294879467996675,7.511735920602471,0.7
DHL,30952,suburban,4,Städtisch mit Verdichtungsansätzen,45,1010.04,9709,11014.25,44,739.42,9709,9853.58,45,828.11,9709,10324.55,1160.67,1618.1666666666667,37.755537878390655,5.68,10.537894091744786,6.261888008715988,-2.2222222222222223,-26.792998297097146,9709,257.1543287576082,215.75555555555556,220.6590909090909,1.1344371201977546,1.0148913379338758,1.0633999382016686,10.904766147875332,0.7
DHL,30966,rural,8,Umland dörflich ohne gewerblichen Einfluss,43,1068.96,9182,10408.78,41,835.27,9182,9297.63,44,936.35,9182,10137.28,1111.1500000000017,1530.3333333333333,31.83238567652256,5.52,10.67512234863261,2.6083748527685278,-4.651162790697675,-21.861435413860207,9182,288.44837748909373,213.53488372093022,223.9512195121951,1.1336070572859944,1.0125931169679807,1.1040383358745371,9.737296063463553,0.7
DHL,30974,rural,7,Umland dörflich mit geringem gewerblichem Einfluss,32,515.59,6515,7433.11,30,300.48,6515,6366.32,32,359.02,6515,6930.47,1066.79,1085.8333333333333,53.82702268136371,1.4,14.351866177145233,6.76217626269488,-6.25,-41.72113501037646,6515,121.03586034409552,203.59375,217.16666666666666,1.1409224865694552,0.9771788181120491,1.063771297006907,14.416707073449833,0.7
DHL,30982,rural,8,Umland dörflich ohne gewerblichen Einfluss,33,665.11,6551,8006.82,30,444.93,6551,6698.09,32,524.16,6551,7300.36,1308.7299999999996,1091.8333333333333,66.6831619829418,2.77,16.345190724907013,8.823228197961239,-9.090909090909092,-33.10429853708409,6551,98.24069233063378,198.5151515151515,218.36666666666667,1.2222286673790261,1.0224530606014348,1.1143886429552738,12.038339522785703,0.7
DHL,30989,rural,8,Umland dörflich ohne gewerblichen Einfluss,33,792.67,6841,8029.61,32,574.55,6841,7188.84,32,644.45,6841,7385.52,840.7699999999995,1140.1666666666667,43.13135688268341,5.72,10.470869693546755,8.021435661258757,-3.0303030303030303,-27.517125663895442,6841,158.60850421672123,207.3030303030303,213.78125,1.1737479900599328,1.050846367490133,1.0795965502119573,10.129827040256348,0.7
DHL,31275,suburban,6,Umland Verstädtert,87,2011.95,18743,20820.42,83,1399.96,18743,18219.8,84,1550.13,18743,18853.44,2600.619999999999,3123.833333333333,129.47251256919432,2.93,12.49071824679809,9.44735985153037,-4.597701149425287,-30.41775392032605,18743,144.76431814037076,215.4367816091954,225.81927710843374,1.1108371125220082,0.9720855786160166,1.0058923331377048,10.348378438828002,0.7
DHL,31303,rural,8,Umland dörflich ohne gewerblichen Einfluss,59,1201.22,12605,14318.38,57,760.56,12605,12531.36,58,881.69,12605,13100.99,1787.0199999999986,2100.833333333333,112.90680951768702,1.84,12.480601855796527,8.502288666734641,-3.389830508474576,-36.684370889595584,12605,111.64074207610487,213.64406779661016,221.140350877193,1.1359285997619992,0.9941578738595795,1.0393486711622373,11.919864804115814,0.7
DHL,31311,rural,7,Umland dörflich mit geringem gewerblichem Einfluss,40,1231.76,8577,10494.0,39,828.4399999999999,8577,9039.21,40,930.27,8577,9549.65,1454.7900000000009,1429.5,139.34872865781722,3.8099999999999996,13.863064608347635,8.998951781970653,-2.5,-32.743391569786326,8577,61.55061537060421,214.425,219.92307692307693,1.223504721930745,1.0538894718433018,1.113402121954063,8.519516788984868,0.7
DHL,31319,rural,8,Umland dörflich ohne gewerblichen Einfluss,51,950.92,10967,11942.91,49,593.54,10967,10481.68,51,703.27,10967,11163.5,1461.2299999999996,1827.8333333333333,101.18549289373648,0.58,12.23512527516325,6.526131403485414,-3.9215686274509802,-37.58255163420687,10967,108.38510231419619,215.0392156862745,223.81632653061226,1.0889860490562597,0.9557472417251756,1.017917388529224,12.559321499179742,0.7
DHL,31515,rural,7,Umland dörflich mit geringem gewerblichem Einfluss,87,1728.22,19286,20777.52,86,1212.38,19286,18798.72,88,1357.02,19286,19658.96,1978.7999999999995,3214.333333333333,125.1818077488354,5.28,9.523754519307403,5.383510640345919,-1.1494252873563218,-29.848051752670372,19286,154.0639198843925,221.67816091954023,224.25581395348837,1.0773369283418024,0.9747340039406824,1.0193383801721456,12.022497135781324,0.7
DHL,31535,rural,7,Umland dörflich mit geringem gewerblichem Einfluss,88,2990.97,18533,23370.74,81,1899.36,18533,19011.58,84,2157.72,18533,20343.77,4359.16,3088.833333333333,357.6158854957556,5.5,18.652212125076055,12.951964721699017,-7.954545454545454,-36.49685553516083,18533,51.82376049740654,210.60227272727272,228.80246913580248,1.2610338315437328,1.0258231263152215,1.0977051745534991,7.813766102635601,0.7
DHL,31832,rural,7,Umland dörflich mit geringem gewerblichem Einfluss,55,1473.3,11902,13875.58,54,949.54,11902,12108.06,55,1075.41,11902,12689.61,1767.5200000000004,1983.6666666666667,159.3824695169613,4.65,12.738350396884314,8.547174244247804,-1.8181818181818181,-35.550125568451776,11902,74.67571581787672,216.4,220.40740740740742,1.165819190052092,1.017313056629138,1.0661745925054613,9.418027557184551,0.7
DPD,30159,urban,2,Zentrumsnah hochverdichtete Wohnnutzung,24,1143.24,4010,6444.0,23,996.1500000000001,4010,5837.83,22,953.47,4010,5557.219999999999,606.1700000000001,1081.8333333333333,6.7310008289087495,13.519306507079117,9.40673494723774,13.761328367473627,-4.166666666666667,-12.866064868269124,4010,595.7509294572637,167.08333333333334,174.34782608695653,1.6069825436408978,1.4558179551122195,1.3858403990024937,5.636611735068752,0.7
DPD,30161,urban,2,Zentrumsnah hochverdichtete Wohnnutzung,13,590.55,2359,3445.06,12,496.72,2359,3010.23,12,493.78,2359,2993.42,434.8299999999999,393.1666666666667,1.7979843382791898,14.05,12.621841129036937,13.109786186597617,-7.6923076923076925,-15.888578443823544,2359,1312.0247767328972,181.46153846153845,196.58333333333334,1.4603899957609157,1.2760618906316237,1.2689359898261976,5.833646600626535,0.7
DPD,30163,suburban,5,Städtisch mit gewerblicher Prägung,39,1950.57,6369,10552.3,35,1568.1599999999999,6369,8802.53,35,1576.06,6369,8819.41,1749.7699999999998,1061.5,19.436906373559538,14.372672141953636,16.581882622745738,16.421917496659493,-10.256410256410257,-19.605038527199746,6369,327.67560215569563,163.30769230769232,181.97142857142856,1.6568221070811744,1.3820898100172712,1.3847401475898884,5.409854555335107,0.7
DPD,30167,urban,3,Zentrumsnah verdichtete Mischnutzung,11,622.46,1635,3037.33,9,471.26,1635,2354.52,9,471.26,1635,2354.52,682.81,470.6666666666667,4.343746915001259,16.3,22.480599737269248,22.480599737269248,-18.181818181818183,-24.290717475821744,1635,376.4031450252037,148.63636363636363,181.66666666666666,1.8576941896024464,1.440073394495413,1.440073394495413,4.87955852584905,0.7
DPD,30419,suburban,5,Städtisch mit gewerblicher Prägung,16,1157.36,2858,4996.37,14,856.93,2858,3882.32,15,907.0,2858,4120.22,1114.0499999999995,476.3333333333333,23.77191867081394,19.64,22.29718775831253,17.535730940662916,-12.5,-25.95821524849658,2858,120.22588666807614,178.625,204.14285714285714,1.7482050384884533,1.3584044786564031,1.4416445066480057,4.317040505979125,0.7
DPD,30449,urban,3,Zentrumsnah verdichtete Mischnutzung,19,1106.96,2780,5584.43,15,764.5799999999999,2780,4083.39,15,771.48,2780,4090.09,1501.0400000000004,639.6666666666667,9.465034651991742,16.261572294989907,26.87901898671843,26.75904255223899,-21.05263157894737,-30.92975355929755,2780,293.7126066849634,146.31578947368422,185.33333333333334,2.0087877697841727,1.468845323741007,1.4712553956834533,5.044834501698345,0.7
DPD,30453,suburban,4,Städtisch mit Verdichtungsansätzen,11,820.25,1619,3424.57,8,564.92,1619,2298.99,9,612.8,1619,2560.46,1125.5800000000004,269.8333333333333,9.157258958740025,18.23,32.86777610035713,25.23265694671156,-27.272727272727273,-31.12831453825054,1619,176.79963046745192,147.1818181818182,202.375,2.1152378011117974,1.4200061766522543,1.5815071031500927,4.175032002438281,0.7
DPD,30455,suburban,4,Städtisch mit Verdichtungsansätzen,9,662.37,1318,2928.51,8,505.9,1318,2339.61,8,505.9,1318,2339.61,588.9000000000001,219.66666666666663,6.967819653017212,19.47,20.109202290584633,20.109202290584633,-11.11111111111111,-23.622748614822537,1318,189.15529758714095,146.44444444444446,164.75,2.2219347496206376,1.7751213960546284,1.7751213960546284,4.421260020834278,0.7
DPD,30457,suburban,4,Städtisch mit Verdichtungsansätzen,9,556.12,1335,2793.27,8,434.97,1335,2252.61,8,434.97,1335,2252.61,540.6599999999999,222.5,6.068989648841514,18.69,19.35580878325403,19.35580878325403,-11.11111111111111,-21.784866575559228,1335,219.9707162550249,148.33333333333334,166.875,2.0923370786516853,1.6873483146067416,1.6873483146067416,5.022782852621736,0.7
DPD,30519,urban,3,Zentrumsnah verdichtete Mischnutzung,14,748.52,2540,4111.02,14,610.46,2540,3673.95,12,541.74,2540,3201.77,437.0700000000006,423.3333333333333,12.113461405690837,12.99,10.631668053183894,22.117382060899736,0.0,-18.44439694330144,2540,209.68407913585477,181.42857142857142,181.42857142857142,1.6185118110236223,1.4464370078740156,1.2605393700787402,5.492197937262866,0.7
DPD,30539,rural,7,Umland dörflich mit geringem gewerblichem Einfluss,11,526.61,1695,3168.55,9,355.36,1695,2348.63,9,355.36,1695,2348.63,819.9200000000001,282.5,19.21423828970633,9.52,25.876820627731927,25.876820627731927,-18.181818181818183,-32.51932169917016,1695,88.21583111666023,154.0909090909091,188.33333333333334,1.8693510324483777,1.385622418879056,1.385622418879056,6.016881563206168,0.7
DPD,30559,suburban,4,Städtisch mit Verdichtungsansätzen,39,1760.03,6545,11122.07,37,1281.91,6545,9236.15,38,1300.15,6545,9436.029999999999,1885.9200000000003,1090.8333333333335,50.00544743735418,7.575996339762696,16.956555749064698,15.159408275617766,-5.128205128205129,-27.16544604353334,6545,130.88574016259818,167.82051282051282,176.8918918918919,1.6993231474407944,1.4111764705882353,1.4417158135981663,6.319250240052726,0.7
DPD,30625,suburban,4,Städtisch mit Verdichtungsansätzen,16,737.53,2376,4488.04,14,565.57,2376,3607.05,14,548.5600000000001,2376,3548.0,880.9899999999998,396.0,12.254281076148747,9.769028754190135,19.629727007780673,20.94544611901855,-12.5,-23.31566173579379,2376,193.8914233511873,148.5,169.71428571428572,1.8889057239057239,1.518118686868687,1.4932659932659933,6.085230431304489,0.7
DPD,30657,rural,8,Umland dörflich ohne gewerblichen Einfluss,11,560.92,1866,3128.32,10,425.15,1866,2558.7,10,428.73,1866,2560.49,569.6200000000003,311.0,12.670949194485749,12.26,18.20849529459903,18.151276084288064,-9.090909090909092,-24.204877700919916,1866,147.2659996783873,169.63636363636363,186.6,1.6764844587352628,1.3712218649517685,1.3721811361200427,5.577123297439921,0.7
DPD,30823,suburban,4,Städtisch mit Verdichtungsansätzen,11,903.28,1867,3555.66,11,746.78,1867,3084.63,10,688.51,1867,2828.42,471.02999999999975,311.1666666666667,12.528872220645557,25.250000000000004,13.247329609692708,20.45302419241434,0.0,-17.325746169515543,1867,149.01580662012705,169.72727272727272,169.72727272727272,1.9044777718264594,1.652185324049277,1.51495447241564,3.9363873881852802,0.7
DPD,30827,rural,7,Umland dörflich mit geringem gewerblichem Einfluss,22,1912.17,3240,7367.1900000000005,18,1352.35,3240,5326.5599999999995,18,1360.3200000000002,3240,5330.049999999999,2040.63,540.0,67.00018830712914,27.219107650462284,27.698891979167104,27.65151977891165,-18.181818181818183,-29.276685650334443,3240,48.35807304224022,147.27272727272728,180.0,2.2738240740740743,1.644,1.645077160493827,3.852790285382576,0.7
DPD,30853,suburban,6,Umland Verstädtert,18,989.97,2751,5143.719999999999,18,848.8299999999999,2751,4650.360000000001,17,783.4,2751,4339.81,493.3599999999997,458.5,12.833286131520444,15.66394056507032,9.591501870241748,15.62896114096411,0.0,-14.2569976867986,2751,214.3644248095691,152.83333333333334,152.83333333333334,1.869763722282806,1.690425299890949,1.5775390766993822,5.195834217198501,0.7
DPD,30855,suburban,4,Städtisch mit Verdichtungsansätzen,32,2042.63,6666,9225.82,30,1658.93,6666,7850.98,30,1658.93,6666,7850.98,1374.84,1111.3333333333333,58.08159729436245,19.87,14.902090003923771,14.902090003923771,-6.25,-18.78460612054068,6666,114.76957092306101,208.3125,222.2,1.384011401140114,1.1777647764776478,1.1777647764776478,4.516637863930325,0.7
DPD,30880,suburban,6,Umland Verstädtert,17,1119.46,3235,5433.86,16,873.9,3235,4418.45,16,869.7900000000001,3235,4413.67,1015.41,539.1666666666666,33.96099660372796,12.89,18.68671625695178,18.774683190218365,-5.882352941176471,-21.935576081324932,3235,95.2563329559324,190.2941176470588,202.1875,1.67970942812983,1.3658268933539413,1.3643493044822257,4.854001036213888,0.7
DPD,30890,rural,8,Umland dörflich ohne gewerblichen Einfluss,17,2253.62,2726,6652.2,13,1625.7,2726,4791.24,14,1617.25,2726,4753.9,1860.96,454.3333333333333,102.53407734275534,32.64,27.97510597997655,28.53642404016717,-23.529411764705884,-27.862727522829932,2726,26.586283025568267,160.35294117647058,209.69230769230768,2.440278796771827,1.7576082171680116,1.743910491562729,2.9517842404664494,0.7
DPD,30900,rural,7,Umland dörflich mit geringem gewerblichem Einfluss,17,1838.2,2839,6690.96,14,1168.0,2839,4541.01,14,1168.0,2839,4541.01,2149.95,473.1666666666667,173.55971997363926,25.52,32.132160407475155,32.132160407475155,-17.647058823529413,-36.45958002393646,2839,16.357482026539312,167.0,202.78571428571428,2.356801690736175,1.5995103909827404,1.5995103909827404,3.6399521270808397,0.7
DPD,30916,suburban,6,Umland Verstädtert,17,987.63,2914,5395.9,15,651.34,2914,4024.75,15,651.34,2914,4024.75,1371.1499999999996,485.6666666666667,59.876286869182046,10.68,25.410960173465035,25.410960173465035,-11.764705882352942,-34.050200986199286,2914,48.667012474679986,171.41176470588235,194.26666666666668,1.8517158544955385,1.3811770761839397,1.3811770761839397,5.463483288275974,0.7
DPD,30926,rural,8,Umland dörflich ohne gewerblichen Einfluss,15,1462.57,2637,5355.48,14,1136.06,2637,4229.26,14,1119.28,2637,4240.33,1126.2199999999991,439.5,53.8021301528445,25.600000000000005,21.029300828310433,20.82259666733887,-6.666666666666667,-22.32440156710448,2637,49.012929274522094,175.8,188.35714285714286,2.0308987485779295,1.6038149412210847,1.6080128934395146,3.6616914062232917,0.7
DPD,30938,rural,7,Umland dörflich mit geringem gewerblichem Einfluss,13,1111.04,2412,4635.55,13,760.48,2412,3690.55,12,699.7099999999999,2412,3424.53,945.0,402.0,153.22446344831192,17.56,20.38593047211226,26.124623831044858,0.0,-31.552419354838705,2412,15.74161165729031,185.53846153846155,185.53846153846155,1.921869817578773,1.5300787728026535,1.4197885572139304,4.172262024769585,0.7
DPD,30952,suburban,4,Städtisch mit Verdichtungsansätzen,12,1013.53,1895,4355.11,10,707.31,1895,3128.68,10,707.31,1895,3128.68,1226.4299999999998,315.8333333333333,37.755537878390655,21.73,28.16071235858566,28.16071235858566,-16.666666666666668,-30.21321519836611,1895,50.19131249311644,157.91666666666666,189.5,2.298211081794195,1.651018469656992,1.651018469656992,4.296971969255966,0.7
DPD,30966,rural,8,Umland dörflich ohne gewerblichen Einfluss,12,871.79,1807,3968.1,9,555.53,1807,2666.86,10,587.79,1807,2916.62,1301.2399999999998,301.1666666666667,31.83238567652256,17.93,32.79252034978956,26.49832413497644,-25.0,-36.277085077828374,1807,56.766087793813156,150.58333333333334,200.77777777777777,2.1959601549529606,1.4758494742667405,1.6140675152185944,4.551669553447504,0.7
DPD,30974,rural,7,Umland dörflich mit geringem gewerblichem Einfluss,9,967.03,1280,3447.68,8,703.68,1280,2654.02,8,703.79,1280,2658.54,793.6599999999999,213.3333333333333,53.82702268136371,28.84,23.020117876369035,22.88901522183033,-11.11111111111111,-27.232867646298466,1280,23.779877396844554,142.22222222222223,160.0,2.6935,2.073453125,2.076984375,3.5652254842145537,0.7
DPD,30982,rural,8,Umland dörflich ohne gewerblichen Einfluss,10,849.72,1278,3467.78,8,570.9,1278,2414.68,8,570.9,1278,2414.68,1053.1000000000004,213.0,66.6831619829418,20.59,30.368131773065194,30.368131773065194,-20.0,-32.8131619827708,1278,19.16525794513051,127.8,159.75,2.7134428794992176,1.8894209702660405,1.8894209702660405,4.081085534058278,0.7
DPD,30989,rural,8,Umland dörflich ohne gewerblichen Einfluss,10,970.9,1356,3619.61,8,651.28,1356,2595.13,8,651.28,1356,2595.13,1024.48,226.0,43.13135688268341,25.63,28.303601769251383,28.303601769251383,-20.0,-32.91997116077866,1356,31.438843987410316,135.6,169.5,2.669328908554572,1.913812684365782,1.913812684365782,3.7280976413636835,0.7
DPD,31275,suburban,6,Umland Verstädtert,19,1026.79,3643,6194.77,18,539.86,3643,4642.71,17,538.45,3643,4454.93,1552.0600000000004,607.1666666666666,129.47251256919432,4.47,25.054360371732933,28.085627069285863,-5.2631578947368425,-47.42254988848742,3643,28.137246491243168,191.73684210526315,202.38888888888889,1.7004584133955531,1.2744194345319793,1.2228740049409828,6.033142122537228,0.7
DPD,31303,rural,8,Umland dörflich ohne gewerblichen Einfluss,14,909.14,2491,4863.44,13,535.36,2491,3630.2,13,524.29,2491,3610.63,1233.2399999999998,415.1666666666667,112.90680951768702,10.77,25.35736022239402,25.759750300199027,-7.142857142857143,-41.113579866687196,2491,22.062442563393674,177.92857142857142,191.6153846153846,1.9524046567643516,1.4573263749498193,1.4494700923323967,5.349495127263127,0.7
DPD,31311,rural,7,Umland dörflich mit geringem gewerblichem Einfluss,12,1047.34,1650,4497.96,8,604.77,1650,2682.99,8,607.1,1650,2688.39,1814.9700000000005,275.0,139.34872865781722,17.19,40.35095910145933,40.230904676786814,-33.333333333333336,-42.256573796474875,1650,11.84079694082977,137.5,206.25,2.726036363636364,1.6260545454545454,1.6293272727272727,4.294651211640919,0.7
DPD,31319,rural,8,Umland dörflich ohne gewerblichen Einfluss,12,785.81,2115,4109.72,12,458.15,2115,3238.84,12,458.15,2115,3238.84,870.8800000000001,352.5,101.18549289373648,7.08,21.19073805514731,21.19073805514731,0.0,-41.697102352986086,2115,20.902205835189655,176.25,176.25,1.9431300236406621,1.5313664302600474,1.5313664302600474,5.229915628459806,0.7
DPD,31515,rural,7,Umland dörflich mit geringem gewerblichem Einfluss,20,2387.83,3812,7760.66,19,1870.31,3812,6098.72,19,1872.78,3812,6111.34,1661.9399999999996,635.3333333333334,125.1818077488354,38.45,21.414931204304786,21.252316168985626,-5.0,-21.673234694262156,3812,30.451709146495084,190.6,200.6315789473684,2.035849947534103,1.5998740818467996,1.6031846799580274,3.250088992935008,0.7
DPD,31535,rural,7,Umland dörflich mit geringem gewerblichem Einfluss,23,3446.01,3582,10211.27,18,2147.74,3582,6675.98,17,2061.44,3582,6388.22,3535.290000000001,597.0,357.6158854957556,38.17,34.62145257152147,37.43951535901019,-21.73913043478261,-37.674585970441186,3582,10.01633357263855,155.7391304347826,199.0,2.85071747627024,1.863757677275265,1.7834226689000559,2.9632154288583026,0.7
DPD,31832,rural,7,Umland dörflich mit geringem gewerblichem Einfluss,16,1955.6,2309,6536.42,12,1265.18,2309,4325.08,12,1259.09,2309,4316.74,2211.34,384.8333333333333,159.3824695169613,30.86,33.8310573677946,33.95865014794031,-25.0,-35.30476580077725,2309,14.487164159257045,144.3125,192.41666666666666,2.830844521437852,1.8731398873971417,1.8695279341706366,3.3424115361014524,0.7
FedEx,30159,urban,2,Zentrumsnah hochverdichtete Wohnnutzung,32,980.38,6411,8128.94,30,865.23,6411,7442.7,30,863.76,6411,7434.38,686.2399999999998,1644.0,1.955539120782912,10.52,8.441937079127165,8.544287447071813,-6.25,-11.745445643525978,6411,3278.3798247070185,200.34375,213.7,1.2679675557635313,1.1609265325222273,1.1596287630634847,8.291621616108038,0.7
FedEx,30161,urban,2,Zentrumsnah hochverdichtete Wohnnutzung,20,582.0,3810,5031.11,18,484.54,3810,4384.04,19,509.99,3810,4625.26,647.0699999999997,635.0,1.7979843382791898,9.67,12.861376515321664,8.066808318641401,-10.0,-16.74570446735395,3810,2119.0395927733525,190.5,211.66666666666666,1.320501312335958,1.1506666666666667,1.213979002624672,8.644518900343643,0.7
FedEx,30163,suburban,5,Städtisch mit gewerblicher Prägung,12,342.58,2113,3026.95,11,280.12,2113,2656.64,11,280.35,2113,2657.09,370.31,1035.0,2.603733329707664,8.4,12.2337666628124,12.218900213085771,-8.333333333333334,-18.23223772549477,2113,811.527039229182,176.08333333333334,192.0909090909091,1.4325366777094177,1.2572834831992428,1.2574964505442499,8.835746395002626,0.7
FedEx,30167,urban,3,Zentrumsnah verdichtete Mischnutzung,13,463.04,2400,3508.57,12,360.7,2400,3029.16,13,385.92,2400,3260.39,479.4100000000003,629.1666666666666,4.343746915001259,8.75,13.663971361551864,7.07353708205908,-7.6923076923076925,-22.10176226675882,2400,552.5183780186476,184.6153846153846,200.0,1.4619041666666668,1.2621499999999999,1.3584958333333332,7.5772503455425015,0.7
FedEx,30419,suburban,5,Städtisch mit gewerblicher Prägung,11,503.44,1709,3180.93,9,371.2,1709,2458.73,10,351.53,1709,2579.85,722.1999999999998,284.8333333333333,23.77191867081394,5.53,22.704051959647018,18.896360498344823,-18.181818181818183,-26.267281105990783,1709,71.89154664651579,155.36363636363637,189.88888888888889,1.861281451141018,1.4386951433586892,1.5095669982445874,6.31838948037502,0.7
FedEx,30449,urban,3,Zentrumsnah verdichtete Mischnutzung,11,585.24,1576,3070.94,9,430.17,1576,2379.89,9,430.17,1576,2379.89,691.0500000000002,617.1666666666666,2.190643461651216,11.29,22.50288185376465,22.50288185376465,-18.181818181818183,-26.496821816690588,1576,719.4233235982987,143.27272727272728,175.11111111111111,1.9485659898477157,1.5100824873096446,1.5100824873096446,5.247317339894744,0.7
FedEx,30453,suburban,4,Städtisch mit Verdichtungsansätzen,11,642.98,1516,3324.68,8,410.26,1516,2229.35,8,410.26,1516,2229.35,1095.33,252.66666666666663,9.157258958740025,10.07,32.94542632674423,32.94542632674423,-27.272727272727273,-36.19397181871909,1516,165.55172315543984,137.8181818181818,189.5,2.193060686015831,1.470547493403694,1.470547493403694,5.170736259292668,0.7
FedEx,30455,suburban,4,Städtisch mit Verdichtungsansätzen,6,374.08,612,1884.68,4,230.57,612,1202.62,4,230.57,612,1202.62,682.0600000000002,102.0,6.967819653017212,11.34,36.18969798586498,36.18969798586498,-33.333333333333336,-38.36345166809239,612,87.8323536595829,102.0,153.0,3.0795424836601306,1.965065359477124,1.965065359477124,5.038173652694611,0.7
FedEx,30457,suburban,4,Städtisch mit Verdichtungsansätzen,6,420.75,778,1943.16,5,308.38,778,1479.78,5,308.38,778,1479.78,463.3800000000001,129.66666666666666,6.068989648841514,14.63,23.84672389304021,23.84672389304021,-16.666666666666668,-26.707070707070706,778,128.19267209468867,129.66666666666666,155.6,2.497634961439589,1.902030848329049,1.902030848329049,4.618324420677362,0.7
FedEx,30519,urban,3,Zentrumsnah verdichtete Mischnutzung,13,932.1,2369,4086.21,14,903.51,2369,4099.35,11,705.01,2369,3203.41,-13.140000000000327,395.3333333333333,12.113461405690837,15.32,-0.32156937602326674,21.604371777270384,7.6923076923076925,-3.067267460572903,2369,195.5675525483622,182.23076923076923,169.21428571428572,1.7248670325031659,1.7304136766568174,1.3522203461376108,4.383875120695205,0.7
FedEx,30539,rural,7,Umland dörflich mit geringem gewerblichem Einfluss,13,982.97,2429,3965.58,13,913.89,2429,3804.49,13,889.47,2429,3724.28,161.09000000000017,404.8333333333333,19.21423828970633,18.41,4.062205276403455,6.084860222212129,0.0,-7.027681414488747,2429,126.41666889815203,186.84615384615384,186.84615384615384,1.6325977768629065,1.566278303828736,1.533256484149856,4.034283854034202,0.7
FedEx,30559,suburban,4,Städtisch mit Verdichtungsansätzen,21,1274.1100000000001,3537,6228.53,20,1056.31,3537,5437.99,20,1056.31,3537,5437.99,790.5399999999995,897.6666666666667,23.947422635264765,14.959634871133613,12.692240384167693,12.692240384167693,-4.761904761904762,-17.094285422765708,3537,147.69856672556674,168.42857142857142,176.85,1.7609640938648572,1.537458297992649,1.537458297992649,4.8885339570366755,0.7
FedEx,30625,suburban,4,Städtisch mit Verdichtungsansätzen,8,464.82,1206,2328.94,7,365.99,1206,1901.99,7,364.94,1206,1903.57,426.9500000000001,371.5,8.86389555258122,12.59,18.33237438491331,18.26453236236228,-12.5,-21.261993890107995,1206,136.05755988954604,150.75,172.28571428571428,1.9311276948590381,1.577106135986733,1.5784162520729685,5.010412632847124,0.7
FedEx,30657,rural,8,Umland dörflich ohne gewerblichen Einfluss,17,503.17,3429,4306.57,17,471.35,3429,4201.94,17,436.79,3429,4088.98,104.63000000000012,571.5,12.670949194485749,8.22,2.4295436971882522,5.052512788599738,0.0,-6.323906433213425,3429,270.6190315633387,201.7058823529412,201.7058823529412,1.255925925925926,1.2254126567512393,1.1924701079031788,8.558876721585149,0.7
FedEx,30823,suburban,4,Städtisch mit Verdichtungsansätzen,6,358.21,878,1895.1,5,231.19,878,1393.53,5,231.19,878,1393.53,501.57,146.33333333333334,12.528872220645557,8.07,26.466677220199458,26.466677220199458,-16.666666666666668,-35.45964657603081,878,70.07813508970088,146.33333333333334,175.6,2.1584282460136675,1.5871640091116173,1.5871640091116173,5.290472069456464,0.7
FedEx,30827,rural,7,Umland dörflich mit geringem gewerblichem Einfluss,11,463.36,1853,3003.1,10,353.85,1853,2519.43,10,359.06,1853,2523.77,483.6700000000001,459.5,10.610683695060027,4.72,16.10569078618761,15.96117345409743,-9.090909090909092,-23.633891574585636,1853,174.63530656961282,168.45454545454547,185.3,1.6206691851052346,1.359649217485159,1.3619913653534808,6.481137776243093,0.7
FedEx,30853,suburban,6,Umland Verstädtert,12,278.47,2120,3070.65,11,183.24,2120,2565.21,11,183.24,2120,2565.21,505.44000000000005,504.8333333333333,8.711379660258004,4.85,16.46035855600606,16.46035855600606,-8.333333333333334,-34.19757963155816,2120,243.35984455729854,176.66666666666666,192.72727272727272,1.4484198113207547,1.210004716981132,1.210004716981132,11.026861062232914,0.7
FedEx,30855,suburban,4,Städtisch mit Verdichtungsansätzen,46,1046.82,9966,11162.03,45,799.33,9966,10263.12,45,791.93,9966,10243.86,898.9099999999999,1661.6666666666667,58.08159729436245,1.52,8.053284214430528,8.225833472943542,-2.1739130434782608,-23.64207791215299,9966,171.58619019190309,216.65217391304347,221.46666666666667,1.1200110375275938,1.0298133654425046,1.0278807947019868,10.66279780669074,0.7
FedEx,30880,suburban,6,Umland Verstädtert,17,1501.46,3498,5647.21,17,1315.07,3498,5098.46,17,1323.81,3498,5091.83,548.75,583.0,33.96099660372796,22.05,9.717187779452154,9.834590886473146,0.0,-12.413917120669222,3498,103.00051087476089,205.76470588235293,205.76470588235293,1.6144110920526016,1.457535734705546,1.4556403659233847,3.7611458180704114,0.7
FedEx,30890,rural,8,Umland dörflich ohne gewerblichen Einfluss,8,937.98,1281,3095.95,8,699.5,1281,2539.96,7,640.78,1281,2277.03,555.9899999999998,213.5,102.53407734275534,20.22,17.9586233627804,26.451331578352352,0.0,-25.424849143904986,1281,12.493407393893232,160.125,160.125,2.416822794691647,1.9827946916471506,1.7775409836065574,3.300656730420691,0.7
FedEx,30900,rural,7,Umland dörflich mit geringem gewerblichem Einfluss,12,969.32,1597,4274.56,8,473.08,1597,2470.48,9,481.11,1597,2664.6,1804.0800000000004,266.1666666666667,173.55971997363926,10.92,42.205045665518796,37.66375954484205,-33.333333333333336,-51.19465192093427,1597,9.201443746524578,133.08333333333334,199.625,2.6766186599874766,1.5469505322479649,1.66850344395742,4.409854330871126,0.7
FedEx,30916,suburban,6,Umland Verstädtert,17,844.04,3245,5173.86,16,678.21,3245,4348.03,16,678.21,3245,4348.03,825.8299999999999,540.8333333333334,59.876286869182046,11.65,15.961583807833998,15.961583807833998,-5.882352941176471,-19.64717311975735,3245,54.195077378289824,190.88235294117646,202.8125,1.5944098613251154,1.3399167950693374,1.3399167950693374,6.129875361357281,0.7
FedEx,30926,rural,8,Umland dörflich ohne gewerblichen Einfluss,8,649.9300000000001,1266,2778.12,7,410.95,1266,2064.49,8,468.19,1266,2316.27,713.6300000000001,211.0,53.8021301528445,10.98,25.68751529811528,16.624551855211436,-12.5,-36.770113704552806,1266,23.5306668416932,158.25,180.85714285714286,2.1944075829383887,1.6307187993680883,1.8295971563981042,4.274491099041435,0.7
FedEx,30938,rural,7,Umland dörflich mit geringem gewerblichem Einfluss,17,1285.81,3131,5341.55,15,1007.76,3131,4338.42,16,997.28,3131,4427.74,1003.13,521.8333333333334,153.22446344831192,16.47,18.779754940045496,17.107581132817263,-11.764705882352942,-21.6245012871264,3131,20.434073838713086,184.1764705882353,208.73333333333332,1.706020440753753,1.3856339827531141,1.414161609709358,4.154229629572021,0.7
FedEx,30952,suburban,4,Städtisch mit Verdichtungsansätzen,6,587.51,979,2378.91,7,468.88,979,2183.18,7,468.88,979,2183.18,195.73,163.16666666666666,37.755537878390655,17.01,8.227717736274176,8.227717736274176,16.666666666666668,-20.19199673197052,979,25.929970939715567,163.16666666666666,139.85714285714286,2.4299387129724206,2.2300102145045964,2.2300102145045964,4.049139589113377,0.7
FedEx,30966,rural,8,Umland dörflich ohne gewerblichen Einfluss,6,529.77,1063,2133.8,6,420.33,1063,1849.55,6,420.33,1063,1849.55,284.2500000000002,177.16666666666666,31.83238567652256,18.53,13.321304714593692,13.321304714593692,0.0,-20.6580214055156,1063,33.3936642638757,177.16666666666666,177.16666666666666,2.0073377234242713,1.739934148635936,1.739934148635936,4.0277856428261325,0.7
FedEx,30974,rural,7,Umland dörflich mit geringem gewerblichem Einfluss,6,672.3199999999999,802,2247.0,4,403.43,802,1382.66,5,481.93,802,1665.53,864.3399999999999,133.66666666666666,53.82702268136371,23.36,38.46639964396973,25.877614597240765,-33.333333333333336,-39.99434792955735,802,14.899579431460417,133.66666666666666,200.5,2.8017456359102244,1.7240149625935164,2.076720698254364,3.342158495954308,0.7
FedEx,30982,rural,8,Umland dörflich ohne gewerblichen Einfluss,6,687.45,618,2296.92,4,401.46,618,1401.36,4,401.46,618,1401.36,895.5600000000002,103.0,66.6831619829418,25.47,38.989603468993266,38.989603468993266,-33.333333333333336,-41.60157102334716,618,9.26770689365466,103.0,154.5,3.7166990291262136,2.2675728155339803,2.2675728155339803,3.341217543094043,0.7
FedEx,30989,rural,8,Umland dörflich ohne gewerblichen Einfluss,6,547.46,876,2198.67,6,418.13,876,1880.5,6,418.13,876,1880.5,318.1700000000001,146.0,43.13135688268341,16.61,14.471021117311832,14.471021117311832,0.0,-23.623643736528702,876,20.310049655583654,146.0,146.0,2.5098972602739726,2.146689497716895,2.146689497716895,4.016129032258064,0.7
FedEx,31275,suburban,6,Umland Verstädtert,12,1350.71,2133,4769.67,12,948.67,2133,3774.64,12,948.67,2133,3774.64,995.0300000000002,355.5,129.47251256919432,24.61,20.86161097098961,20.86161097098961,0.0,-29.765086510057678,2133,16.474539326330408,177.75,177.75,2.2361322081575246,1.7696390060947023,1.7696390060947023,3.5312317225755345,0.7
FedEx,31303,rural,8,Umland dörflich ohne gewerblichen Einfluss,10,965.61,1243,3633.31,7,566.0,1243,2258.89,7,579.62,1243,2283.74,1374.42,207.16666666666663,112.90680951768702,23.03,37.82831632863697,37.14436698217329,-30.0,-41.384202731951824,1243,11.009079127377895,124.3,177.57142857142858,2.9230168946098147,1.817288817377313,1.83728077232502,3.762709582543677,0.7
FedEx,31311,rural,7,Umland dörflich mit geringem gewerblichem Einfluss,6,834.94,675,2497.49,4,500.33,675,1520.04,4,498.28,675,1513.56,977.4499999999998,112.5,139.34872865781722,33.34,39.13729384301839,39.39675434135872,-33.333333333333336,-40.07593360001917,675,4.8439623848849065,112.5,168.75,3.699985185185185,2.251911111111111,2.242311111111111,2.991220926054566,0.7
FedEx,31319,rural,8,Umland dörflich ohne gewerblichen Einfluss,6,658.37,751,2264.31,5,431.5,751,1622.79,5,431.5,751,1622.79,641.52,125.16666666666669,101.18549289373648,25.21,28.33180969036925,28.33180969036925,-16.666666666666668,-34.45934656803925,751,7.422012568429046,125.16666666666667,150.2,3.0150599201065247,2.160838881491345,2.160838881491345,3.4392666737548794,0.7
FedEx,31515,rural,7,Umland dörflich mit geringem gewerblichem Einfluss,13,1233.61,2478,4793.63,13,931.16,2478,3964.96,13,934.02,2478,3963.61,828.6700000000001,413.0,125.1818077488354,19.63,17.2868994895309,17.315061863347818,0.0,-24.517473107384017,2478,19.79520862146244,190.6153846153846,190.6153846153846,1.9344753833736885,1.6000645682001615,1.5995197740112994,3.8858553351545466,0.7
FedEx,31535,rural,7,Umland dörflich mit geringem gewerblichem Einfluss,14,1842.6,2005,6040.7,11,1024.8,2005,3834.24,11,1024.8,2005,3834.24,2206.46,334.1666666666667,357.6158854957556,17.87,36.526561491217905,36.526561491217905,-21.428571428571427,-44.38293715402149,2005,5.606574208023532,143.21428571428572,182.27272727272728,3.012817955112219,1.9123391521197006,1.9123391521197006,3.278356669922935,0.7
FedEx,31832,rural,7,Umland dörflich mit geringem gewerblichem Einfluss,10,1414.36,1068,4275.86,7,883.42,1068,2669.51,7,869.6400000000001,1068,2675.09,1606.3499999999997,178.0,159.3824695169613,29.81,37.56788108123277,37.43738101808758,-30.0,-37.539240363132436,1068,6.700862417534224,106.8,152.57142857142858,4.0036142322097374,2.499541198501873,2.5047659176029966,3.0231765604230887,0.7
GLS,30159,urban,2,Zentrumsnah hochverdichtete Wohnnutzung,17,650.55,2672,4600.34,17,538.4200000000001,2672,4217.639999999999,17,541.72,2672,4226.79,382.7000000000003,792.6666666666666,6.7310008289087495,9.705644296049787,8.318950338453261,8.120051996156809,0.0,-17.236184766735825,2672,396.9691978827453,157.1764705882353,157.1764705882353,1.721684131736527,1.5784580838323352,1.58188248502994,7.071462608561987,0.7
GLS,30161,urban,2,Zentrumsnah hochverdichtete Wohnnutzung,11,421.0,1649,2926.55,8,280.12,1649,2036.48,9,308.62,1649,2270.14,890.0700000000002,274.8333333333333,1.7979843382791898,12.21,30.413626966906428,22.429481813056338,-27.272727272727273,-33.46318289786223,1649,917.1381334601728,149.9090909090909,206.125,1.7747422680412372,1.2349787750151606,1.3766767738023042,6.951425178147269,0.7
GLS,30163,suburban,5,Städtisch mit gewerblicher Prägung,25,1310.33,4073,7249.26,23,1035.46,4073,6122.9800000000005,23,1035.52,4073,6122.85,1126.2799999999995,865.5,15.860716766066432,15.006713829530264,15.536482344404805,15.538275630891977,-8.0,-20.977158425740072,4073,256.7979783053734,162.92,177.08695652173913,1.7798330468941812,1.5033095998035848,1.5032776822980605,5.532392603389987,0.7
GLS,30167,urban,3,Zentrumsnah verdichtete Mischnutzung,7,327.37,1202,1998.89,7,289.91,1202,1868.35,8,305.84000000000003,1202,2060.82,130.5400000000002,357.8333333333333,4.343746915001259,13.39,6.530624496595619,-3.0982195118290683,0.0,-11.442710083391875,1202,276.719620991006,171.71428571428572,171.71428571428572,1.6629700499168054,1.5543677204658901,1.7144925124792014,6.105904633900479,0.7
GLS,30419,suburban,5,Städtisch mit gewerblicher Prägung,15,1063.28,2617,4855.1,13,767.5899999999999,2617,3733.17,13,767.5899999999999,2617,3733.17,1121.9300000000003,436.1666666666667,23.77191867081394,17.6,23.108277893349268,23.108277893349268,-13.333333333333334,-27.809231810999933,2617,110.08787453126497,174.46666666666667,201.30769230769232,1.8552158960641958,1.4265074512800917,1.4265074512800917,4.5661537882777825,0.7
GLS,30449,urban,3,Zentrumsnah verdichtete Mischnutzung,13,678.9200000000001,2351,3845.42,15,585.02,2351,3839.2799999999997,15,583.1800000000001,2351,3833.48,6.1400000000001,525.0,9.465034651991742,9.611407471580222,0.1596704651247543,0.31049924325561457,15.384615384615385,-13.83079007835976,2351,248.3878914807011,180.84615384615384,156.73333333333332,1.6356529136537643,1.633041259038707,1.630574223734581,5.664025216520355,0.7
GLS,30453,suburban,4,Städtisch mit Verdichtungsansätzen,10,551.9300000000001,1373,2974.66,8,403.51,1373,2216.03,8,403.51,1373,2216.03,758.6299999999997,228.8333333333333,9.157258958740025,13.29,25.50308270525034,25.50308270525034,-20.0,-26.891091261573035,1373,149.93569649895707,137.3,171.625,2.1665404224326292,1.6140058266569557,1.6140058266569557,5.389560270324134,0.7
GLS,30455,suburban,4,Städtisch mit Verdichtungsansätzen,8,472.73,1201,2494.23,8,383.34,1201,2199.96,8,381.99,1201,2192.67,294.27,200.16666666666663,6.967819653017212,13.26,11.798029852900495,12.090304422607375,0.0,-18.909313984727017,1201,172.36381821104422,150.125,150.125,2.0767943380516236,1.8317735220649458,1.8257035803497086,5.276225329469253,0.7
GLS,30457,suburban,4,Städtisch mit Verdichtungsansätzen,7,351.02,1189,2124.69,8,313.81,1189,2093.85,8,308.0,1189,2079.74,30.840000000000146,198.16666666666663,6.068989648841514,10.08,1.4515058667382132,2.1156027467536567,14.285714285714286,-10.600535582018114,1189,195.91399372825813,169.85714285714286,148.625,1.786955424726661,1.761017661900757,1.7491505466778803,6.052902968491824,0.7
GLS,30519,urban,3,Zentrumsnah verdichtete Mischnutzung,12,407.2,2083,3335.02,11,259.41,2083,2703.58,11,259.41,2083,2703.58,631.44,347.3333333333333,12.113461405690837,6.5600000000000005,18.933619588488227,18.933619588488227,-8.333333333333334,-36.294204322200386,2083,171.9574554488132,173.58333333333334,189.36363636363637,1.6010657705232838,1.2979260681709073,1.2979260681709073,8.190127701375246,0.7
GLS,30539,rural,7,Umland dörflich mit geringem gewerblichem Einfluss,8,297.04,1310,2294.27,8,206.27,1310,1976.38,8,206.49,1310,1982.01,317.8899999999999,218.3333333333333,19.21423828970633,5.29,13.855823420957423,13.61042946122296,0.0,-30.558173983301916,1310,68.1786069397197,163.75,163.75,1.751351145038168,1.5086870229007634,1.5129847328244275,7.723774575814704,0.7
GLS,30559,suburban,4,Städtisch mit Verdichtungsansätzen,34,1841.85,5641,10383.52,35,1495.03,5641,9297.57,33,1375.3,5641,8741.42,1085.9500000000003,940.1666666666666,50.00544743735418,11.816105075783467,10.458399463765666,15.814482949905237,2.9411764705882355,-18.829980725900587,5641,112.80770974136232,165.91176470588235,161.17142857142858,1.840723276014891,1.6482130827867398,1.549622407374579,5.637549203246736,0.7
GLS,30625,suburban,4,Städtisch mit Verdichtungsansätzen,13,623.24,1959,3822.52,13,459.74,1959,3339.94,13,460.62,1959,3341.54,482.57999999999987,326.5,12.254281076148747,10.641569728793101,12.624655986103406,12.58279878195536,0.0,-26.233874590847826,1959,159.86249930344107,150.69230769230768,150.69230769230768,1.9512608473711077,1.704920877998979,1.7057376212353241,6.133303382324626,0.7
GLS,30657,rural,8,Umland dörflich ohne gewerblichen Einfluss,8,461.12,1325,2543.35,7,383.75,1325,2082.22,8,397.79,1325,2232.37,461.1300000000001,220.8333333333333,12.670949194485749,16.66,18.130811724693817,12.227180686889339,-12.5,-16.778712699514227,1325,104.56990866766515,165.625,189.28571428571428,1.919509433962264,1.57148679245283,1.6848075471698112,5.515592470506593,0.7
GLS,30823,suburban,4,Städtisch mit Verdichtungsansätzen,11,1115.97,1687,3786.92,9,808.73,1687,2778.37,9,812.61,1687,2795.53,1008.5500000000002,281.1666666666667,12.528872220645557,21.76,26.63246120858112,26.179322510113757,-18.181818181818183,-27.53120603600455,1687,134.64899077030228,153.36363636363637,187.44444444444446,2.2447658565500888,1.6469294605809128,1.6571013633669236,3.3933887111660708,0.7
GLS,30827,rural,7,Umland dörflich mit geringem gewerblichem Einfluss,19,2117.23,2811,6997.14,16,1560.65,2811,5172.75,17,1640.65,2811,5452.58,1824.39,468.4999999999999,67.00018830712914,25.64503436125692,26.07336711856559,22.074161728934968,-15.789473684210526,-26.288121743976795,2811,41.95510596349916,147.94736842105263,175.6875,2.4891995731056564,1.8401814300960513,1.939729633582355,3.304855873003878,0.7
GLS,30853,suburban,6,Umland Verstädtert,12,987.8900000000001,2220,3983.51,14,948.48,2220,3945.6099999999997,13,890.49,2220,3698.8199999999997,37.90000000000009,370.0,12.833286131520444,18.435733743208036,0.9514222381768979,7.146712321545584,16.666666666666668,-3.9893105507698303,2220,172.98764924654432,185.0,158.57142857142858,1.794373873873874,1.7773018018018016,1.666135135135135,4.032341657471986,0.7
GLS,30855,suburban,4,Städtisch mit Verdichtungsansätzen,25,2206.2,5111,8054.6,24,1846.53,5111,6904.4,24,1850.83,5111,6927.76,1150.2000000000007,851.8333333333334,58.08159729436245,22.3,14.280038735629338,13.990018126288085,-4.0,-16.302692412292625,5111,87.99689123728845,204.44,212.95833333333334,1.5759342594404226,1.350890236744277,1.3554607708863236,3.650892938083583,0.7
GLS,30880,suburban,6,Umland Verstädtert,15,446.04,2630,4260.6,13,239.28,2630,3169.67,14,244.0,2630,3369.76,1090.9300000000003,438.3333333333333,33.96099660372796,1.58,25.605079096840825,20.908792188893585,-13.333333333333334,-46.35458703255314,2630,77.44177918828507,175.33333333333334,202.30769230769232,1.62,1.2051977186311786,1.281277566539924,9.552058111380145,0.7
GLS,30890,rural,8,Umland dörflich ohne gewerblichen Einfluss,16,1575.75,2471,6159.7,12,984.74,2471,4049.38,13,1056.79,2471,4315.47,2110.32,411.8333333333333,102.53407734275534,23.44,34.260110070295624,29.940256830689798,-25.0,-37.50658416627003,2471,24.09930497291973,154.4375,205.91666666666666,2.49279643868879,1.6387616349656011,1.7464467826790775,3.9090591781691257,0.7
GLS,30900,rural,7,Umland dörflich mit geringem gewerblichem Einfluss,17,2135.25,2487,6933.91,13,1352.49,2487,4514.56,13,1348.96,2487,4518.27,2419.3499999999995,414.5,173.55971997363926,31.36,34.8915691146842,34.838063949488806,-23.529411764705884,-36.6589392342817,2487,14.329361676647856,146.2941176470588,191.30769230769232,2.7880619219943705,1.8152633695215121,1.816755126658625,3.2473527689966044,0.7
GLS,30916,suburban,6,Umland Verstädtert,12,1056.18,2276,4460.2,12,810.3100000000001,2276,3601.96,13,840.06,2276,3830.61,858.2399999999998,379.3333333333333,59.876286869182046,19.31,19.242186449038154,14.11573472041612,0.0,-23.27917589804768,2276,38.01170912572809,189.66666666666666,189.66666666666666,1.959666080843585,1.5825834797891036,1.6830448154657294,4.222954420647995,0.7
GLS,30926,rural,8,Umland dörflich ohne gewerblichen Einfluss,14,1277.69,2421,5195.24,13,936.4,2421,4085.81,13,936.4,2421,4085.81,1109.4299999999998,403.5,53.8021301528445,20.06,21.354740108252937,21.354740108252937,-7.142857142857143,-26.711487136942456,2421,44.998218344185815,172.92857142857142,186.23076923076923,2.145906650144568,1.687653862040479,1.687653862040479,4.066119324718828,0.7
GLS,30938,rural,7,Umland dörflich mit geringem gewerblichem Einfluss,12,1274.14,1873,4553.11,10,847.64,1873,3194.04,10,847.64,1873,3194.04,1359.0699999999997,312.1666666666667,153.22446344831192,28.43,29.849267863065023,29.849267863065023,-16.666666666666668,-33.47355863562875,1873,12.22389661447129,156.08333333333334,187.3,2.430918312867058,1.7053069941270689,1.7053069941270689,3.5734770119453114,0.7
GLS,30952,suburban,4,Städtisch mit Verdichtungsansätzen,12,739.5600000000001,1710,3933.43,9,449.64,1710,2602.48,9,449.32,1710,2596.35,1330.9499999999998,285.0,37.755537878390655,11.4,33.83688028006091,33.99272390763278,-25.0,-39.20168748985884,1710,45.291369057112995,142.5,190.0,2.300251461988304,1.5219181286549708,1.5183333333333333,5.318608361728595,0.7
GLS,30966,rural,8,Umland dörflich ohne gewerblichen Einfluss,11,478.86,1619,3262.52,8,275.64,1619,2123.04,8,275.64,1619,2123.04,1139.48,269.8333333333333,31.83238567652256,6.33,34.926375930262495,34.926375930262495,-27.272727272727273,-42.43829094098484,1619,50.8601528158182,147.1818181818182,202.375,2.0151451513279803,1.3113279802347129,1.3113279802347129,6.813097773879631,0.7
GLS,30974,rural,7,Umland dörflich mit geringem gewerblichem Einfluss,9,613.47,1120,3010.52,8,442.17,1120,2318.9,8,442.17,1120,2318.9,691.6199999999999,186.66666666666663,53.82702268136371,16.59,22.973439804419165,22.973439804419165,-11.11111111111111,-27.923125825223725,1120,20.807392722238983,124.44444444444444,140.0,2.6879642857142856,2.0704464285714286,2.0704464285714286,4.907363033237159,0.7
GLS,30982,rural,8,Umland dörflich ohne gewerblichen Einfluss,7,386.96,1154,2369.4,8,214.65,1154,2027.79,8,214.65,1154,2027.79,341.6100000000001,192.3333333333333,66.6831619829418,6.34,14.41757406938466,14.41757406938466,14.285714285714286,-44.52915029977258,1154,17.305718050610803,164.85714285714286,144.25,2.053206239168111,1.7571837088388214,1.7571837088388214,6.12311350010337,0.7
GLS,30989,rural,8,Umland dörflich ohne gewerblichen Einfluss,7,596.24,1172,2573.52,8,445.24,1172,2338.1,7,400.73,1172,2074.91,235.42000000000007,195.3333333333333,43.13135688268341,16.28,9.14778202617427,19.37463085579285,14.285714285714286,-25.32537233328861,1172,27.172806160210097,167.42857142857142,146.5,2.1958361774744026,1.994965870307167,1.7704010238907848,4.316248490540722,0.7
GLS,31275,suburban,6,Umland Verstädtert,17,1483.84,3227,6214.08,16,1032.93,3227,4752.61,16,1032.93,3227,4752.61,1461.4700000000005,537.8333333333334,129.47251256919432,17.38,23.51868659560225,23.51868659560225,-5.882352941176471,-30.388047228811722,3227,24.92420928554535,189.8235294117647,201.6875,1.925652308645801,1.4727641772544158,1.4727641772544158,4.187836963554022,0.7
GLS,31303,rural,8,Umland dörflich ohne gewerblichen Einfluss,13,1321.24,2208,4977.69,12,936.38,2208,3754.39,12,924.21,2208,3747.37,1223.2999999999995,368.0,112.90680951768702,24.81,24.575656579658432,24.71668585227284,-7.6923076923076925,-29.128697284369228,2208,19.555950694489454,169.84615384615384,184.0,2.2543885869565217,1.7003577898550724,1.6971784420289855,3.7674381641488295,0.7
GLS,31311,rural,7,Umland dörflich mit geringem gewerblichem Einfluss,12,1456.49,1483,4809.94,8,884.59,1483,2909.63,8,884.59,1483,2909.63,1900.3099999999995,247.16666666666663,139.34872865781722,30.959999999999997,39.507977230485196,39.507977230485196,-33.333333333333336,-39.265631758542796,1483,10.642364765606395,123.58333333333333,185.375,3.243385030343897,1.961989211058665,1.961989211058665,3.30241882882821,0.7
GLS,31319,rural,8,Umland dörflich ohne gewerblichen Einfluss,12,803.13,1985,4079.7,11,494.45,1985,3077.51,10,472.23,1985,2854.86,1002.1899999999996,330.8333333333333,101.18549289373648,11.040000000000001,24.56528666323503,30.022795793808363,-8.333333333333334,-38.43462453152043,1985,19.617436682199273,165.41666666666666,180.45454545454547,2.055264483627204,1.550382871536524,1.4382166246851387,5.079750476261626,0.7
GLS,31515,rural,7,Umland dörflich mit geringem gewerblichem Einfluss,19,2669.19,3284,7867.71,17,2040.7,3284,5938.85,17,2039.53,3284,5932.93,1928.86,547.3333333333334,125.1818077488354,33.59,24.516155272626975,24.591399530485994,-10.526315789473685,-23.546094508071736,3284,26.233843871219793,172.8421052631579,193.1764705882353,2.395770401948843,1.8084196102314252,1.8066169305724726,2.9476020815303516,0.7
GLS,31535,rural,7,Umland dörflich mit geringem gewerblichem Einfluss,23,3855.99,3227,10599.7,17,2383.12,3227,6708.93,17,2376.81,3227,6705.14,3890.77,537.8333333333334,357.6158854957556,38.52,36.70641621932697,36.74217194826269,-26.08695652173913,-38.19693515802686,3227,9.023648363736626,140.30434782608697,189.8235294117647,3.284691664084289,2.078999070343973,2.0778246048961884,2.7488919836410366,0.7
GLS,31832,rural,7,Umland dörflich mit geringem gewerblichem Einfluss,14,1162.39,2069,5214.95,12,722.15,2069,3700.62,11,696.73,2069,3475.26,1514.33,344.8333333333333,159.3824695169613,16.88,29.038245812519776,33.359667877927876,-14.285714285714286,-37.873691274013034,2069,12.98135238003587,147.78571428571428,172.41666666666666,2.5205171580473658,1.7886031899468342,1.6796810053165783,4.486403014478789,0.7
Hermes,30159,urban,2,Zentrumsnah hochverdichtete Wohnnutzung,23,809.66,3485,6257.18,19,646.27,3485,4903.81,18,609.19,3485,4662.41,1353.3699999999994,1065.6666666666667,6.7310008289087495,10.408882066154657,21.629072521487313,25.487040487887523,-17.391304347826086,-20.18007558728355,3485,517.7536132564998,151.52173913043478,183.42105263157896,1.7954605451936874,1.407119081779053,1.3378507890961262,7.728157498209126,0.7
Hermes,30161,urban,2,Zentrumsnah hochverdichtete Wohnnutzung,12,341.13,2187,3109.56,12,281.69,2187,2909.33,12,279.82,2187,2905.35,200.23,364.5,1.7979843382791898,7.900000000000001,6.439174674230438,6.567167059005134,0.0,-17.42444229472635,2187,1216.3620969541528,182.25,182.25,1.421838134430727,1.330283493369913,1.3284636488340191,9.115469175973969,0.7
Hermes,30163,suburban,5,Städtisch mit gewerblicher Prägung,46,1234.17,7302,11807.880000000001,40,900.86,7302,9658.16,39,879.35,7302,9429.83,2149.7200000000003,1217.0,19.436906373559538,5.839714464413029,18.205808324610352,20.139517000511532,-13.043478260869565,-27.006814296247686,7302,375.6770681332846,158.7391304347826,182.55,1.6170747740345113,1.3226732402081622,1.2914037250068475,9.567466394418922,0.7
Hermes,30167,urban,3,Zentrumsnah verdichtete Mischnutzung,11,312.57,1629,2839.17,9,229.15,1629,2219.71,10,245.59,1629,2452.79,619.46,486.3333333333333,4.343746915001259,7.06,21.818348320107635,13.60890682840408,-18.181818181818183,-26.68842179351825,1629,375.02184908015704,148.0909090909091,181.0,1.7428913443830572,1.362621240024555,1.5057028852056475,9.08330933870813,0.7
Hermes,30419,suburban,5,Städtisch mit gewerblicher Prägung,20,638.79,3791,5444.13,18,411.42,3791,4386.16,18,414.21,3791,4389.21,1057.9700000000005,631.8333333333334,23.77191867081394,4.3,19.433224408675038,19.3772007648605,-10.0,-35.593857136148024,3791,159.473875562868,189.55,210.61111111111111,1.4360670007913479,1.1569928778686362,1.1577974149300976,8.522566101535716,0.7
Hermes,30449,urban,3,Zentrumsnah verdichtete Mischnutzung,22,1027.8400000000001,3350,6204.17,19,772.94,3350,4984.58,19,772.38,3350,4984.63,1219.5900000000001,745.0,9.465034651991742,11.439158758480321,19.657585140316918,19.656779230743194,-13.636363636363637,-24.799579701120802,3350,353.9342562570602,152.27272727272728,176.31578947368422,1.8519910447761194,1.487934328358209,1.4879492537313432,6.036124299501867,0.7
Hermes,30453,suburban,4,Städtisch mit Verdichtungsansätzen,12,556.15,1923,3456.84,10,358.25,1923,2607.0,11,382.19,1923,2823.57,849.8400000000001,320.5,9.157258958740025,8.55,24.584302426493565,18.3193321067796,-16.666666666666668,-35.58392520003596,1923,209.9973374854293,160.25,192.3,1.797628705148206,1.3556942277691109,1.4683151326053043,6.215661242470557,0.7
Hermes,30455,suburban,4,Städtisch mit Verdichtungsansätzen,11,512.28,1769,3243.07,9,350.79,1769,2425.88,10,380.34,1769,2657.23,817.19,294.8333333333333,6.967819653017212,9.92,25.198037661845103,18.064364938160452,-18.181818181818183,-31.523776059967197,1769,253.8814274898728,160.8181818181818,196.55555555555554,1.8332786885245902,1.371328434143584,1.5021085358959865,6.33065901460139,0.7
Hermes,30457,suburban,4,Städtisch mit Verdichtungsansätzen,11,587.63,1718,3330.43,9,439.45,1718,2531.89,10,477.13,1718,2780.26,798.54,286.3333333333333,6.068989648841514,13.07,23.977084040199014,16.519488474461244,-18.181818181818183,-25.21654782771472,1718,283.0784198697624,156.1818181818182,190.88888888888889,1.9385506402793946,1.473742724097788,1.6183119906868453,5.667562922246992,0.7
Hermes,30519,urban,3,Zentrumsnah verdichtete Mischnutzung,16,989.77,2919,4959.44,14,780.07,2919,3989.46,14,779.63,2919,3987.69,969.9799999999996,486.6666666666667,12.113461405690837,13.55,19.5582565773555,19.593946090687652,-12.5,-21.186740353819566,2919,240.97158543211026,182.4375,208.5,1.6990202124015072,1.36672147995889,1.366115107913669,5.010699455429039,0.7
Hermes,30539,rural,7,Umland dörflich mit geringem gewerblichem Einfluss,11,811.1,1846,3488.44,10,631.3,1846,2862.24,10,638.37,1846,2865.95,626.2000000000003,307.6666666666667,19.21423828970633,16.65,17.95071722603801,17.84436596300926,-9.090909090909092,-22.167426951054132,1846,96.07458657307066,167.8181818181818,184.6,1.8897291440953412,1.5505092091007582,1.552518959913326,4.3008753544569105,0.7
Hermes,30559,suburban,4,Städtisch mit Verdichtungsansätzen,51,2636.31,8041,15005.36,44,1928.3,8041,11781.89,42,1818.8700000000001,8041,11198.04,3223.4700000000003,1340.1666666666665,50.00544743735418,12.53611045697497,21.48212372112366,25.373066690835806,-13.72549019607843,-26.856098106823552,8041,160.80248077119205,157.66666666666666,182.75,1.866106205695809,1.465226961820669,1.392617833602786,5.691804074634622,0.7
Hermes,30625,suburban,4,Städtisch mit Verdichtungsansätzen,17,897.52,2831,5037.92,17,780.51,2831,4599.02,15,702.06,2831,4060.42,438.89999999999964,471.8333333333333,12.254281076148747,10.98173456942107,8.711928732492767,19.402848794740688,0.0,-13.037035386398076,2831,231.02130450640206,166.52941176470588,166.52941176470588,1.779554927587425,1.6245213705404453,1.4342705757682799,5.613156252785453,0.7
Hermes,30657,rural,8,Umland dörflich ohne gewerblichen Einfluss,11,420.8,1834,3123.63,10,287.44,1834,2549.12,11,303.95,1834,2760.93,574.5100000000002,305.6666666666667,12.670949194485749,6.89,18.392383220804007,11.611490477425312,-9.090909090909092,-31.69201520912548,1834,144.74053773320594,166.72727272727272,183.4,1.7031788440567066,1.3899236641221373,1.5054143947655396,7.423075095057034,0.7
Hermes,30823,suburban,4,Städtisch mit Verdichtungsansätzen,13,550.15,2384,3797.72,12,366.35,2384,3056.3,13,385.48,2384,3277.73,741.4199999999996,397.3333333333333,12.528872220645557,8.05,19.52276629135375,13.69216266602066,-7.6923076923076925,-33.4090702535672,2384,190.28049436656823,183.3846153846154,198.66666666666666,1.5930033557046979,1.282005033557047,1.374886744966443,6.903062801054258,0.7
Hermes,30827,rural,7,Umland dörflich mit geringem gewerblichem Einfluss,23,1047.6,4021,7030.280000000001,19,673.45,4021,5098.4400000000005,22,712.3,4021,5746.870000000001,1931.8400000000001,670.1666666666666,67.00018830712914,8.395034361256915,27.478848637607605,18.255460664440104,-17.391304347826086,-35.71496754486444,4021,60.014756698409855,174.82608695652175,211.6315789473684,1.7483909475254913,1.2679532454613283,1.4292141258393436,6.7108438335242475,0.7
Hermes,30853,suburban,6,Umland Verstädtert,20,486.33,3127,5209.639999999999,18,299.01,3127,4231.33,18,291.84,3127,4214.98,978.31,521.1666666666666,12.833286131520444,3.650431503435982,18.77884076442901,19.09268202793283,-10.0,-38.51705631978287,3127,243.66323387114596,156.35,173.72222222222223,1.6660185481291971,1.353159577870163,1.3479309242085065,10.712150186087635,0.7
Hermes,30855,suburban,4,Städtisch mit Verdichtungsansätzen,34,860.9,7102,8695.93,32,594.46,7102,7445.0,32,594.36,7102,7432.93,1250.9300000000003,1183.6666666666667,58.08159729436245,2.52,14.385235391729237,14.524035957051172,-5.882352941176471,-30.949006853293056,7102,122.27625152948984,208.88235294117646,221.9375,1.224433962264151,1.0482962545761758,1.0465967333145594,10.100975723080499,0.7
Hermes,30880,suburban,6,Umland Verstädtert,17,1541.36,3668,5971.7,18,1382.03,3668,5446.23,18,1355.87,3668,5430.09,525.4700000000003,611.3333333333334,33.96099660372796,20.27,8.799336872247439,9.069611668369136,5.882352941176471,-10.336975138838424,3668,108.00625325575271,215.76470588235293,203.77777777777777,1.6280534351145037,1.4847955288985821,1.4803953107960741,3.8743058078579957,0.7
Hermes,30890,rural,8,Umland dörflich ohne gewerblichen Einfluss,20,1819.04,3618,7080.31,18,1356.85,3618,5478.86,18,1355.5,3618,5451.78,1601.4500000000007,603.0,102.53407734275534,19.74,22.61835993056802,23.000829059744564,-10.0,-25.408457208197735,3618,35.285829782283926,180.9,201.0,1.9569679380873413,1.514333886124931,1.5068490878938638,3.8923333186735865,0.7
Hermes,30900,rural,7,Umland dörflich mit geringem gewerblichem Einfluss,20,1598.51,3644,7373.69,18,1000.77,3644,5370.1,18,1013.57,3644,5357.05,2003.5899999999992,607.3333333333334,173.55971997363926,12.320000000000002,27.172148544351597,27.34912913344607,-10.0,-37.39357276463707,3644,20.99565498580812,182.2,202.44444444444446,2.0235153677277715,1.473682766190999,1.4701015367727772,4.612851968395568,0.7
Hermes,30916,suburban,6,Umland Verstädtert,17,941.58,3232,5593.33,16,704.0600000000001,3232,4487.99,16,675.88,3232,4477.55,1105.34,538.6666666666666,59.876286869182046,10.8,19.761751943833104,19.948402829799058,-5.882352941176471,-25.225684487775865,3232,53.97796304672811,190.11764705882354,202.0,1.7306095297029702,1.3886107673267325,1.3853805693069308,5.9403661929947535,0.7
Hermes,30926,rural,8,Umland dörflich ohne gewerblichen Einfluss,17,1020.79,3537,5595.25,18,739.35,3537,4844.7,19,743.65,3537,5082.09,750.5500000000002,589.5,53.8021301528445,10.52,13.414056565837097,9.171350699253829,5.882352941176471,-27.57080300551533,3537,65.7408914842566,208.05882352941177,196.5,1.5819197059655075,1.3697201017811704,1.436836301950806,5.4812938998226866,0.7
Hermes,30938,rural,7,Umland dörflich mit geringem gewerblichem Einfluss,16,1409.17,2656,5707.67,13,993.76,2656,4010.04,14,1057.79,2656,4278.56,1697.63,442.6666666666667,153.22446344831192,16.57,29.74295991183793,25.03841322290882,-18.75,-29.47905504658771,2656,17.334046667397622,166.0,204.30769230769232,2.148972138554217,1.50980421686747,1.6109036144578315,4.050377172378067,0.7
Hermes,30952,suburban,4,Städtisch mit Verdichtungsansätzen,14,965.72,2488,4859.72,13,725.51,2488,3888.91,13,731.52,2488,3881.22,970.8100000000004,414.6666666666667,37.755537878390655,15.6,19.97666532228195,20.134904891639856,-7.142857142857143,-24.87366938657168,2488,65.89761766906264,177.71428571428572,191.3846153846154,1.9532636655948554,1.5630667202572346,1.559975884244373,5.0322246613925365,0.7
Hermes,30966,rural,8,Umland dörflich ohne gewerblichen Einfluss,12,888.88,2313,4128.35,13,742.3,2313,3811.24,12,702.65,2313,3549.74,317.1100000000006,385.5,31.83238567652256,16.87,7.681277023508195,14.015526784308515,8.333333333333334,-16.490414904149045,2313,72.66184895799105,192.75,177.92307692307693,1.7848465196714225,1.6477475140510158,1.534690877648076,4.644440194401945,0.7
Hermes,30974,rural,7,Umland dörflich mit geringem gewerblichem Einfluss,12,1148.8,1616,4321.71,9,759.0799999999999,1616,2929.58,10,827.7,1616,3197.11,1392.13,269.3333333333333,53.82702268136371,22.19,32.21248070786795,26.02210699005717,-25.0,-33.924094707520894,1616,30.02209521351625,134.66666666666666,179.55555555555554,2.674325495049505,1.812858910891089,1.9784096534653466,3.7619341922005574,0.7
Hermes,30982,rural,8,Umland dörflich ohne gewerblichen Einfluss,11,1037.2,1680,4057.59,10,837.94,1680,3231.49,10,842.35,1680,3223.96,826.1000000000004,280.0,66.6831619829418,23.78,20.359375885685843,20.544954024433224,-9.090909090909092,-19.211338218279984,1680,25.193766312847618,152.72727272727272,168.0,2.415232142857143,1.9235059523809523,1.9190238095238095,3.9120613189355957,0.7
Hermes,30989,rural,8,Umland dörflich ohne gewerblichen Einfluss,11,786.91,1681,3728.8,9,542.13,1681,2738.11,10,564.48,1681,2985.96,990.69,280.1666666666667,43.13135688268341,15.580000000000002,26.568601158549665,19.921690624329546,-18.181818181818183,-31.10647977532373,1681,38.97396514958462,152.8181818181818,186.77777777777777,2.218203450327186,1.6288578227245687,1.7762998215348007,4.738534266942853,0.7
Hermes,31275,suburban,6,Umland Verstädtert,24,2131.72,4698,8456.53,22,1517.8,4698,6534.11,21,1491.14,4698,6314.97,1922.420000000001,783.0,129.47251256919432,23.26,22.73296493952012,25.324335158747147,-8.333333333333334,-28.799279455087905,4698,36.28569421242394,195.75,213.54545454545453,1.8000276713495105,1.3908280119199659,1.3441826309067688,3.966998480100577,0.7
Hermes,31303,rural,8,Umland dörflich ohne gewerblichen Einfluss,17,1534.98,3161,6212.33,16,1143.98,3161,4905.3,16,1148.46,3161,4909.84,1307.0299999999995,526.8333333333334,112.90680951768702,22.27,21.039287996613183,20.96620752600071,-5.882352941176471,-25.472644594717845,3161,27.99653992087009,185.94117647058823,197.5625,1.9653052831382474,1.5518190446061373,1.5532552989560267,4.047173253071701,0.7
Hermes,31311,rural,7,Umland dörflich mit geringem gewerblichem Einfluss,14,1678.2,2196,5705.77,12,1186.24,2196,4140.75,12,1189.31,2196,4140.22,1565.0200000000004,366.0,139.34872865781722,32.49,27.428725658412457,27.43801450111028,-14.285714285714286,-29.31474198546061,2196,15.759024292158896,156.85714285714286,183.0,2.5982559198542807,1.8855874316939891,1.8853460837887068,3.399934453581218,0.7
Hermes,31319,rural,8,Umland dörflich ohne gewerblichen Einfluss,17,1549.82,2907,5988.85,15,1112.93,2907,4572.06,15,1106.16,2907,4562.29,1416.79,484.5,101.18549289373648,23.57,23.657129498985615,23.820265994306087,-11.764705882352942,-28.1897252584171,2907,28.72941482879259,171.0,193.8,2.0601479188166496,1.5727760577915377,1.5694152046783625,3.8642229420190737,0.7
Hermes,31515,rural,7,Umland dörflich mit geringem gewerblichem Einfluss,23,1834.73,4758,8198.26,23,1381.32,4758,6713.86,23,1368.28,4758,6696.29,1484.4000000000003,793.0,125.1818077488354,20.37,18.106281088913995,18.320594857933273,0.0,-24.712628016111367,4758,38.00871776469664,206.8695652173913,206.8695652173913,1.7230474989491384,1.4110676754939049,1.4073749474569146,4.468374093190824,0.7
Hermes,31535,rural,7,Umland dörflich mit geringem gewerblichem Einfluss,27,2850.29,4780,11007.19,24,2013.95,4780,8489.7,22,1699.32,4780,7367.56,2517.49,796.6666666666666,357.6158854957556,19.5,22.871323198745543,33.065932358758225,-11.11111111111111,-29.342277452469745,4780,13.366296615637149,177.03703703703704,199.16666666666666,2.3027594142259415,1.7760878661087867,1.5413305439330545,3.8617789768760376,0.7
Hermes,31832,rural,7,Umland dörflich mit geringem gewerblichem Einfluss,17,2175.86,3015,7196.29,15,1592.05,3015,5397.1,16,1655.25,3015,5666.92,1799.1899999999996,502.5,159.3824695169613,28.44,25.00163278578267,21.252200786794308,-11.764705882352942,-26.831229950456375,3015,18.916760476465996,177.35294117647058,201.0,2.3868291873963514,1.7900829187396352,1.879575456053068,3.3073313540393223,0.7
UPS,30159,urban,2,Zentrumsnah hochverdichtete Wohnnutzung,34,890.22,7101,8339.56,33,811.72,7101,7901.55,33,811.72,7101,7901.55,438.0099999999993,1967.5,1.955539120782912,9.68,5.25219555947795,5.25219555947795,-2.9411764705882355,-8.818044977645975,7101,3631.2236991490468,208.85294117647058,215.1818181818182,1.1744205041543443,1.1127376425855513,1.1127376425855513,9.36797645525825,0.7
UPS,30161,urban,2,Zentrumsnah hochverdichtete Wohnnutzung,24,578.9,4726,5790.65,23,518.68,4726,5417.42,23,504.61,4726,5372.01,373.2299999999996,787.6666666666666,1.7979843382791898,8.59,6.445390413856813,7.229585625102526,-4.166666666666667,-10.402487476248062,4726,2628.4989804322477,196.91666666666666,205.47826086956522,1.2252750740584002,1.1463013118916632,1.1366927634363098,10.002850233200897,0.7
UPS,30163,suburban,5,Städtisch mit gewerblicher Prägung,31,733.94,5518,7498.82,29,603.5899999999999,5518,6715.41,30,619.62,5518,6933.18,783.4100000000003,1330.6666666666667,7.554746303891376,6.7388778524435144,10.447110345361002,7.54305344040795,-6.451612903225806,-17.76030738207485,5518,730.4017604347259,178.0,190.27586206896552,1.3589742660384196,1.217000724900326,1.25646611090975,10.217211216175707,0.7
UPS,30167,urban,3,Zentrumsnah verdichtete Mischnutzung,17,505.03,2856,4306.18,14,352.53,2856,3384.35,15,374.74,2856,3606.43,921.8300000000004,758.5,4.343746915001259,8.57,21.407140435374284,16.2499013046366,-17.647058823529413,-30.196225966774254,2856,657.4968698421907,168.0,204.0,1.5077661064425771,1.1849964985994397,1.2627556022408963,8.526582579252718,0.7
UPS,30419,suburban,5,Städtisch mit gewerblicher Prägung,12,483.83,2053,3352.76,12,390.77,2053,3066.57,11,337.85,2053,2736.49,286.19000000000005,342.1666666666667,23.77191867081394,7.09,8.535952469010608,18.38097567377326,0.0,-19.234028481078067,2053,86.3624021447027,171.08333333333334,171.08333333333334,1.6331027764247443,1.4937018996590357,1.3329225523623964,6.929624041502181,0.7
UPS,30449,urban,3,Zentrumsnah verdichtete Mischnutzung,12,579.52,2096,3238.15,11,470.38,2096,2794.83,11,470.38,2096,2794.83,443.32000000000016,780.8333333333334,2.190643461651216,11.08,13.690533174806607,13.690533174806607,-8.333333333333334,-18.832827167310874,2096,956.7965014353008,174.66666666666666,190.54545454545453,1.544918893129771,1.3334112595419847,1.3334112595419847,5.587641496410823,0.7
UPS,30453,suburban,4,Städtisch mit Verdichtungsansätzen,11,605.04,1821,3257.93,10,453.67,1821,2654.48,10,451.29,1821,2657.24,603.4499999999998,303.5,9.157258958740025,10.59,18.52249741400214,18.437781045019385,-9.090909090909092,-25.0181806161576,1821,198.858633157029,165.54545454545453,182.1,1.789088412959912,1.4577045579352004,1.4592202086765513,5.3846522543964035,0.7
UPS,30455,suburban,4,Städtisch mit Verdichtungsansätzen,6,354.19,812,1866.69,5,244.51,812,1403.13,5,240.64,812,1386.49,463.56,135.33333333333334,6.967819653017212,12.14,24.833261012808762,25.724678441519483,-16.666666666666668,-30.96643044693526,812,116.5357372084662,135.33333333333334,162.4,2.2988793103448275,1.7279926108374386,1.7075,5.270306897427934,0.7
UPS,30457,suburban,4,Städtisch mit Verdichtungsansätzen,6,395.38,1021,1917.3,6,335.85,1021,1709.42,6,335.76,1021,1706.07,207.87999999999988,170.16666666666666,6.068989648841514,14.87,10.842330360402643,11.017055233922704,0.0,-15.056401436592639,1021,168.23228561526625,170.16666666666666,170.16666666666666,1.8778648383937315,1.674260528893242,1.6709794319294808,4.8492589407658455,0.7
UPS,30519,urban,3,Zentrumsnah verdichtete Mischnutzung,16,1043.83,3056,4817.82,16,917.98,3056,4439.22,16,917.98,3056,4439.22,378.59999999999945,510.6666666666667,12.113461405690837,14.11,7.858325964855463,7.858325964855463,0.0,-12.056560934251738,3056,252.2813172595166,191.0,191.0,1.576511780104712,1.4526243455497383,1.4526243455497383,4.615521684565494,0.7
UPS,30539,rural,7,Umland dörflich mit geringem gewerblichem Einfluss,15,1054.87,2701,4416.14,13,842.22,2701,3630.59,13,834.4300000000001,2701,3626.42,785.5500000000002,450.1666666666667,19.21423828970633,16.42,17.78815888989027,17.88258524412723,-13.333333333333334,-20.158882137135368,2701,140.5728376673152,180.06666666666666,207.76923076923077,1.6350018511662348,1.3441651240281378,1.3426212513883746,4.186430555423891,0.7
UPS,30559,suburban,4,Städtisch mit Verdichtungsansätzen,35,1765.77,5951,9888.91,32,1401.16,5951,8359.48,32,1373.01,5951,8290.83,1529.430000000001,1115.0,35.335637725598566,11.20843847951264,15.466113049871021,16.160325050991464,-8.571428571428571,-20.648782117716348,5951,168.4135445980321,170.02857142857144,185.96875,1.6617223995967063,1.4047185347000504,1.3931826583767435,5.600338662453208,0.7
UPS,30625,suburban,4,Städtisch mit Verdichtungsansätzen,11,547.41,1492,3011.61,9,419.07,1492,2342.36,9,418.37,1492,2342.97,669.25,454.5,8.86389555258122,10.5,22.222332904991017,22.202077958301384,-18.181818181818183,-23.444949854770645,1492,168.32328304743174,135.63636363636363,165.77777777777777,2.018505361930295,1.569946380697051,1.5703552278820374,5.501561900586398,0.7
UPS,30657,rural,8,Umland dörflich ohne gewerblichen Einfluss,19,469.75,3745,4632.26,18,379.27,3745,4184.06,18,381.37,3745,4184.23,448.1999999999998,624.1666666666666,12.670949194485749,5.0,9.675622698207782,9.67195278330665,-5.2631578947368425,-19.26130920702502,3745,295.55796827200453,197.10526315789474,208.05555555555554,1.2369185580774367,1.1172389853137519,1.1172843791722296,9.861117615753061,0.7
UPS,30823,suburban,4,Städtisch mit Verdichtungsansätzen,9,443.14,1337,2623.66,8,302.7,1337,2071.6,8,302.7,1337,2071.6,552.06,222.8333333333333,12.528872220645557,11.23,21.04159837783859,21.04159837783859,-11.11111111111111,-31.692016067157105,1337,106.71351550675408,148.55555555555554,167.125,1.962348541510845,1.5494390426327598,1.5494390426327598,5.920611996208873,0.7
UPS,30827,rural,7,Umland dörflich mit geringem gewerblichem Einfluss,18,838.5699999999999,3210,5151.73,19,696.6800000000001,3210,4775.780000000001,19,696.4200000000001,3210,4774.33,375.9499999999998,535.0,67.00018830712914,11.138879470464415,7.297548590473471,7.325694475448047,5.555555555555555,-16.920471755488496,3210,47.91031310666392,178.33333333333334,168.94736842105263,1.6049003115264797,1.4877819314641747,1.4873302180685357,6.143470431806528,0.7
UPS,30853,suburban,6,Umland Verstädtert,15,220.63,2526,3537.0,14,128.22,2526,3042.54,13,127.1,2526,2841.66,494.46,611.3333333333334,8.711379660258004,1.67,13.979643765903308,19.659033078880412,-6.666666666666667,-41.88460318179758,2526,289.9655506376114,168.4,180.42857142857142,1.4002375296912113,1.2044893111638955,1.1249643705463181,16.031364728278113,0.7
UPS,30855,suburban,4,Städtisch mit Verdichtungsansätzen,52,1039.02,11467,12280.45,52,760.52,11467,11479.96,52,743.76,11467,11450.75,800.4900000000016,1912.5,58.08159729436245,2.72,6.5184093416772315,6.7562670749036124,0.0,-26.804103867105542,11467,197.42914338054914,220.51923076923077,220.51923076923077,1.0709383448155578,1.001130199703497,0.9985828900322665,11.819262381859831,0.7
UPS,30880,suburban,6,Umland Verstädtert,22,1749.42,4190,6919.6,19,1378.01,4190,5511.45,20,1458.15,4190,5776.14,1408.1500000000003,698.3333333333334,33.96099660372796,20.44,20.350164749407487,16.524943638360597,-13.636363636363637,-21.230464954099077,4190,123.37682691973933,190.45454545454547,220.52631578947367,1.65145584725537,1.315381861575179,1.3785536992840097,3.9553680648443486,0.7
UPS,30890,rural,8,Umland dörflich ohne gewerblichen Einfluss,12,1235.1,1795,4319.52,11,961.71,1795,3539.4,9,772.34,1795,2847.87,780.1200000000003,299.1666666666667,102.53407734275534,22.83,18.06034003778198,34.069757750861214,-8.333333333333334,-22.135049793538975,1795,17.506374919624005,149.58333333333334,163.1818181818182,2.4064178272980503,1.9718105849582173,1.5865571030640668,3.4973038620354635,0.7
UPS,30900,rural,7,Umland dörflich mit geringem gewerblichem Einfluss,12,1014.26,2208,4491.7,12,561.22,2208,3413.95,11,526.01,2208,3167.05,1077.75,368.0,173.55971997363926,10.9,23.994256072311153,29.491061290825296,0.0,-44.66704789698894,2208,12.721845831137301,184.0,184.0,2.034284420289855,1.5461730072463766,1.434352355072464,4.4285488927888315,0.7
UPS,30916,suburban,6,Umland Verstädtert,21,876.79,4019,6111.62,20,706.19,4019,5151.95,20,706.19,4019,5151.95,959.67,669.8333333333334,59.876286869182046,7.96,15.702383328806437,15.702383328806437,-4.761904761904762,-19.457338701399415,4019,67.12173065742583,191.38095238095238,200.95,1.5206817616322468,1.2818984822095048,1.2818984822095048,6.970449024281756,0.7
UPS,30926,rural,8,Umland dörflich ohne gewerblichen Einfluss,11,736.03,1634,3524.89,9,534.83,1634,2683.33,9,465.54,1634,2513.59,841.56,272.3333333333333,53.8021301528445,13.64,23.87478758202384,28.69025700092768,-18.181818181818183,-27.335842289037124,1634,30.370544723006866,148.54545454545453,181.55555555555554,2.1572154222766216,1.6421848225214197,1.5383047735618116,4.789057511242748,0.7
UPS,30938,rural,7,Umland dörflich mit geringem gewerblichem Einfluss,18,1305.47,3590,5595.48,17,1007.67,3590,4608.94,17,1007.67,3590,4608.94,986.54,598.3333333333334,153.22446344831192,13.430000000000001,17.631016463288226,17.631016463288226,-5.555555555555555,-22.811707660842462,3590,23.42967904215266,199.44444444444446,211.1764705882353,1.5586295264623955,1.283827298050139,1.283827298050139,4.2861804560809516,0.7
UPS,30952,suburban,4,Städtisch mit Verdichtungsansätzen,9,737.35,1329,3209.26,8,513.75,1329,2444.56,8,514.22,1329,2442.63,764.7000000000003,221.5,37.755537878390655,17.72,23.82792294796932,23.88806142225934,-11.11111111111111,-30.324811826134134,1329,35.200134197019395,147.66666666666666,166.125,2.4147930775018813,1.839398043641836,1.8379458239277653,4.352424221875636,0.7
UPS,30966,rural,8,Umland dörflich ohne gewerblichen Einfluss,9,687.62,1386,2977.32,8,503.02,1386,2359.07,8,517.66,1386,2380.35,618.25,231.0,31.83238567652256,18.2,20.76531914607768,20.050582402966434,-11.11111111111111,-26.846223204677006,1386,43.54056318883511,154.0,173.25,2.1481385281385283,1.7020707070707073,1.7174242424242423,4.329891509845554,0.7
UPS,30974,rural,7,Umland dörflich mit geringem gewerblichem Einfluss,6,671.75,1072,2272.48,6,541.9,1072,1942.22,6,541.9,1072,1942.22,330.26,178.66666666666666,53.82702268136371,24.68,14.533021192705766,14.533021192705766,0.0,-19.3301079270562,1072,19.915647319857314,178.66666666666666,178.66666666666666,2.1198507462686567,1.8117723880597014,1.8117723880597014,3.3829251953851878,0.7
UPS,30982,rural,8,Umland dörflich ohne gewerblichen Einfluss,6,740.71,878,2404.21,4,427.13,878,1444.96,6,575.84,878,1993.21,959.25,146.33333333333334,66.6831619829418,24.88,39.89876092354661,17.095012498908165,-33.333333333333336,-42.33505690486155,878,13.166742156357266,146.33333333333334,219.5,2.738280182232346,1.645740318906606,2.2701708428246015,3.2458182014553603,0.7
UPS,30989,rural,8,Umland dörflich ohne gewerblichen Einfluss,6,546.4300000000001,1191,2256.94,7,461.44000000000005,1191,2156.18,7,459.0,1191,2152.73,100.76000000000022,198.5,43.13135688268341,18.29,4.464451868459074,4.617313707940842,16.666666666666668,-15.553684826967771,1191,27.613320935844904,198.5,170.14285714285714,1.8949958018471873,1.8103946263643995,1.8074979009235936,4.130336914151858,0.7
UPS,31275,suburban,6,Umland Verstädtert,17,1607.45,2904,6113.21,15,1080.91,2904,4502.45,15,1091.97,2904,4527.39,1610.7600000000002,484.0,129.47251256919432,21.19,26.348841279785912,25.940872307674688,-11.764705882352942,-32.756228809605275,2904,22.42947126285209,170.8235294117647,193.6,2.105099862258953,1.5504304407713498,1.5590185950413225,3.80304830632368,0.7
UPS,31303,rural,8,Umland dörflich ohne gewerblichen Einfluss,12,1090.0,1804,4252.2,10,735.29,1804,3054.53,9,674.4,1804,2786.8,1197.6699999999996,300.6666666666667,112.90680951768702,19.35,28.165890597808183,34.46216076383989,-16.666666666666668,-32.54220183486238,1804,15.977778556548449,150.33333333333334,180.4,2.3570953436807094,1.69319844789357,1.544789356984479,3.9011009174311924,0.7
UPS,31311,rural,7,Umland dörflich mit geringem gewerblichem Einfluss,8,1027.9,1062,3263.73,7,735.85,1062,2426.48,7,735.85,1062,2426.48,837.25,177.0,139.34872865781722,29.65,25.653163711458976,25.653163711458976,-12.5,-28.412296916042422,1062,7.621167485552252,132.75,151.71428571428572,3.07319209039548,2.2848210922787193,2.2848210922787193,3.1751434964490706,0.7
UPS,31319,rural,8,Umland dörflich ohne gewerblichen Einfluss,6,689.21,1055,2338.69,6,529.54,1055,1941.1,6,529.54,1055,1941.1,397.59000000000015,175.83333333333334,101.18549289373648,22.419999999999998,17.000543039051784,17.000543039051784,0.0,-23.167104365868177,1055,10.42639581849886,175.83333333333334,175.83333333333334,2.216767772511848,1.8399052132701421,1.8399052132701421,3.393290869256105,0.7
UPS,31515,rural,7,Umland dörflich mit geringem gewerblichem Einfluss,17,1451.9,3281,5986.2,17,1107.11,3281,4978.43,16,1055.98,3281,4683.1,1007.7699999999996,546.8333333333334,125.1818077488354,23.29,16.83488690655173,21.768400654839454,0.0,-23.74750327157519,3281,26.209878727610274,193.0,193.0,1.8245047241694605,1.5173514172508382,1.4273392258457789,4.123011226668503,0.7
UPS,31535,rural,7,Umland dörflich mit geringem gewerblichem Einfluss,17,2065.21,2571,7128.82,14,1198.37,2571,4697.49,13,1130.64,2571,4393.47,2431.33,428.5,357.6158854957556,20.99,34.10564441239925,38.370305324022766,-17.647058823529413,-41.97345548394595,2571,7.189277949540399,151.23529411764707,183.64285714285714,2.772781019058732,1.8271061843640606,1.7088564760793468,3.451862038243084,0.7
UPS,31832,rural,7,Umland dörflich mit geringem gewerblichem Einfluss,12,1606.96,1605,5018.32,8,983.77,1605,3028.95,8,988.02,1605,3011.15,1989.37,267.5,159.3824695169613,30.54,39.642151158156516,39.9968515359722,-33.333333333333336,-38.78067904614925,1605,10.0701162735416,133.75,200.625,3.1266791277258563,1.8871962616822429,1.8761059190031153,3.1228655349230845,0.7
