provider,plz,weekly_parcels,dd_cost_balanced,schedule_size_balanced,avg_wait_d_balanced,daily_cost,saving_pct,area_km2,hub_dist_km,n_stops,raumtyp_3,raumtyp_8_name,hubdist_bin
DHL,30159,23058,21973.50194568585,6,0.0,21973.50194568585,0.0,6.211813374113814,2.18,221,urban,Metropoles Zentrum,0-5km
DHL,30161,11554,10909.00812046849,6,0.0,10909.00812046849,0.0,1.7979843382791898,1.04,84,urban,Zentrumsnah hochverdichtete Wohnnutzung,0-5km
DHL,30163,10484,9914.04927442146,6,0.0,9914.04927442146,0.0,2.603733329707664,1.7,95,urban,Zentrumsnah hochverdichtete Wohnnutzung,0-5km
DHL,30165,8599,8247.99717488518,4,0.5,8565.397376626115,3.7056097666534393,4.951012974183712,1.88,94,urban,Zentrumsnah verdichtete Mischnutzung,0-5km
DHL,30167,13892,13540.33589751315,6,0.0,13540.33589751315,0.0,5.368928981069905,1.39,142,urban,Zentrumsnah verdichtete Mischnutzung,0-5km
DHL,30169,5294,5173.540319451487,3,0.6666666666666666,5441.748523674446,4.928713685612499,2.9960433745102675,2.4,76,urban,Zentrumsnah verdichtete Mischnutzung,0-5km
DHL,30173,8547,8900.020227394843,6,0.0,8900.020227394843,0.0,4.775461708125837,3.83,88,urban,Zentrumsnah hochverdichtete Wohnnutzung,0-5km
DHL,30177,6260,6259.647862080952,4,0.5,6717.193405547422,6.811558278024332,3.576189607493106,2.83,80,urban,Zentrumsnah hochverdichtete Wohnnutzung,0-5km
DHL,30179,6322,6341.715422088935,3,0.6666666666666666,7015.019470078845,9.598035342050768,8.305970462175056,3.55,96,suburban,Städtisch mit gewerblicher Prägung,0-5km
DHL,30419,14775,15260.397562746595,6,0.0,15260.397562746595,0.0,23.77191867081394,5.16,274,suburban,Städtisch mit gewerblicher Prägung,5-10km
DHL,30449,7431,7432.014762814106,6,0.0,7432.014762814106,0.0,2.190643461651216,1.56,91,urban,Zentrumsnah verdichtete Mischnutzung,0-5km
DHL,30453,8150,8728.871611104647,6,0.0,8728.871611104647,0.0,9.157258958740023,2.98,148,suburban,Städtisch mit Verdichtungsansätzen,0-5km
DHL,30455,6748,7560.480077937329,6,0.0,7560.480077937329,0.0,6.967819653017212,3.04,160,suburban,Städtisch mit Verdichtungsansätzen,0-5km
DHL,30457,6736,7333.849598031452,6,0.0,7333.849598031452,0.0,6.068989648841514,2.4,139,suburban,Städtisch mit Verdichtungsansätzen,0-5km
DHL,30459,6561,6748.368740605874,6,0.0,6748.368740605874,0.0,7.274391190340525,1.24,125,urban,Zentrumsnah verdichtete Mischnutzung,0-5km
DHL,30519,12645,13335.327593044716,6,0.0,13335.327593044716,0.0,13.714884737746763,5.03,248,urban,Zentrumsnah verdichtete Mischnutzung,5-10km
DHL,30539,8372,9296.282509988963,6,0.0,9296.282509988963,0.0,19.21423828970633,3.99,164,rural,Umland dörflich mit geringem gewerblichem Einfluss,0-5km
DHL,30559,12320,12462.48292952298,6,0.0,12462.48292952298,0.0,19.484913733542946,1.93,224,suburban,Städtisch mit Verdichtungsansätzen,0-5km
DHL,30625,7084,7500.267925116456,4,0.3333333333333333,8084.182917612831,7.222931475538637,8.86389555258122,4.99,117,urban,Zentrumsnah verdichtete Mischnutzung,0-5km
DHL,30627,4809,5566.459185356654,6,0.0,5566.459185356654,0.0,3.3903855235675273,4.61,82,suburban,Städtisch mit Verdichtungsansätzen,0-5km
DHL,30629,5907,6830.019894903581,6,0.0,6830.019894903581,0.0,14.669809711755617,4.28,124,suburban,Städtisch mit Verdichtungsansätzen,0-5km
DHL,30655,7945,8770.048460462032,6,0.0,8770.048460462032,0.0,4.462508901721823,5.25,139,suburban,Städtisch mit Verdichtungsansätzen,5-10km
DHL,30657,9056,9388.556542997389,3,0.6666666666666666,9997.913539537092,6.094841630005906,12.670949194485747,6.56,140,rural,Umland dörflich ohne gewerblichen Einfluss,5-10km
DHL,30659,6829,7841.281218861646,6,0.0,7841.281218861646,0.0,11.3882150903338,7.01,131,suburban,Städtisch mit gewerblicher Prägung,5-10km
DHL,30823,9437,10202.29191336214,6,0.0,10202.29191336214,0.0,12.528872220645557,3.26,227,suburban,Städtisch mit Verdichtungsansätzen,0-5km
DHL,30826,8281,9289.171862330428,6,0.0,9289.171862330428,0.0,56.38950461206911,1.44,239,rural,Umland dörflich mit geringem gewerblichem Einfluss,0-5km
DHL,30827,8048,8499.259441991915,6,0.0,8499.259441991915,0.0,10.610683695060029,3.25,153,suburban,Umland Verstädtert,0-5km
DHL,30851,6654,7091.396611882496,6,0.0,7091.396611882496,0.0,4.12190647126244,5.02,97,suburban,Umland Verstädtert,5-10km
DHL,30853,7164,8087.121413003322,6,0.0,8087.121413003322,0.0,8.711379660258004,6.98,132,suburban,Umland Verstädtert,5-10km
DHL,30855,32854,33181.974645551454,6,0.0,33181.974645551454,0.0,59.06346106841505,5.9,278,suburban,Städtisch mit Verdichtungsansätzen,5-10km
DHL,30880,16161,17626.17972557684,6,0.0,17626.17972557684,0.0,33.960996603727956,5.11,360,suburban,Umland Verstädtert,5-10km
DHL,30890,13989,16098.04426372436,6,0.0,16098.04426372436,0.0,102.53407734275534,4.73,504,rural,Umland dörflich ohne gewerblichen Einfluss,0-5km
DHL,30900,14609,17593.529073393336,6,0.0,17593.529073393336,0.0,173.55971997363926,4.94,590,rural,Umland dörflich mit geringem gewerblichem Einfluss,0-5km
DHL,30916,14499,17062.590954336305,6,0.0,17062.590954336305,0.0,59.876286869182046,11.0,355,suburban,Umland Verstädtert,10-20km
DHL,30926,13519,14775.4174568136,6,0.0,14775.4174568136,0.0,53.8021301528445,0.37,429,rural,Umland dörflich ohne gewerblichen Einfluss,0-5km
DHL,30938,12030,14888.20103197316,6,0.0,14888.20103197316,0.0,153.22446344831192,10.53,355,rural,Umland dörflich mit geringem gewerblichem Einfluss,10-20km
DHL,30952,9709,11029.332668750209,6,0.0,11029.332668750209,0.0,37.755537878390655,5.68,286,suburban,Städtisch mit Verdichtungsansätzen,5-10km
DHL,30966,9182,10564.896592403224,6,0.0,10564.896592403224,0.0,31.832385676522556,5.52,237,rural,Umland dörflich ohne gewerblichen Einfluss,5-10km
DHL,30974,6515,7602.589230059956,6,0.0,7602.589230059956,0.0,53.82702268136371,1.4,244,rural,Umland dörflich mit geringem gewerblichem Einfluss,0-5km
DHL,30982,6551,8026.683955967339,6,0.0,8026.683955967339,0.0,66.6831619829418,2.77,239,rural,Umland dörflich ohne gewerblichen Einfluss,0-5km
DHL,30989,6841,8197.588934134921,6,0.0,8197.588934134921,0.0,43.13135688268341,5.72,271,rural,Umland dörflich ohne gewerblichen Einfluss,5-10km
DHL,31275,18743,20490.51279819747,6,0.0,20490.51279819747,0.0,129.47251256919432,2.93,571,suburban,Umland Verstädtert,0-5km
DHL,31303,12605,14494.326252546623,6,0.0,14494.326252546623,0.0,112.90680951768702,1.84,468,rural,Umland dörflich ohne gewerblichen Einfluss,0-5km
DHL,31311,8577,10485.698502104207,6,0.0,10485.698502104207,0.0,139.34872865781722,3.81,380,rural,Umland dörflich mit geringem gewerblichem Einfluss,0-5km
DHL,31319,10967,12204.762656945872,6,0.0,12204.762656945872,0.0,101.18549289373648,0.58,411,rural,Umland dörflich ohne gewerblichen Einfluss,0-5km
DHL,31515,19286,21088.897809861297,6,0.0,21088.897809861297,0.0,125.18180774883541,5.28,537,rural,Umland dörflich mit geringem gewerblichem Einfluss,5-10km
DHL,31535,18533,22512.71676182417,6,0.0,22512.71676182417,0.0,357.6158854957556,5.5,880,rural,Umland dörflich mit geringem gewerblichem Einfluss,5-10km
DHL,31832,11902,14457.781202836444,6,0.0,14457.781202836444,0.0,159.38246951696127,4.65,515,rural,Umland dörflich mit geringem gewerblichem Einfluss,0-5km
Amazon,30159,9019,10308.589381436708,3,0.6666666666666666,11555.196270293998,10.788279659619946,6.211813374113814,13.81,221,urban,Metropoles Zentrum,10-20km
Amazon,30161,4512,5889.35865325249,5,0.1666666666666666,6224.7449789257325,5.387952868892052,1.7979843382791898,12.74,83,urban,Zentrumsnah hochverdichtete Wohnnutzung,10-20km
Amazon,30163,4469,5260.17052858387,3,0.6666666666666666,5889.006483104628,10.678133167706113,2.603733329707664,12.41,93,urban,Zentrumsnah hochverdichtete Wohnnutzung,10-20km
Amazon,30165,3574,4440.194523418397,5,0.1666666666666666,4750.233821598029,6.526821832853097,4.951012974183712,10.52,92,urban,Zentrumsnah verdichtete Mischnutzung,10-20km
Amazon,30167,5730,7175.254343343608,6,0.0,7175.254343343608,0.0,5.368928981069905,10.65,139,urban,Zentrumsnah verdichtete Mischnutzung,10-20km
Amazon,30173,3759,4566.815905117359,4,0.3333333333333333,5164.654397653723,11.57557595350348,4.775461708125837,15.11,87,urban,Zentrumsnah hochverdichtete Wohnnutzung,10-20km
Amazon,30177,2906,3709.8674347488113,4,0.3333333333333333,4343.242376782357,14.582997840953423,3.576189607493106,13.99,79,urban,Zentrumsnah hochverdichtete Wohnnutzung,10-20km
Amazon,30179,2781,3708.3663933054304,4,0.3333333333333333,4390.652005410074,15.539505550973857,8.305970462175056,12.08,95,suburban,Städtisch mit gewerblicher Prägung,10-20km
Amazon,30419,6859,8154.771745164913,4,0.5,8519.368501277868,4.279621852937418,23.77191867081394,6.74,265,suburban,Städtisch mit gewerblicher Prägung,5-10km
Amazon,30449,5275,6611.552461067373,5,0.1666666666666666,7005.60345798299,5.624797339429629,5.186686836161483,12.61,159,urban,Zentrumsnah verdichtete Mischnutzung,10-20km
Amazon,30453,3593,4284.134782121249,2,1.0,4970.930164967193,13.81623479014368,9.157258958740023,9.82,139,suburban,Städtisch mit Verdichtungsansätzen,5-10km
Amazon,30455,3165,4127.077757767446,4,0.3333333333333333,4820.378887430032,14.382710277619205,6.967819653017212,9.84,158,suburban,Städtisch mit Verdichtungsansätzen,5-10km
Amazon,30457,3134,4073.621538131454,3,0.6666666666666666,4934.7989617734975,17.451114631274628,6.068989648841514,13.37,135,suburban,Städtisch mit Verdichtungsansätzen,10-20km
Amazon,30459,3087,4027.289421372748,3,0.6666666666666666,4858.408897775894,17.106824351149605,7.274391190340525,13.92,124,urban,Zentrumsnah verdichtete Mischnutzung,10-20km
Amazon,30519,5508,7696.396038035295,5,0.1666666666666666,8140.269152347262,5.452806363091519,13.714884737746763,17.38,242,urban,Zentrumsnah verdichtete Mischnutzung,10-20km
Amazon,30539,3516,5545.854565030704,5,0.1666666666666666,5821.859629336905,4.74084024484865,19.21423828970633,21.37,157,rural,Umland dörflich mit geringem gewerblichem Einfluss,20km+
Amazon,30559,5369,7818.819540738408,5,0.1666666666666666,8252.52270516162,5.255401044240062,19.484913733542946,20.15,222,suburban,Städtisch mit Verdichtungsansätzen,20km+
Amazon,30625,3180,4449.92997656719,4,0.5,4932.584335545381,9.785019903259796,8.86389555258122,16.66,114,urban,Zentrumsnah verdichtete Mischnutzung,10-20km
Amazon,30627,2090,3110.1874794374,4,0.5,3472.360903435115,10.430178027849191,3.3903855235675273,17.89,79,suburban,Städtisch mit Verdichtungsansätzen,10-20km
Amazon,30629,2757,3877.117790616604,4,0.3333333333333333,4629.145185289602,16.2454916528169,14.669809711755617,20.32,122,suburban,Städtisch mit Verdichtungsansätzen,20km+
Amazon,30655,3642,5061.237427944449,6,0.0,5061.237427944449,0.0,4.462508901721823,16.14,137,suburban,Städtisch mit Verdichtungsansätzen,10-20km
Amazon,30657,3559,4840.301184223848,3,0.6666666666666666,5227.080664344542,7.399531496788075,12.670949194485747,15.05,138,rural,Umland dörflich ohne gewerblichen Einfluss,10-20km
Amazon,30659,3002,3880.2341404194767,3,0.5,4975.003626465991,22.005400764384714,11.3882150903338,18.11,130,suburban,Städtisch mit gewerblicher Prägung,10-20km
Amazon,30823,4370,4943.943843359236,3,0.6666666666666666,5705.037154540299,13.340724881613681,12.528872220645557,1.29,222,suburban,Städtisch mit Verdichtungsansätzen,0-5km
Amazon,30826,3852,4835.781917294416,4,0.3333333333333333,5673.254342811335,14.761764146500719,56.38950461206911,3.98,233,rural,Umland dörflich mit geringem gewerblichem Einfluss,0-5km
Amazon,30827,3498,4536.061456785562,6,0.0,4536.061456785562,0.0,10.610683695060029,3.78,150,suburban,Umland Verstädtert,0-5km
Amazon,30851,3032,3592.3400885632327,3,0.5,4490.007090916008,19.992551997721716,4.12190647126244,11.33,96,suburban,Umland Verstädtert,10-20km
Amazon,30853,2911,3695.0760020381376,3,0.6666666666666666,4319.068900643669,14.447393939757195,8.711379660258004,12.37,128,suburban,Umland Verstädtert,10-20km
Amazon,30855,13592,16244.345238115564,6,0.0,16244.345238115564,0.0,59.06346106841505,9.96,271,suburban,Städtisch mit Verdichtungsansätzen,5-10km
Amazon,30880,6971,10602.353065904044,5,0.1666666666666666,11278.054808972109,5.99129685493742,33.960996603727956,23.78,345,suburban,Umland Verstädtert,20km+
Amazon,30890,6502,8610.320771791876,3,0.6666666666666666,10080.548522471709,14.58479910495326,102.53407734275534,12.55,490,rural,Umland dörflich ohne gewerblichen Einfluss,10-20km
Amazon,30900,6667,9280.00429621394,3,0.5,12085.38072969665,23.21297521549515,173.55971997363926,17.55,570,rural,Umland dörflich mit geringem gewerblichem Einfluss,10-20km
Amazon,30916,6164,8082.327124731505,3,0.5,9904.82527723206,18.400104004760983,59.876286869182046,19.41,344,suburban,Umland Verstädtert,10-20km
Amazon,30926,6338,8217.353700378722,5,0.1666666666666666,8752.96361616949,6.119183619149605,53.8021301528445,4.34,415,rural,Umland dörflich ohne gewerblichen Einfluss,0-5km
Amazon,30938,5072,7780.397887716424,3,0.5,9384.90809448861,17.09670665517175,153.22446344831192,24.95,346,rural,Umland dörflich mit geringem gewerblichem Einfluss,20km+
Amazon,30952,4476,6549.137723054579,4,0.5,7076.623355325187,7.453917013594813,37.755537878390655,14.14,275,suburban,Städtisch mit Verdichtungsansätzen,10-20km
Amazon,30966,4221,6286.850700757566,4,0.5,6955.194722247112,9.609278362139287,31.832385676522556,17.79,233,rural,Umland dörflich ohne gewerblichen Einfluss,10-20km
Amazon,30974,2971,4323.977179838595,3,0.5,5436.138154721389,20.458659129493633,53.82702268136371,18.26,240,rural,Umland dörflich mit geringem gewerblichem Einfluss,10-20km
Amazon,30982,3044,4682.057019636954,3,0.5,6084.06789519755,23.043971561646632,66.6831619829418,24.57,233,rural,Umland dörflich ohne gewerblichen Einfluss,20km+
Amazon,30989,3112,4399.782809632136,3,0.6666666666666666,5499.955907320829,20.003307594235164,43.13135688268341,11.39,265,rural,Umland dörflich ohne gewerblichen Einfluss,10-20km
Amazon,31275,8588,13294.066678573514,5,0.1666666666666666,14129.512676709495,5.912772911928492,129.47251256919432,30.8,550,suburban,Umland Verstädtert,20km+
Amazon,31303,5793,8490.58153238755,3,0.5,10291.231205914351,17.49693148951868,112.90680951768702,30.88,449,rural,Umland dörflich ohne gewerblichen Einfluss,20km+
Amazon,31311,3965,6796.575200771486,3,0.5,8790.113460938559,22.67932341289954,139.34872865781722,40.99,367,rural,Umland dörflich mit geringem gewerblichem Einfluss,20km+
Amazon,31319,5228,7772.939219102163,3,0.5,9320.815628099372,16.606662665130298,101.18549289373648,29.57,396,rural,Umland dörflich ohne gewerblichen Einfluss,20km+
Amazon,31515,8733,11267.204927516,4,0.5,12450.58174407703,9.504590555569688,125.18180774883541,12.09,525,rural,Umland dörflich mit geringem gewerblichem Einfluss,10-20km
Amazon,31535,8625,12552.221505916852,3,0.6666666666666666,15851.91067139521,20.815718899000927,357.6158854957556,16.13,834,rural,Umland dörflich mit geringem gewerblichem Einfluss,10-20km
Amazon,31832,5466,8731.816638176937,3,0.5,11355.500473785536,23.10495994135565,159.38246951696127,25.63,491,rural,Umland dörflich mit geringem gewerblichem Einfluss,20km+
DPD,30159,4783,5927.411976648511,3,0.6666666666666666,6656.069904499083,10.947269759863033,6.211813374113814,13.32,219,urban,Metropoles Zentrum,10-20km
DPD,30161,2359,2845.8058971795253,4,0.3333333333333333,3438.63845418782,17.240328255106345,1.7979843382791898,14.05,84,urban,Zentrumsnah hochverdichtete Wohnnutzung,10-20km
DPD,30163,2106,2748.852269844372,3,0.5,3176.704105051865,13.468419502058332,2.603733329707664,14.01,92,urban,Zentrumsnah hochverdichtete Wohnnutzung,10-20km
DPD,30165,1757,2453.2102162809724,4,0.3333333333333333,3109.5847921201566,21.108109915589704,4.951012974183712,15.88,91,urban,Zentrumsnah verdichtete Mischnutzung,10-20km
DPD,30167,2824,3877.845160485222,4,0.3333333333333333,4548.61275587726,14.746641039629921,5.368928981069905,16.37,138,urban,Zentrumsnah verdichtete Mischnutzung,10-20km
DPD,30173,1708,2121.4444601283994,3,0.6666666666666666,3042.0725720869623,30.263187026040654,4.775461708125837,13.13,86,urban,Zentrumsnah hochverdichtete Wohnnutzung,10-20km
DPD,30177,1250,1575.5207942947843,3,0.6666666666666666,2301.8161532682093,31.55314371837222,3.576189607493106,12.44,75,urban,Zentrumsnah hochverdichtete Wohnnutzung,10-20km
DPD,30179,1256,1636.778597989217,3,0.6666666666666666,2402.9493976963904,31.884599835588304,8.305970462175056,14.42,89,suburban,Städtisch mit gewerblicher Prägung,10-20km
DPD,30419,2858,4213.5642046597695,3,0.5,5350.888005691542,21.254860872102785,23.77191867081394,19.64,257,suburban,Städtisch mit gewerblicher Prägung,10-20km
DPD,30449,2554,3759.5466278412864,5,0.1666666666666666,4115.648431001423,8.652386352482726,5.186686836161483,15.53,161,urban,Zentrumsnah verdichtete Mischnutzung,10-20km
DPD,30453,1619,2423.4914947350107,3,0.5,3546.158276962033,31.658676645104585,9.157258958740023,18.23,137,suburban,Städtisch mit Verdichtungsansätzen,10-20km
DPD,30455,1318,2229.8306267292865,3,0.5,3189.32194545774,30.08449241366083,6.967819653017212,19.47,151,suburban,Städtisch mit Verdichtungsansätzen,10-20km
DPD,30457,1335,1970.9776878445784,2,1.0,3071.8681502213976,35.83781622585185,6.068989648841514,18.69,130,suburban,Städtisch mit Verdichtungsansätzen,10-20km
DPD,30459,1284,1818.2324374024836,3,0.6666666666666666,2692.648089162524,32.4741898237435,7.274391190340525,16.25,119,urban,Zentrumsnah verdichtete Mischnutzung,10-20km
DPD,30519,2540,3404.54530982434,3,0.5,4359.743796141659,21.90950961757575,12.113461405690837,12.99,227,urban,Zentrumsnah verdichtete Mischnutzung,10-20km
DPD,30539,1695,2267.82390067263,3,0.6666666666666666,3283.465182476126,30.93199487005313,19.21423828970633,9.52,156,rural,Umland dörflich mit geringem gewerblichem Einfluss,5-10km
DPD,30559,2467,3018.620741016708,3,0.5,3964.267070732265,23.854253834136372,19.484913733542946,7.42,213,suburban,Städtisch mit Verdichtungsansätzen,5-10km
DPD,30625,1405,2253.258880643454,4,0.5,2879.61806243138,21.751467319907874,8.86389555258122,10.22,108,urban,Zentrumsnah verdichtete Mischnutzung,10-20km
DPD,30627,971,1393.6959658112903,4,0.5,1734.323815852828,19.64038358511723,3.3903855235675273,8.59,77,suburban,Städtisch mit Verdichtungsansätzen,5-10km
DPD,30629,1173,1961.439631134332,4,0.5,2209.7242260325893,11.235999133884476,14.669809711755617,6.08,121,suburban,Städtisch mit Verdichtungsansätzen,5-10km
DPD,30655,1537,1940.0786357268207,3,0.6666666666666666,2902.8311877698657,33.16598485297008,4.462508901721823,10.23,132,suburban,Städtisch mit Verdichtungsansätzen,10-20km
DPD,30657,1866,2438.398196722085,3,0.6666666666666666,3254.827165454566,25.083635082001646,12.670949194485747,12.26,136,rural,Umland dörflich ohne gewerblichen Einfluss,10-20km
DPD,30659,1368,2099.7087768838,3,0.6666666666666666,2732.1680399331904,23.148622405555106,11.3882150903338,8.73,122,suburban,Städtisch mit gewerblicher Prägung,5-10km
DPD,30823,1867,2727.458325625983,2,1.0,4031.85332034608,32.35224327575817,12.528872220645557,25.25,211,suburban,Städtisch mit Verdichtungsansätzen,20km+
DPD,30826,1639,2701.4695786577613,2,1.0,4659.6772590054525,42.024534565418485,56.38950461206911,27.87,212,rural,Umland dörflich mit geringem gewerblichem Einfluss,20km+
DPD,30827,1601,2537.372127908892,3,0.5,3693.9834286058094,31.310679190930973,10.610683695060029,23.76,145,suburban,Umland Verstädtert,20km+
DPD,30851,1281,1640.33351489885,3,0.6666666666666666,2392.87153119302,31.449160829748987,4.12190647126244,15.63,96,suburban,Umland Verstädtert,10-20km
DPD,30853,1470,2291.025308262432,3,0.6666666666666666,3054.623065805542,24.9981009470882,8.711379660258004,15.68,120,suburban,Umland Verstädtert,10-20km
DPD,30855,6668,8541.98333332441,4,0.3333333333333333,9651.557570967712,11.496323049255265,59.06346106841505,19.88,265,suburban,Städtisch mit Verdichtungsansätzen,10-20km
DPD,30880,3235,4431.281874692281,3,0.5,5651.747006229777,21.59447565845053,33.960996603727956,12.89,328,suburban,Umland Verstädtert,10-20km
DPD,30890,2726,5038.222340895184,3,0.6666666666666666,6923.102121964851,27.22594218406124,102.53407734275534,32.64,451,rural,Umland dörflich ohne gewerblichen Einfluss,20km+
DPD,30900,2839,4709.795185260425,2,1.0,7912.531093330155,40.47675605053189,173.55971997363926,25.52,515,rural,Umland dörflich mit geringem gewerblichem Einfluss,20km+
DPD,30916,2914,4060.881409361444,3,0.5,5505.336403799816,26.23736114366055,59.876286869182046,10.68,308,suburban,Umland Verstädtert,10-20km
DPD,30926,2637,4430.118550443277,3,0.5,6146.851473398595,27.928654700454896,53.8021301528445,25.6,384,rural,Umland dörflich ohne gewerblichen Einfluss,20km+
DPD,30938,2412,3999.012033195312,3,0.5,5614.10632319326,28.768502002279412,153.22446344831192,17.56,317,rural,Umland dörflich mit geringem gewerblichem Einfluss,10-20km
DPD,30952,1895,2915.885798206441,2,1.0,4651.5791758270425,37.314067158966466,37.755537878390655,21.73,266,suburban,Städtisch mit Verdichtungsansätzen,20km+
DPD,30966,1807,2879.578369537908,3,0.5,4054.573407822628,28.979498460128045,31.832385676522556,17.93,217,rural,Umland dörflich ohne gewerblichen Einfluss,10-20km
DPD,30974,1280,2249.960921455008,2,1.0,4049.574617554036,44.43957368505051,53.82702268136371,28.84,224,rural,Umland dörflich mit geringem gewerblichem Einfluss,20km+
DPD,30982,1278,2056.220671598636,2,1.0,3635.1428609264494,43.4349418918136,66.6831619829418,20.59,218,rural,Umland dörflich ohne gewerblichen Einfluss,20km+
DPD,30989,1356,2842.5025461763958,3,0.5,4189.963023652114,32.15924507852163,43.13135688268341,25.63,242,rural,Umland dörflich ohne gewerblichen Einfluss,20km+
DPD,31275,3643,4862.275652456148,3,0.5,6310.744546848563,22.952424767625015,129.47251256919432,4.47,516,suburban,Umland Verstädtert,0-5km
DPD,31303,2491,3358.920189002502,2,1.0,5298.7418231419815,36.60909889339029,112.90680951768702,10.77,417,rural,Umland dörflich ohne gewerblichen Einfluss,10-20km
DPD,31311,1650,2710.379584662348,2,1.0,4503.622414154428,39.81778809555837,139.34872865781722,17.19,336,rural,Umland dörflich mit geringem gewerblichem Einfluss,10-20km
DPD,31319,2115,3174.468355224155,3,0.6666666666666666,4393.641206526262,27.74857558899353,101.18549289373648,7.08,368,rural,Umland dörflich ohne gewerblichen Einfluss,5-10km
DPD,31515,3812,6560.198334030867,3,0.5,8672.940895409381,24.360163257849443,125.18180774883541,38.45,488,rural,Umland dörflich mit geringem gewerblichem Einfluss,20km+
DPD,31535,3582,8698.493252654713,4,0.3333333333333333,10736.90548199021,18.98509987588765,357.6158854957556,38.17,720,rural,Umland dörflich mit geringem gewerblichem Einfluss,20km+
DPD,31832,2309,4166.92946389068,2,1.0,6479.205569246742,35.68764844151845,159.38246951696127,30.86,456,rural,Umland dörflich mit geringem gewerblichem Einfluss,20km+
FedEx,30159,9864,12214.299279183924,6,0.0,12214.299279183924,0.0,10.98727508223965,11.75,273,urban,Metropoles Zentrum,10-20km
FedEx,30161,3810,4518.248311152031,3,0.6666666666666666,5224.187237195072,13.512894810065568,1.7979843382791898,9.67,80,urban,Zentrumsnah hochverdichtete Wohnnutzung,5-10km
FedEx,30163,6210,8257.65060106912,6,0.0,8257.65060106912,0.0,19.436906373559538,7.51,263,urban,Zentrumsnah hochverdichtete Wohnnutzung,5-10km
FedEx,30167,3775,4826.604760787232,5,0.1666666666666666,5175.669834329568,6.7443458473148965,5.368928981069905,8.96,132,urban,Zentrumsnah verdichtete Mischnutzung,5-10km
FedEx,30419,1709,2240.154064768116,3,0.5,3306.0595520416546,32.240964522713746,23.77191867081394,5.53,136,suburban,Städtisch mit gewerblicher Prägung,5-10km
FedEx,30449,3703,5138.057905641352,4,0.3333333333333333,5430.5021475969215,5.385215473765733,12.46107802650201,12.7,204,urban,Zentrumsnah verdichtete Mischnutzung,10-20km
FedEx,30453,1516,1938.9199687400487,2,1.0,3326.3835685835006,41.710872220135634,9.157258958740023,10.07,106,suburban,Städtisch mit Verdichtungsansätzen,10-20km
FedEx,30455,612,1218.4555409035895,3,0.6666666666666666,1959.2973539377524,37.81160687760005,6.967819653017212,11.34,85,suburban,Städtisch mit Verdichtungsansätzen,10-20km
FedEx,30457,778,1519.0524019750735,3,0.5,1996.1328134447208,23.90023390509527,6.068989648841514,14.63,82,suburban,Städtisch mit Verdichtungsansätzen,10-20km
FedEx,30519,2372,3658.6790067069182,4,0.3333333333333333,4147.606607808722,11.788186473164968,13.714884737746763,15.57,154,urban,Zentrumsnah verdichtete Mischnutzung,10-20km
FedEx,30539,2429,3527.198776548616,3,0.6666666666666666,4110.789837016759,14.196567657461674,19.21423828970633,18.41,81,rural,Umland dörflich mit geringem gewerblichem Einfluss,10-20km
FedEx,30559,3144,4595.108010019001,4,0.3333333333333333,5375.733073538704,14.521276500171128,34.15472344529856,15.2,165,suburban,Städtisch mit Verdichtungsansätzen,10-20km
FedEx,30625,2229,3260.962864268448,5,0.1666666666666666,3602.946557564224,9.491778127482815,12.254281076148747,12.66,134,urban,Zentrumsnah verdichtete Mischnutzung,10-20km
FedEx,30655,2242,3302.5614469076445,5,0.1666666666666666,3651.3066283117855,9.551243346697138,15.85072399205562,11.41,144,suburban,Städtisch mit Verdichtungsansätzen,10-20km
FedEx,30657,3429,4216.658846408106,3,0.6666666666666666,4510.957538899967,6.524084741520943,12.670949194485747,8.22,82,rural,Umland dörflich ohne gewerblichen Einfluss,5-10km
FedEx,30823,878,1356.1910698305032,2,1.0,2013.2163655803624,32.635602758993784,12.528872220645557,8.07,113,suburban,Städtisch mit Verdichtungsansätzen,5-10km
FedEx,30827,2757,3536.7952885860964,3,0.6666666666666666,4491.66174623818,21.25864572174865,67.00018830712914,7.42,137,suburban,Umland Verstädtert,5-10km
FedEx,30853,3029,4072.71526714476,4,0.5,4558.287686101956,10.652518059307386,12.833286131520445,4.82,152,suburban,Umland Verstädtert,0-5km
FedEx,30855,9970,10254.222215084978,3,0.6666666666666666,11164.944696921486,8.156981575444993,59.06346106841505,1.5,210,suburban,Städtisch mit Verdichtungsansätzen,0-5km
FedEx,30880,3498,5511.396483166878,4,0.3333333333333333,6033.650689518244,8.655691773118953,33.960996603727956,22.05,184,suburban,Umland Verstädtert,20km+
FedEx,30890,1281,2111.4015564974293,2,1.0,3937.614024274669,46.378656123199846,102.53407734275534,20.22,167,rural,Umland dörflich ohne gewerblichen Einfluss,20km+
FedEx,30900,1597,2879.8820713124123,3,0.6666666666666666,4467.0239843658765,35.53018561369487,173.55971997363926,10.92,207,rural,Umland dörflich mit geringem gewerblichem Einfluss,10-20km
FedEx,30916,3245,4552.802206063862,4,0.3333333333333333,5459.16940205895,16.6026574601852,59.876286869182046,11.65,204,suburban,Umland Verstädtert,10-20km
FedEx,30926,1266,1790.1253814979436,2,1.0,3230.055804759229,44.579119070935654,53.8021301528445,10.98,152,rural,Umland dörflich ohne gewerblichen Einfluss,10-20km
FedEx,30938,3131,4249.787249310324,2,1.0,5737.710883078335,25.93235637153133,153.22446344831192,16.47,151,rural,Umland dörflich mit geringem gewerblichem Einfluss,10-20km
FedEx,30952,979,1617.7551671992153,2,1.0,2694.734755168253,39.96607034898295,37.755537878390655,17.01,132,suburban,Städtisch mit Verdichtungsansätzen,10-20km
FedEx,30966,1063,1603.1482511970237,2,1.0,2504.271932146833,35.98345967873004,31.832385676522556,18.53,102,rural,Umland dörflich ohne gewerblichen Einfluss,10-20km
FedEx,30974,802,1384.0623784932827,2,1.0,2454.671117478426,43.61516014760184,53.82702268136371,23.36,94,rural,Umland dörflich mit geringem gewerblichem Einfluss,20km+
FedEx,30982,618,1442.4618220252787,2,1.0,2716.2138956601093,46.89439501322028,66.6831619829418,25.47,105,rural,Umland dörflich ohne gewerblichen Einfluss,20km+
FedEx,30989,876,1558.8645255346007,2,1.0,2473.2391948618315,36.970733410130705,43.13135688268341,16.61,128,rural,Umland dörflich ohne gewerblichen Einfluss,10-20km
FedEx,31275,2133,3405.286250064215,2,1.0,5422.493872435705,37.200735857455015,129.47251256919432,24.61,246,suburban,Umland Verstädtert,20km+
FedEx,31303,1243,2121.662003291844,2,1.0,3973.889348501275,46.60993758942951,112.90680951768702,23.03,195,rural,Umland dörflich ohne gewerblichen Einfluss,20km+
FedEx,31311,675,1564.3101928359783,2,1.0,3062.8021398398528,48.925522400288884,139.34872865781722,33.34,113,rural,Umland dörflich mit geringem gewerblichem Einfluss,20km+
FedEx,31319,751,1528.6845212588846,2,1.0,2817.067630852216,45.73490162192419,101.18549289373648,25.21,119,rural,Umland dörflich ohne gewerblichen Einfluss,20km+
FedEx,31515,2478,3512.054960291922,2,1.0,5470.280769208987,35.79753748545211,125.18180774883541,19.63,249,rural,Umland dörflich mit geringem gewerblichem Einfluss,10-20km
FedEx,31535,2005,4150.608544893081,3,0.6666666666666666,6228.495098699879,33.360972769177124,357.6158854957556,17.87,237,rural,Umland dörflich mit geringem gewerblichem Einfluss,10-20km
FedEx,31832,1068,2308.7757071742394,2,1.0,4547.708372184966,49.23210728956707,159.38246951696127,29.81,182,rural,Umland dörflich mit geringem gewerblichem Einfluss,20km+
GLS,30159,3332,4353.205359650602,4,0.5,4840.335510593373,10.063974901670697,6.211813374113814,11.0,208,urban,Metropoles Zentrum,10-20km
GLS,30161,1649,2085.266431082965,3,0.5,3003.1123197883485,30.56315551894079,1.7979843382791898,12.21,80,urban,Zentrumsnah hochverdichtete Wohnnutzung,10-20km
GLS,30163,2801,3716.292011373738,3,0.6666666666666666,4530.9209569497225,17.979323702976348,6.17992293720077,13.11,162,urban,Zentrumsnah hochverdichtete Wohnnutzung,10-20km
GLS,30165,1358,2047.0865841796049,4,0.3333333333333333,2518.402065806431,18.71486241319865,4.951012974183712,14.79,86,urban,Zentrumsnah verdichtete Mischnutzung,10-20km
GLS,30167,2147,3135.6140759396976,5,0.1666666666666666,3486.182323664188,10.05593555290654,5.368928981069905,13.23,133,urban,Zentrumsnah verdichtete Mischnutzung,10-20km
GLS,30173,1424,1943.7651286334944,4,0.3333333333333333,2554.876072428404,23.919396732775763,4.775461708125837,9.02,83,urban,Zentrumsnah hochverdichtete Wohnnutzung,5-10km
GLS,30179,1034,1507.0535733841607,3,0.6666666666666666,2012.9451781141183,25.131911699846476,8.305970462175056,15.58,89,suburban,Städtisch mit gewerblicher Prägung,10-20km
GLS,30419,2617,3897.932535391136,3,0.5,5101.804856969734,23.59698881728004,23.77191867081394,17.6,248,suburban,Städtisch mit gewerblicher Prägung,10-20km
GLS,30449,1981,2768.25610830626,4,0.5,3412.5020081467483,18.8789896182468,5.186686836161483,10.84,150,urban,Zentrumsnah verdichtete Mischnutzung,10-20km
GLS,30453,1373,2059.5212769546115,3,0.5,3168.728615727752,35.00480707838694,9.157258958740023,13.29,125,suburban,Städtisch mit Verdichtungsansätzen,10-20km
GLS,30455,1201,2131.3640127039093,3,0.6666666666666666,2732.89498767275,22.010760665234567,6.967819653017212,13.26,149,suburban,Städtisch mit Verdichtungsansätzen,10-20km
GLS,30457,1189,1684.329059019888,3,0.6666666666666666,2344.3788154149365,28.15456922128111,6.068989648841514,10.08,128,suburban,Städtisch mit Verdichtungsansätzen,10-20km
GLS,30459,1169,1696.3150142354034,3,0.6666666666666666,2084.898287419,18.637996660481857,7.274391190340525,9.13,113,urban,Zentrumsnah verdichtete Mischnutzung,5-10km
GLS,30519,2084,2656.10382583887,3,0.6666666666666666,3551.9496596439303,25.22124240620194,13.714884737746763,6.3,224,urban,Zentrumsnah verdichtete Mischnutzung,5-10km
GLS,30539,1310,1905.2645140792488,3,0.6666666666666666,2580.3663075652257,26.163021564290517,19.21423828970633,5.29,145,rural,Umland dörflich mit geringem gewerblichem Einfluss,5-10km
GLS,30559,2040,2453.3207899532595,2,1.0,3658.07773972127,32.93415382308982,19.484913733542946,8.92,208,suburban,Städtisch mit Verdichtungsansätzen,5-10km
GLS,30625,1185,1683.3658095228654,3,0.5,2259.120465339716,25.48578814854263,8.86389555258122,10.34,105,urban,Zentrumsnah verdichtete Mischnutzung,10-20km
GLS,30627,774,1145.6728177133523,3,0.6666666666666666,1778.1322716706136,35.568751775875754,3.3903855235675273,11.43,78,suburban,Städtisch mit Verdichtungsansätzen,10-20km
GLS,30629,1080,1737.5720141505938,3,0.6666666666666666,2143.7517893568083,18.947145710748586,14.669809711755617,12.94,116,suburban,Städtisch mit Verdichtungsansätzen,10-20km
GLS,30655,1383,2513.350849918076,4,0.5,2960.5284409044616,15.104654453168154,4.462508901721823,13.05,124,suburban,Städtisch mit Verdichtungsansätzen,10-20km
GLS,30657,1325,2066.685223407926,3,0.5,2873.29432340711,28.072623588478006,12.670949194485747,16.66,127,rural,Umland dörflich ohne gewerblichen Einfluss,10-20km
GLS,30659,1138,1824.0353898279336,3,0.6666666666666666,2313.189380462103,21.146301066644696,11.3882150903338,14.84,124,suburban,Städtisch mit gewerblicher Prägung,10-20km
GLS,30823,1687,2846.7722234966227,3,0.5,4081.015497318999,30.243533126331076,12.528872220645557,21.76,209,suburban,Städtisch mit Verdichtungsansätzen,20km+
GLS,30826,1480,2749.4030597431165,2,1.0,4802.849009920454,42.754747149782816,56.38950461206911,26.25,214,rural,Umland dörflich mit geringem gewerblichem Einfluss,20km+
GLS,30827,1331,2353.989744110807,3,0.5,3413.7429042160657,31.043730879570184,10.610683695060029,22.43,133,suburban,Umland Verstädtert,20km+
GLS,30851,1137,1747.4478063298734,3,0.5,2060.294614633456,15.184566618849354,4.12190647126244,17.37,95,suburban,Umland Verstädtert,10-20km
GLS,30853,1083,1733.3482285408224,2,1.0,2481.088173620477,30.137580478993225,8.711379660258004,18.94,117,suburban,Umland Verstädtert,10-20km
GLS,30855,5111,6905.186222664703,2,1.0,8370.230959567252,17.50303837468176,58.08159729436245,22.3,262,suburban,Städtisch mit Verdichtungsansätzen,20km+
GLS,30880,2630,3417.335402166428,3,0.5,4450.294123718125,23.211021402978236,33.960996603727956,1.58,305,suburban,Umland Verstädtert,0-5km
GLS,30890,2471,3968.150963422516,2,1.0,6293.752660817818,36.95095474395574,102.53407734275534,23.44,436,rural,Umland dörflich ohne gewerblichen Einfluss,20km+
GLS,30900,2487,4318.570763791769,2,1.0,7176.610893793414,39.82437075519001,173.55971997363926,31.36,490,rural,Umland dörflich mit geringem gewerblichem Einfluss,20km+
GLS,30916,2276,3717.828693989405,3,0.5,5182.054562818042,28.25570149983869,59.876286869182046,19.31,308,suburban,Umland Verstädtert,10-20km
GLS,30926,2421,3633.996391781223,2,1.0,5707.156100114085,36.32561773264656,53.8021301528445,20.06,381,rural,Umland dörflich ohne gewerblichen Einfluss,20km+
GLS,30938,1873,3242.469417530707,2,1.0,5298.987880460923,38.80964647066401,153.22446344831192,28.43,321,rural,Umland dörflich mit geringem gewerblichem Einfluss,20km+
GLS,30952,1710,2358.867244391019,2,1.0,4052.359581403284,41.790278058834765,37.755537878390655,11.4,259,suburban,Städtisch mit Verdichtungsansätzen,10-20km
GLS,30966,1619,2343.9624089108065,3,0.5,3510.9395596477075,33.238315012577345,31.832385676522556,6.33,220,rural,Umland dörflich ohne gewerblichen Einfluss,5-10km
GLS,30974,1120,1854.556569593632,2,1.0,3101.933528043918,40.21288487238742,53.82702268136371,16.59,214,rural,Umland dörflich mit geringem gewerblichem Einfluss,10-20km
GLS,30982,1154,1694.099452817753,3,0.6666666666666666,2386.647671549595,29.017614413198515,66.6831619829418,6.34,209,rural,Umland dörflich ohne gewerblichen Einfluss,5-10km
GLS,30989,1172,2197.597386729939,3,0.6666666666666666,3148.477695946504,30.201271885799677,43.13135688268341,16.28,231,rural,Umland dörflich ohne gewerblichen Einfluss,10-20km
GLS,31275,3227,5254.938710085082,3,0.5,6805.937726269975,22.788909898458996,129.47251256919432,17.38,507,suburban,Umland Verstädtert,10-20km
GLS,31303,2208,4157.472341172052,3,0.5,5596.886925837495,25.718128733680906,112.90680951768702,24.81,407,rural,Umland dörflich ohne gewerblichen Einfluss,20km+
GLS,31311,1483,3410.5138923171867,3,0.6666666666666666,4871.049261225609,29.983999146437213,139.34872865781722,30.96,326,rural,Umland dörflich mit geringem gewerblichem Einfluss,20km+
GLS,31319,1985,2740.31127042353,2,1.0,4437.068207504176,38.24049705188241,101.18549289373648,11.04,357,rural,Umland dörflich ohne gewerblichen Einfluss,10-20km
GLS,31515,3284,6043.756649064024,3,0.5,8050.858133283889,24.930280114142104,125.18180774883541,33.59,472,rural,Umland dörflich mit geringem gewerblichem Einfluss,20km+
GLS,31535,3227,7414.188269122193,3,0.6666666666666666,10569.427946070218,29.8525113473257,357.6158854957556,38.52,705,rural,Umland dörflich mit geringem gewerblichem Einfluss,20km+
GLS,31832,2069,3489.7333103375468,2,1.0,5153.98445539914,32.29057362247532,159.38246951696127,16.88,440,rural,Umland dörflich mit geringem gewerblichem Einfluss,10-20km
Hermes,30159,4412,5246.913758384853,3,0.6666666666666666,6103.311963748475,14.031696404351043,6.211813374113814,9.13,207,urban,Metropoles Zentrum,5-10km
Hermes,30161,2187,2909.9373286975656,5,0.1666666666666666,3205.3444612983394,9.2160807104369,1.7979843382791898,7.9,80,urban,Zentrumsnah hochverdichtete Wohnnutzung,5-10km
Hermes,30163,2318,2723.061572769156,3,0.6666666666666666,3151.45637345559,13.593550089881033,2.603733329707664,6.63,93,urban,Zentrumsnah hochverdichtete Wohnnutzung,5-10km
Hermes,30165,1888,2272.2493039494598,3,0.5,3165.918762514473,28.22780764769949,4.951012974183712,5.34,89,urban,Zentrumsnah verdichtete Mischnutzung,5-10km
Hermes,30167,2918,3673.53002909785,4,0.3333333333333333,4309.333549458941,14.754103228814106,5.368928981069905,7.27,135,urban,Zentrumsnah verdichtete Mischnutzung,5-10km
Hermes,30173,1982,2420.4388899845026,3,0.6666666666666666,3377.006730770633,28.325908624050676,4.775461708125837,11.08,82,urban,Zentrumsnah hochverdichtete Wohnnutzung,10-20km
Hermes,30177,1604,2084.6764905106693,3,0.6666666666666666,2975.551858278056,29.939836715967505,3.576189607493106,7.86,76,urban,Zentrumsnah hochverdichtete Wohnnutzung,5-10km
Hermes,30179,1492,1747.5372310667758,2,1.0,2972.7332058248016,41.21446123578683,8.305970462175056,5.02,88,suburban,Städtisch mit gewerblicher Prägung,5-10km
Hermes,30419,3791,4712.985849364794,4,0.3333333333333333,5546.714589306118,15.031037319798733,23.77191867081394,4.3,253,suburban,Städtisch mit gewerblicher Prägung,0-5km
Hermes,30449,2752,3922.763921222514,5,0.1666666666666666,4264.762288981972,8.019166007048321,5.186686836161483,9.65,147,urban,Zentrumsnah verdichtete Mischnutzung,5-10km
Hermes,30453,1923,2372.0505796845937,2,1.0,3456.65693766446,31.3773214275842,9.157258958740023,8.55,127,suburban,Städtisch mit Verdichtungsansätzen,5-10km
Hermes,30455,1769,2660.4412885403235,4,0.3333333333333333,3386.072102347572,21.42986894177968,6.967819653017212,9.92,152,suburban,Städtisch mit Verdichtungsansätzen,5-10km
Hermes,30457,1718,2337.845254786196,3,0.5,3390.444876005929,31.046062086688003,6.068989648841514,13.07,130,suburban,Städtisch mit Verdichtungsansätzen,10-20km
Hermes,30459,1718,2671.744454906884,4,0.3333333333333333,3359.004573372854,20.46023169822231,7.274391190340525,11.99,121,urban,Zentrumsnah verdichtete Mischnutzung,10-20km
Hermes,30519,2920,4349.541433520614,4,0.3333333333333333,5162.317584328793,15.744404282206828,13.714884737746763,13.8,229,urban,Zentrumsnah verdichtete Mischnutzung,10-20km
Hermes,30539,1846,2769.0909270881248,3,0.5,3748.1337976976,26.120809006628335,19.21423828970633,16.65,149,rural,Umland dörflich mit geringem gewerblichem Einfluss,10-20km
Hermes,30559,2928,4181.151288835671,3,0.5,5370.925287647466,22.152123425513725,19.484913733542946,14.22,216,suburban,Städtisch mit Verdichtungsansätzen,10-20km
Hermes,30625,1721,2506.6137152843407,3,0.6666666666666666,3247.458970568053,22.813075145769176,8.86389555258122,10.86,112,urban,Zentrumsnah verdichtete Mischnutzung,10-20km
Hermes,30627,1110,1668.0219012423345,3,0.5,1976.520091677252,15.608148469319604,3.3903855235675273,11.3,80,suburban,Städtisch mit Verdichtungsansätzen,10-20km
Hermes,30629,1544,2283.9098418708054,3,0.6666666666666666,3288.097282907375,30.540076969640477,14.669809711755617,13.03,120,suburban,Städtisch mit Verdichtungsansätzen,10-20km
Hermes,30655,1982,2467.2180913871093,3,0.6666666666666666,3426.8003677575816,28.002281235845686,4.462508901721823,9.19,134,suburban,Städtisch mit Verdichtungsansätzen,5-10km
Hermes,30657,1834,2639.610219472463,3,0.6666666666666666,3245.628188162223,18.67182355946035,12.670949194485747,6.89,133,rural,Umland dörflich ohne gewerblichen Einfluss,5-10km
Hermes,30659,1587,2238.837512644903,3,0.5,3215.699884502485,30.377908602895527,11.3882150903338,10.33,126,suburban,Städtisch mit gewerblicher Prägung,10-20km
Hermes,30823,2384,2895.133357146344,2,1.0,3936.604229632236,26.456072587799557,12.528872220645557,8.05,216,suburban,Städtisch mit Verdichtungsansätzen,5-10km
Hermes,30826,2156,3060.7792628341117,3,0.6666666666666666,4191.43021519428,26.975301849508682,56.38950461206911,9.0,221,rural,Umland dörflich mit geringem gewerblichem Einfluss,5-10km
Hermes,30827,1865,2416.232135858504,3,0.5,3247.3865843141566,25.594564332758402,10.610683695060029,5.18,139,suburban,Umland Verstädtert,5-10km
Hermes,30851,1650,1944.5638312880824,3,0.5,2857.2114343496014,31.941899436968644,4.12190647126244,3.44,95,suburban,Umland Verstädtert,0-5km
Hermes,30853,1477,1857.665737828492,3,0.6666666666666666,2627.454020793578,29.297878359545354,8.711379660258004,3.75,121,suburban,Umland Verstädtert,0-5km
Hermes,30855,7102,8658.56494813409,6,0.0,8658.56494813409,0.0,58.08159729436245,2.52,261,suburban,Städtisch mit Verdichtungsansätzen,0-5km
Hermes,30880,3668,5520.435910950617,3,0.5,6718.354835871605,17.830539681007732,33.960996603727956,20.27,312,suburban,Umland Verstädtert,20km+
Hermes,30890,3618,5948.284682379684,3,0.6666666666666666,7568.635969962485,21.40876234520277,102.53407734275534,19.74,454,rural,Umland dörflich ohne gewerblichen Einfluss,10-20km
Hermes,30900,3644,5006.597224101248,2,1.0,7696.514876914835,34.94981424490986,173.55971997363926,12.32,527,rural,Umland dörflich mit geringem gewerblichem Einfluss,10-20km
Hermes,30916,3232,4431.248774644835,3,0.5,5798.014253899346,23.572992742046438,59.876286869182046,10.8,310,suburban,Umland Verstädtert,10-20km
Hermes,30926,3537,4772.986738465786,3,0.6666666666666666,5981.497888198291,20.204155753643917,53.8021301528445,10.52,393,rural,Umland dörflich ohne gewerblichen Einfluss,10-20km
Hermes,30938,2656,4468.515535209561,3,0.5,6007.684029332934,25.61999743342487,153.22446344831192,16.57,334,rural,Umland dörflich mit geringem gewerblichem Einfluss,10-20km
Hermes,30952,2488,3889.8115398857817,3,0.5,5277.6182452376,26.29607980084847,37.755537878390655,15.6,274,suburban,Städtisch mit Verdichtungsansätzen,10-20km
Hermes,30966,2313,3504.4804263143524,3,0.5,4601.173469262583,23.83507273252175,31.832385676522556,16.87,229,rural,Umland dörflich ohne gewerblichen Einfluss,10-20km
Hermes,30974,1616,2736.177197673172,2,1.0,4626.23070035904,40.85515023146558,53.82702268136371,22.19,228,rural,Umland dörflich mit geringem gewerblichem Einfluss,20km+
Hermes,30982,1680,2821.6334465094787,2,1.0,4596.833861562218,38.61789371803495,66.6831619829418,23.78,220,rural,Umland dörflich ohne gewerblichen Einfluss,20km+
Hermes,30989,1681,2967.916154576442,3,0.6666666666666666,4185.515150068637,29.09077979259562,43.13135688268341,15.58,242,rural,Umland dörflich ohne gewerblichen Einfluss,10-20km
Hermes,31275,4698,7153.479169040323,3,0.5,9418.194923082388,24.046176284710715,129.47251256919432,23.26,528,suburban,Umland Verstädtert,20km+
Hermes,31303,3161,5752.5773261781205,4,0.5,6888.21710469868,16.48670129380652,112.90680951768702,22.27,425,rural,Umland dörflich ohne gewerblichen Einfluss,20km+
Hermes,31311,2196,4449.670302767867,3,0.5,6231.959144058387,28.599174033253615,139.34872865781722,32.49,345,rural,Umland dörflich mit geringem gewerblichem Einfluss,20km+
Hermes,31319,2907,4955.02080360654,3,0.5,6653.523191455497,25.527864545962455,101.18549289373648,23.57,378,rural,Umland dörflich ohne gewerblichen Einfluss,20km+
Hermes,31515,4758,7807.170350876981,4,0.5,9098.73098096226,14.194953480740095,125.18180774883541,20.37,503,rural,Umland dörflich mit geringem gewerblichem Einfluss,20km+
Hermes,31535,4780,8866.550728716747,3,0.6666666666666666,11828.26097084672,25.039270349460008,357.6158854957556,19.5,777,rural,Umland dörflich mit geringem gewerblichem Einfluss,10-20km
Hermes,31832,3015,5136.231294737025,2,1.0,8226.290929342216,37.56321848019392,159.38246951696127,28.44,458,rural,Umland dörflich mit geringem gewerblichem Einfluss,20km+
UPS,30159,11805,12974.1073353578,3,0.6666666666666666,14124.871351764605,8.147076088328703,10.98727508223965,10.54,282,urban,Metropoles Zentrum,10-20km
UPS,30161,4726,5162.825848439812,2,1.0,5917.055804797465,12.746710209258692,1.7979843382791898,8.59,80,urban,Zentrumsnah hochverdichtete Wohnnutzung,5-10km
UPS,30163,5283,6504.720392897118,6,0.0,6504.720392897118,0.0,14.485893399375826,6.02,215,urban,Zentrumsnah hochverdichtete Wohnnutzung,5-10km
UPS,30165,2701,3168.2966680110894,4,0.3333333333333333,3773.2492250252094,16.032668952846024,4.951012974183712,6.57,77,urban,Zentrumsnah verdichtete Mischnutzung,5-10km
UPS,30167,4551,5668.505779714532,5,0.1666666666666666,6006.644999548211,5.6294190826844615,5.368928981069905,8.81,137,urban,Zentrumsnah verdichtete Mischnutzung,5-10km
UPS,30419,2053,2700.301847171793,3,0.6666666666666666,3598.278526285565,24.95573015134925,23.77191867081394,7.09,153,suburban,Städtisch mit gewerblicher Prägung,5-10km
UPS,30449,4685,5579.744006797242,3,0.5,6798.755020154903,17.929915252776485,12.46107802650201,12.33,209,urban,Zentrumsnah verdichtete Mischnutzung,10-20km
UPS,30453,1821,2513.9650175202983,3,0.6666666666666666,3375.021836857729,25.512629575727622,9.157258958740023,10.59,118,suburban,Städtisch mit Verdichtungsansätzen,10-20km
UPS,30455,812,1247.8301933938392,3,0.6666666666666666,1985.0500139571805,37.138601817578376,6.967819653017212,12.14,99,suburban,Städtisch mit Verdichtungsansätzen,10-20km
UPS,30457,1021,1539.1449494994154,3,0.6666666666666666,2069.491599260607,25.626905175680598,6.068989648841514,14.87,93,suburban,Städtisch mit Verdichtungsansätzen,10-20km
UPS,30519,3064,4624.462849787077,4,0.3333333333333333,4937.054841641878,6.331547894064802,13.714884737746763,14.32,178,urban,Zentrumsnah verdichtete Mischnutzung,10-20km
UPS,30539,2701,3879.596707815868,3,0.6666666666666666,4533.06046911727,14.415509472095183,19.21423828970633,16.42,96,rural,Umland dörflich mit geringem gewerblichem Einfluss,10-20km
UPS,30559,3087,3950.502321306617,3,0.5,5027.435680366569,21.42112654500293,19.484913733542946,13.47,141,suburban,Städtisch mit Verdichtungsansätzen,10-20km
UPS,30625,2727,3965.586418671057,5,0.1666666666666666,4315.013444156701,8.097935962605874,12.254281076148747,10.42,148,urban,Zentrumsnah verdichtete Mischnutzung,10-20km
UPS,30655,1218,1606.9430651489463,3,0.6666666666666666,2121.91378166516,24.269163100118675,4.462508901721823,8.22,93,suburban,Städtisch mit Verdichtungsansätzen,5-10km
UPS,30657,3745,4167.558218032095,4,0.5,4786.350272484361,12.92826515454919,12.670949194485747,5.0,96,rural,Umland dörflich ohne gewerblichen Einfluss,0-5km
UPS,30659,2385,3030.5020327249267,3,0.6666666666666666,3729.581575766453,18.744181588194948,26.058024802089417,10.16,158,suburban,Städtisch mit gewerblicher Prägung,10-20km
UPS,30823,1337,1990.3613767314089,3,0.5,2901.0492307771306,31.391671826326345,12.528872220645557,11.23,141,suburban,Städtisch mit Verdichtungsansätzen,10-20km
UPS,30826,1105,1741.027141301498,3,0.6666666666666666,2179.7117952412614,20.125809976231633,56.38950461206911,11.69,77,rural,Umland dörflich mit geringem gewerblichem Einfluss,10-20km
UPS,30827,2105,2972.536306041199,5,0.1666666666666666,3291.825156956803,9.699447439996387,10.610683695060029,8.21,92,suburban,Umland Verstädtert,5-10km
UPS,30853,3668,3847.539285581925,2,1.0,4885.572256538386,21.246906533154966,12.833286131520445,2.1,167,suburban,Umland Verstädtert,0-5km
UPS,30855,11475,12372.313669298126,6,0.0,12372.313669298126,0.0,59.06346106841505,2.73,226,suburban,Städtisch mit Verdichtungsansätzen,0-5km
UPS,30880,4190,6233.418208375956,4,0.3333333333333333,7164.597554373629,12.996952570339895,33.960996603727956,20.44,221,suburban,Umland Verstädtert,20km+
UPS,30890,1795,3399.6305061780013,3,0.5,4686.02421265492,27.45170848675786,102.53407734275534,22.83,246,rural,Umland dörflich ohne gewerblichen Einfluss,20km+
UPS,30900,2208,3636.5185959250607,3,0.5,5252.628048739307,30.76763551156324,173.55971997363926,10.9,296,rural,Umland dörflich mit geringem gewerblichem Einfluss,10-20km
UPS,30916,4019,5244.919601901311,4,0.3333333333333333,6109.051569407693,14.14510841312418,59.876286869182046,7.96,236,suburban,Umland Verstädtert,5-10km
UPS,30926,1634,2352.128188072022,2,1.0,3963.3498677038015,40.65302669242404,53.8021301528445,13.64,194,rural,Umland dörflich ohne gewerblichen Einfluss,10-20km
UPS,30938,3590,5265.05737789394,4,0.3333333333333333,6063.945568650633,13.17439580735656,153.22446344831192,13.43,195,rural,Umland dörflich mit geringem gewerblichem Einfluss,10-20km
UPS,30952,1329,2374.797389336716,3,0.5,3731.55368849277,36.35901858627868,37.755537878390655,17.72,163,suburban,Städtisch mit Verdichtungsansätzen,10-20km
UPS,30966,1386,2117.593078443412,2,1.0,3533.856164661857,40.07698729735827,31.832385676522556,18.2,136,rural,Umland dörflich ohne gewerblichen Einfluss,10-20km
UPS,30974,1072,1959.506051164361,2,1.0,3208.8293030723075,38.93392679728325,53.82702268136371,24.68,134,rural,Umland dörflich mit geringem gewerblichem Einfluss,20km+
UPS,30982,878,1685.4843353726524,2,1.0,3007.173952156455,43.95121924476681,66.6831619829418,24.88,141,rural,Umland dörflich ohne gewerblichen Einfluss,20km+
UPS,30989,1191,2107.194346118614,3,0.5,3364.1454124269208,37.36316098778657,43.13135688268341,18.29,160,rural,Umland dörflich ohne gewerblichen Einfluss,10-20km
UPS,31275,2904,4166.874886231406,2,1.0,6734.00020753597,38.12184796834002,129.47251256919432,21.19,339,suburban,Umland Verstädtert,20km+
UPS,31303,1804,2868.7100089188043,2,1.0,4633.075702530725,38.08195261407387,112.90680951768702,19.35,259,rural,Umland dörflich ohne gewerblichen Einfluss,10-20km
UPS,31311,1062,2903.090631272961,4,0.3333333333333333,3968.942591958489,26.854809209008472,139.34872865781722,29.65,195,rural,Umland dörflich mit geringem gewerblichem Einfluss,20km+
UPS,31319,1055,1953.1513629067244,2,1.0,3441.882252785476,43.253393943791615,101.18549289373648,22.42,153,rural,Umland dörflich ohne gewerblichen Einfluss,20km+
UPS,31515,3281,5095.403144973882,3,0.5,6718.456041625136,24.15812333362609,125.18180774883541,23.29,321,rural,Umland dörflich mit geringem gewerblichem Einfluss,20km+
UPS,31535,2571,5408.891700611481,3,0.6666666666666666,8009.28273019456,32.4672148203702,357.6158854957556,20.99,322,rural,Umland dörflich mit geringem gewerblichem Einfluss,20km+
UPS,31832,1605,3001.6840502998552,2,1.0,5227.687081644636,42.581030512723,159.38246951696127,30.54,251,rural,Umland dörflich mit geringem gewerblichem Einfluss,20km+
