provider,plz,weekly_parcels,n_stops_per_day,parcels_per_stop,hub_dist_km,area_km2,daily_cost_eur,knee_size,knee_wait_d,knee_saving_pct,max_saving_pct,raumtyp_3
DHL,30159,23058.0,1208.1666666666667,3.180852531383639,2.18,6.211813374113814,21973.50194568585,2,1.0,2.2525208812195645,4.089049822438795,urban
DHL,30161,11554.0,558.8333333333334,3.4458693707127943,1.04,1.7979843382791898,10909.00812046849,2,1.0,6.311183888509525,7.578217447747341,urban
DHL,30163,10484.0,534.1666666666666,3.271138845553822,1.7,2.603733329707664,9914.04927442146,3,0.6666666666666666,2.3132558419116487,7.821922005682802,urban
DHL,30165,8599.0,612.5,2.339863945578231,1.88,4.951012974183712,8565.397376626115,2,1.0,6.565207812171949,9.339617341388857,urban
DHL,30167,13892.0,788.3333333333334,2.9369978858350954,1.39,5.368928981069905,13540.33589751315,3,0.5,6.037684806698332,8.640246883893235,urban
DHL,30169,5294.0,353.8333333333333,2.493641073951955,2.4,2.9960433745102675,5441.748523674446,5,0.16666666666666666,4.266726705635705,6.40373911724711,urban
DHL,30173,8547.0,547.1666666666666,2.603411513859275,3.83,4.775461708125837,8900.020227394843,4,0.5,0.5843642320089614,7.111643468619363,urban
DHL,30177,6260.0,417.6666666666667,2.498004788507582,2.83,3.576189607493106,6717.193405547422,4,0.3333333333333333,7.371139152240112,11.318786746855698,urban
DHL,30179,6322.0,529.1666666666666,1.9911811023622048,3.55,8.305970462175056,7015.019470078845,4,0.3333333333333333,8.319137989446784,13.370745094630317,suburban
DHL,30419,14775.0,1290.0,1.9089147286821706,5.16,23.77191867081394,15260.397562746597,3,0.5,4.441043427293676,7.269718408512383,suburban
DHL,30449,7431.0,468.0,2.6463675213675213,1.56,2.190643461651216,7432.014762814106,3,0.6666666666666666,4.033423710411655,10.671181097911406,urban
DHL,30453,8150.0,692.3333333333334,1.9619643716899373,2.98,9.157258958740023,8728.871611104647,3,0.6666666666666666,4.54515831556811,11.038396015542137,suburban
DHL,30455,6748.0,643.6666666666666,1.7472812014500259,3.04,6.967819653017212,7560.480077937329,2,1.0,11.263800586862692,12.48582373807371,suburban
DHL,30457,6736.0,573.0,1.9592786503781268,2.4,6.068989648841514,7333.849598031452,3,0.5,11.831357599115439,13.162439700780077,suburban
DHL,30459,6561.0,605.5,1.805945499587118,1.24,7.274391190340525,6748.368740605874,3,0.6666666666666666,3.5417683574954197,11.491793245449411,urban
DHL,30519,12645.0,1030.3333333333333,2.0454545454545454,5.03,13.714884737746763,13335.327593044716,3,0.5,5.564077476073555,6.0368272640222465,urban
DHL,30539,8372.0,681.6666666666666,2.0469437652811737,3.99,19.21423828970633,9296.282509988963,3,0.5,10.721914990160412,12.075532591582776,rural
DHL,30559,12320.0,1048.0,1.9592875318066159,1.93,19.484913733542946,12462.482929522981,3,0.5,6.554607002590667,8.710015762772128,suburban
DHL,30625,7084.0,618.3333333333334,1.909433962264151,4.99,8.86389555258122,8084.182917612831,3,0.5,10.278660935481833,11.586159588156073,urban
DHL,30627,4809.0,395.0,2.029113924050633,4.61,3.3903855235675273,5566.459185356654,4,0.3333333333333333,9.51040921477825,14.818655367831825,suburban
DHL,30629,5907.0,560.8333333333334,1.7554234769687964,4.28,14.669809711755617,6830.019894903581,3,0.5,14.433484363968493,15.923612840595435,suburban
DHL,30655,7945.0,623.6666666666666,2.1231961517904865,5.25,4.462508901721823,8770.048460462032,2,1.0,8.775055733248943,11.404729628856568,suburban
DHL,30657,9056.0,648.5,2.3274222564893345,6.56,12.670949194485747,9997.913539537092,5,0.16666666666666666,3.5506281366917816,10.12774649184736,rural
DHL,30659,6829.0,616.1666666666666,1.8471733838247228,7.01,11.3882150903338,7841.281218861646,4,0.5,1.9449247958534792,11.441863344576896,suburban
DHL,30823,9437.0,919.6666666666666,1.7102210945994927,3.26,12.528872220645557,10202.29191336214,3,0.5,10.208528956156504,12.251421184012509,suburban
DHL,30826,8281.0,937.1666666666666,1.4727014049439802,1.44,56.38950461206911,9289.171862330428,3,0.5,13.50142026670714,15.41346990540964,rural
DHL,30827,8048.0,754.1666666666666,1.778563535911602,3.25,10.610683695060029,8499.259441991915,4,0.3333333333333333,5.672737864269704,9.1603303742111,suburban
DHL,30851,6654.0,564.6666666666666,1.963990554899646,5.02,4.12190647126244,7091.396611882496,5,0.16666666666666666,3.9621434263832795,6.248810345100521,suburban
DHL,30853,7164.0,603.3333333333334,1.9790055248618785,6.98,8.711379660258004,8087.121413003322,4,0.3333333333333333,6.303525046280177,9.648354248171104,suburban
DHL,30855,32854.0,1862.1666666666667,2.940481517945046,5.9,59.06346106841505,33181.974645551454,2,1.0,-3.993481845140536,1.693110595475936,suburban
DHL,30880,16161.0,1480.5,1.8193177980412023,5.11,33.960996603727956,17626.17972557684,3,0.5,7.874690128999295,8.861845811672879,suburban
DHL,30890,13989.0,1571.1666666666667,1.4839291397051024,4.73,102.53407734275534,16098.044263724361,3,0.5,10.572822498187945,12.707715164321227,rural
DHL,30900,14609.0,1726.3333333333333,1.410407414558795,4.94,173.55971997363926,17593.529073393336,3,0.5,13.350301121066694,17.817415736135615,rural
DHL,30916,14499.0,1431.3333333333333,1.6882859804378203,11.0,59.876286869182046,17062.590954336305,3,0.5,7.466601678945133,9.854621168855356,suburban
DHL,30926,13519.0,1326.1666666666667,1.699007163503833,0.37,53.8021301528445,14775.4174568136,4,0.3333333333333333,8.50515981445744,13.927161900623032,rural
DHL,30938,12030.0,1311.0,1.5293668954996187,10.53,153.22446344831192,14888.20103197316,3,0.5,12.931258366727992,14.930069074639688,rural
DHL,30952,9709.0,985.5,1.6419753086419753,5.68,37.755537878390655,11029.332668750209,3,0.5,11.067657880043459,12.521992684108863,suburban
DHL,30966,9182.0,933.3333333333334,1.6396428571428572,5.52,31.832385676522556,10564.896592403224,4,0.3333333333333333,7.5260345153112675,12.047593379916336,rural
DHL,30974,6515.0,735.8333333333334,1.4756511891279729,1.4,53.82702268136371,7602.589230059956,3,0.5,15.54345412761921,18.892090355565923,rural
DHL,30982,6551.0,765.0,1.4272331154684097,2.77,66.6831619829418,8026.683955967339,3,0.5,14.31957310728126,19.645063420939486,rural
DHL,30989,6841.0,741.0,1.5386864597390912,5.72,43.13135688268341,8197.588934134921,3,0.6666666666666666,12.110514923173083,14.70677024710691,rural
DHL,31275,18743.0,2105.5,1.4836539222670784,2.93,129.47251256919432,20490.51279819747,3,0.5,8.710379102185085,11.51563226585577,suburban
DHL,31303,12605.0,1423.3333333333333,1.4759953161592505,1.84,112.90680951768702,14494.326252546625,3,0.5,13.249505017583688,16.979208921976436,rural
DHL,31311,8577.0,1062.1666666666667,1.3458339871332183,3.81,139.34872865781722,10485.698502104207,3,0.5,13.10125210562599,17.000232384952007,rural
DHL,31319,10967.0,1263.1666666666667,1.4470246734397678,0.58,101.18549289373648,12204.762656945873,3,0.5,11.242639434882557,14.99429249976561,rural
DHL,31515,19286.0,2052.0,1.5664392462638077,5.28,125.18180774883541,21088.897809861297,3,0.5,9.469381274612918,10.219241020872687,rural
DHL,31535,18533.0,2196.0,1.40657255616272,5.5,357.6158854957556,22512.716761824166,3,0.5,9.961621136540204,13.786718685021427,rural
DHL,31832,11902.0,1381.0,1.4363987448708666,4.65,159.38246951696127,14457.781202836444,3,0.5,13.489842218779577,16.68807980161695,rural
Amazon,30159,9019.0,795.8333333333334,1.8887958115183245,13.81,6.211813374113814,11555.196270293998,3,0.5,10.9726614188133,12.228403797417068,urban
Amazon,30161,4512.0,390.1666666666667,1.9273814609141393,12.74,1.7979843382791898,6224.7449789257325,3,0.5,14.751879370933874,20.06442058234079,urban
Amazon,30163,4469.0,383.8333333333333,1.940512375162831,12.41,2.603733329707664,5889.0064831046275,2,1.0,12.375326405542133,16.902177554969015,urban
Amazon,30165,3574.0,383.3333333333333,1.5539130434782609,10.52,4.951012974183712,4750.233821598029,3,0.6666666666666666,4.227188789292222,15.686235131627638,urban
Amazon,30167,5730.0,520.0,1.8365384615384615,10.65,5.368928981069905,7175.254343343608,3,0.6666666666666666,5.108528462420946,14.144676738244929,urban
Amazon,30173,3759.0,358.6666666666667,1.7467472118959109,15.11,4.775461708125837,5164.654397653723,4,0.3333333333333333,11.57557595350348,15.994702402141254,urban
Amazon,30177,2906.0,284.1666666666667,1.704398826979472,13.99,3.576189607493106,4343.242376782357,4,0.3333333333333333,14.632660365360572,22.463354405378777,urban
Amazon,30179,2781.0,317.1666666666667,1.4613767735155019,12.08,8.305970462175056,4390.652005410074,4,0.3333333333333333,15.539505550973857,24.612746590705466,suburban
Amazon,30419,6859.0,794.8333333333334,1.4382470119521913,6.74,23.77191867081394,8519.368501277868,3,0.6666666666666666,6.19060962619606,16.182234405823493,suburban
Amazon,30449,5275.0,527.5,1.6666666666666667,12.61,5.186686836161483,7005.60345798299,4,0.3333333333333333,11.08977053675249,14.154876925269038,urban
Amazon,30453,3593.0,411.3333333333333,1.4558346839546192,9.82,9.157258958740023,4970.930164967193,3,0.6666666666666666,6.961142415190836,18.12564421262906,suburban
Amazon,30455,3165.0,387.6666666666667,1.3607050730868444,9.84,6.967819653017212,4820.378887430032,4,0.3333333333333333,14.683855332014721,19.40463838691579,suburban
Amazon,30457,3134.0,365.6666666666667,1.4284412032816773,13.37,6.068989648841514,4934.7989617734975,4,0.3333333333333333,14.444185265009075,24.49872563820848,suburban
Amazon,30459,3087.0,375.5,1.3701731025299602,13.92,7.274391190340525,4858.408897775894,2,1.0,19.08213973208152,21.31764944741637,urban
Amazon,30519,5508.0,632.1666666666666,1.452148694964408,17.38,13.714884737746763,8140.269152347262,2,1.0,16.950691980337606,19.963510809098533,urban
Amazon,30539,3516.0,409.0,1.4327628361858191,21.37,19.21423828970633,5821.859629336905,2,1.0,16.185287651113747,20.250916005586063,rural
Amazon,30559,5369.0,643.3333333333334,1.3909326424870467,20.15,19.484913733542946,8252.52270516162,3,0.5,11.94978101797155,18.442987422157127,suburban
Amazon,30625,3180.0,369.1666666666667,1.435665914221219,16.66,8.86389555258122,4932.584335545381,4,0.3333333333333333,14.189114576783375,19.484001443628134,urban
Amazon,30627,2090.0,238.16666666666666,1.4625612316305108,17.89,3.3903855235675273,3472.360903435115,4,0.5,19.420977588965886,22.444027711525916,suburban
Amazon,30629,2757.0,346.5,1.326118326118326,20.32,14.669809711755617,4629.145185289602,4,0.3333333333333333,16.2454916528169,22.720837538557433,suburban
Amazon,30655,3642.0,399.8333333333333,1.5181325552313465,16.14,4.462508901721823,5061.237427944449,3,0.6666666666666666,5.55482017087972,13.291155912910838,suburban
Amazon,30657,3559.0,392.5,1.5112526539278133,15.05,12.670949194485747,5227.080664344542,3,0.6666666666666666,7.220984297687517,19.66554703612747,rural
Amazon,30659,3002.0,360.8333333333333,1.3866050808314088,18.11,11.3882150903338,4975.003626465991,3,0.5,22.005400764384714,26.12085001477395,suburban
Amazon,30823,4370.0,545.0,1.3363914373088686,1.29,12.528872220645557,5705.037154540299,3,0.5,14.489690161702885,19.871489560196764,suburban
Amazon,30826,3852.0,537.1666666666666,1.1951597890164443,3.98,56.38950461206911,5673.254342811335,4,0.3333333333333333,14.761764146500735,25.11724868493607,rural
Amazon,30827,3498.0,430.3333333333333,1.3547637490317583,3.78,10.610683695060029,4536.061456785562,3,0.6666666666666666,14.360597454136787,17.486827208234764,suburban
Amazon,30851,3032.0,352.8333333333333,1.4322153991497402,11.33,4.12190647126244,4490.007090916008,3,0.5,19.992551997721716,21.732906737142496,suburban
Amazon,30853,2911.0,348.0,1.3941570881226053,12.37,8.711379660258004,4319.068900643669,4,0.5,5.7607951129523025,21.595868569627672,suburban
Amazon,30855,13592.0,1282.5,1.7663417803768682,9.96,59.06346106841505,16244.345238115564,3,0.5,9.24789695614593,11.244566370674471,suburban
Amazon,30880,6971.0,843.3333333333334,1.3776679841897232,23.78,33.960996603727956,11278.054808972109,3,0.5,14.556030690736897,21.26335495774592,suburban
Amazon,30890,6502.0,890.1666666666666,1.217375023403857,12.55,102.53407734275534,10080.548522471709,3,0.5,17.331030682472203,20.60932635905001,rural
Amazon,30900,6667.0,957.6666666666666,1.1602854159415246,17.55,173.55971997363926,12085.38072969665,3,0.5,23.212975215495135,27.383057968423238,rural
Amazon,30916,6164.0,807.3333333333334,1.2725020644095788,19.41,59.876286869182046,9904.82527723206,3,0.5,18.400104004760983,23.95424753650118,suburban
Amazon,30926,6338.0,798.6666666666666,1.3226210350584306,4.34,53.8021301528445,8752.96361616949,4,0.3333333333333333,11.0930042541454,21.846343927343167,rural
Amazon,30938,5072.0,715.3333333333334,1.1817334575955265,24.95,153.22446344831192,9384.90809448861,3,0.5,17.180494056396,24.87278454412271,rural
Amazon,30952,4476.0,580.1666666666666,1.285837403045102,14.14,37.755537878390655,7076.623355325187,2,1.0,17.550398436387947,21.080899349867096,suburban
Amazon,30966,4221.0,553.8333333333334,1.2702377369846525,17.79,31.832385676522556,6955.194722247112,4,0.3333333333333333,13.246933997292256,23.20564073776297,rural
Amazon,30974,2971.0,412.8333333333333,1.1994348001614856,18.26,53.82702268136371,5436.138154721389,3,0.5,20.458659129493633,25.351013909411332,rural
Amazon,30982,3044.0,424.8333333333333,1.1941938014907807,24.57,66.6831619829418,6084.06789519755,3,0.5,23.043971561646632,28.350155641393616,rural
Amazon,30989,3112.0,415.6666666666667,1.247794707297514,11.39,43.13135688268341,5499.955907320829,3,0.5,24.06686651991466,24.5420341554798,rural
Amazon,31275,8588.0,1180.0,1.2129943502824858,30.8,129.47251256919432,14129.512676709497,3,0.5,14.394921412583013,20.351949838083815,suburban
Amazon,31303,5793.0,789.3333333333334,1.2231841216216217,30.88,112.90680951768702,10291.231205914351,3,0.5,17.49693148951868,22.94237955165401,rural
Amazon,31311,3965.0,574.6666666666666,1.1499419953596288,40.99,139.34872865781722,8790.113460938559,3,0.5,22.67932341289954,30.53535091016547,rural
Amazon,31319,5228.0,723.6666666666666,1.2040534315983418,29.57,101.18549289373648,9320.815628099372,3,0.5,16.606662665130298,21.624175021984158,rural
Amazon,31515,8733.0,1177.8333333333333,1.2357435970001416,12.09,125.18180774883541,12450.58174407703,4,0.3333333333333333,9.873953130239611,20.771736350981364,rural
Amazon,31535,8625.0,1217.0,1.1811832374691866,16.13,357.6158854957556,15851.91067139521,3,0.5,20.463565154885806,26.717964421588203,rural
Amazon,31832,5466.0,762.3333333333334,1.195015303891561,25.63,159.38246951696127,11355.500473785536,3,0.5,23.10495994135565,32.452709822478624,rural
DPD,30159,4783.0,571.6666666666666,1.394460641399417,13.32,6.211813374113814,6656.069904499083,4,0.3333333333333333,11.964811031714536,20.23554055271478,urban
DPD,30161,2359.0,282.1666666666667,1.3933845245126995,14.05,1.7979843382791898,3438.6384541878197,4,0.3333333333333333,17.240328255106334,19.10062236956807,urban
DPD,30163,2106.0,254.66666666666666,1.3782722513089005,14.01,2.603733329707664,3176.704105051865,3,0.6666666666666666,4.492869828209595,21.14652873521614,urban
DPD,30165,1757.0,241.33333333333334,1.2133977900552486,15.88,4.951012974183712,3109.5847921201566,4,0.3333333333333333,21.32620471188903,25.830340529857597,urban
DPD,30167,2824.0,356.1666666666667,1.3214787084698174,16.37,5.368928981069905,4548.61275587726,4,0.3333333333333333,15.130525648137617,25.119151116407114,urban
DPD,30173,1708.0,226.33333333333334,1.2577319587628866,13.13,4.775461708125837,3042.0725720869623,4,0.3333333333333333,21.055365115248165,32.99724667162241,urban
DPD,30177,1250.0,170.0,1.2254901960784315,12.44,3.576189607493106,2301.8161532682093,3,0.6666666666666666,11.251608260426888,34.699356232895546,urban
DPD,30179,1256.0,176.66666666666666,1.1849056603773584,14.42,8.305970462175056,2402.9493976963904,3,0.6666666666666666,11.380990588236775,34.86542761759127,suburban
DPD,30419,2858.0,418.0,1.1395534290271132,19.64,23.77191867081394,5350.888005691542,3,0.5,21.254860872102785,30.718633753275782,suburban
DPD,30449,2554.0,340.8333333333333,1.2488997555012225,15.53,5.186686836161483,4115.648431001423,4,0.5,5.610755564083052,23.06505754263423,urban
DPD,30453,1619.0,234.0,1.1531339031339032,18.23,9.157258958740023,3546.158276962033,3,0.5,31.658676645104585,35.93226049729426,suburban
DPD,30455,1318.0,198.33333333333334,1.107563025210084,19.47,6.967819653017212,3189.32194545774,4,0.3333333333333333,25.06362914814125,35.91624927856343,suburban
DPD,30457,1335.0,191.33333333333334,1.1628919860627178,18.69,6.068989648841514,3071.8681502213976,4,0.3333333333333333,25.712171922400923,35.99883944236058,suburban
DPD,30459,1284.0,193.0,1.1088082901554404,16.25,7.274391190340525,2692.648089162524,2,1.0,29.14494597966587,37.925749481336034,urban
DPD,30519,2540.0,357.3333333333333,1.1847014925373134,12.99,12.113461405690837,4359.743796141659,3,0.5,21.90950961757576,26.255603654434587,urban
DPD,30539,1695.0,218.5,1.2929061784897025,9.52,19.21423828970633,3283.465182476126,4,0.3333333333333333,20.644861578375863,36.44913001358166,rural
DPD,30559,2467.0,349.8333333333333,1.175321581705574,7.42,19.484913733542946,3964.267070732265,3,0.5,23.854253834136372,28.644602221909473,suburban
DPD,30625,1405.0,204.83333333333334,1.1432058584214808,10.22,8.86389555258122,2879.61806243138,4,0.3333333333333333,22.043341674125458,38.420604975983224,urban
DPD,30627,971.0,138.66666666666666,1.1670673076923077,8.59,3.3903855235675273,1734.323815852828,3,0.6666666666666666,10.425219479767058,28.240516929874495,suburban
DPD,30629,1173.0,176.33333333333334,1.108695652173913,6.08,14.669809711755617,2209.7242260325893,4,0.3333333333333333,21.388803135029093,31.68732625972423,suburban
DPD,30655,1537.0,214.66666666666666,1.1933229813664596,10.23,4.462508901721823,2902.8311877698657,4,0.5,8.635151949459223,38.3579640662324,suburban
DPD,30657,1866.0,224.66666666666666,1.3842729970326408,12.26,12.670949194485747,3254.827165454566,4,0.3333333333333333,20.846035938454854,28.64260794807206,rural
DPD,30659,1368.0,198.83333333333334,1.1466890192791281,8.73,11.3882150903338,2732.1680399331904,3,0.6666666666666666,29.541880257215578,35.06820005637597,suburban
DPD,30823,1867.0,281.3333333333333,1.106042654028436,25.25,12.528872220645557,4031.85332034608,4,0.3333333333333333,17.87054233183526,32.85573200670114,suburban
DPD,30826,1639.0,260.3333333333333,1.0492957746478873,27.87,56.38950461206911,4659.6772590054525,3,0.5,33.94146632223784,42.381596670712796,rural
DPD,30827,1601.0,237.66666666666666,1.1227208976157084,23.76,10.610683695060029,3693.9834286058103,3,0.5,31.310679190930998,36.059036130954745,suburban
DPD,30851,1281.0,185.66666666666666,1.1499102333931777,15.63,4.12190647126244,2392.8715311930196,3,0.6666666666666666,11.822617729298402,34.39463668433802,suburban
DPD,30853,1470.0,207.66666666666666,1.1797752808988764,15.68,8.711379660258004,3054.623065805542,4,0.3333333333333333,22.81588308337946,37.591452261988614,suburban
DPD,30855,6668.0,841.5,1.3206575559516736,19.88,59.06346106841505,9651.557570967712,3,0.5,15.059744214703596,18.18672038635395,suburban
DPD,30880,3235.0,467.8333333333333,1.1524759529747062,12.89,33.960996603727956,5651.747006229777,3,0.5,21.59447565845053,28.21415511195342,suburban
DPD,30890,2726.0,428.8333333333333,1.0594636610959969,32.64,102.53407734275534,6923.102121964851,3,0.5,27.55760425585789,34.87817260875423,rural
DPD,30900,2839.0,451.0,1.049150036954915,25.52,173.55971997363926,7912.531093330155,3,0.5,29.876742360863805,40.77604176193399,rural
DPD,30916,2914.0,438.5,1.1075636640060813,10.68,59.876286869182046,5505.336403799816,3,0.5,26.23736114366055,34.210773742166126,suburban
DPD,30926,2637.0,395.6666666666667,1.1107834877843303,25.6,53.8021301528445,6146.851473398595,3,0.5,27.928654700454896,33.172065713359245,rural
DPD,30938,2412.0,348.5,1.1535150645624104,17.56,153.22446344831192,5614.10632319326,3,0.5,28.768502002279412,37.499850321600746,rural
DPD,30952,1895.0,290.0,1.089080459770115,21.73,37.755537878390655,4651.5791758270425,3,0.5,27.67254973807192,37.31406715896646,suburban
DPD,30966,1807.0,276.1666666666667,1.0905250452625226,17.93,31.832385676522556,4054.5734078226283,3,0.5,28.979498460128063,34.63916970059834,rural
DPD,30974,1280.0,200.66666666666666,1.06312292358804,28.84,53.82702268136371,4049.5746175540357,3,0.5,32.913128657108004,44.4395736850505,rural
DPD,30982,1278.0,203.66666666666666,1.0458265139116203,20.59,66.6831619829418,3635.1428609264503,3,0.5,31.838415202442675,43.43494189181361,rural
DPD,30989,1356.0,209.16666666666666,1.0804780876494025,25.63,43.13135688268341,4189.963023652114,3,0.5,34.02785739287558,43.74806643771251,rural
DPD,31275,3643.0,572.0,1.0614801864801864,4.47,129.47251256919432,6310.744546848563,3,0.5,22.952424767625015,31.767550374889215,suburban
DPD,31303,2491.0,390.1666666666667,1.0640751815463476,10.77,112.90680951768702,5298.7418231419815,3,0.5,25.920987436951723,36.76172703830317,rural
DPD,31311,1650.0,263.8333333333333,1.0423246999368287,17.19,139.34872865781722,4503.622414154428,3,0.5,29.84243374598831,39.81778809555837,rural
DPD,31319,2115.0,332.5,1.0601503759398496,7.08,101.18549289373648,4393.641206526262,3,0.5,24.06792774577721,34.41412269970215,rural
DPD,31515,3812.0,591.5,1.0741053817976896,38.45,125.18180774883541,8672.940895409381,3,0.5,24.360163257849443,33.273195322758035,rural
DPD,31535,3582.0,567.0,1.052910052910053,38.17,357.6158854957556,10736.90548199021,3,0.5,27.846618548970884,40.29768764456078,rural
DPD,31832,2309.0,366.3333333333333,1.0505004549590538,30.86,159.38246951696127,6479.205569246742,3,0.5,25.054614484241274,35.75166277619197,rural
FedEx,30159,9864.0,767.3333333333334,2.1424847958297133,11.75,10.98727508223965,12214.299279183924,4,0.3333333333333333,7.230924208606628,10.706186347158646,urban
FedEx,30161,3810.0,300.8333333333333,2.110803324099723,9.67,1.7979843382791898,5224.187237195072,4,0.5,3.244233092337982,19.914454680919413,urban
FedEx,30163,6210.0,650.0,1.5923076923076922,7.51,19.436906373559538,8257.65060106912,3,0.5,13.611743112807558,16.87571327871278,urban
FedEx,30167,3775.0,337.5,1.8641975308641976,8.96,5.368928981069905,5175.6698343295675,3,0.6666666666666666,6.4209997408358905,17.296714361256356,urban
FedEx,30419,1709.0,206.0,1.382686084142395,5.53,23.77191867081394,3306.0595520416546,2,1.0,30.606790147327914,32.240964522713746,suburban
FedEx,30449,3703.0,396.3333333333333,1.5571909167367535,12.7,12.46107802650201,5430.5021475969215,3,0.6666666666666666,13.808206876847642,17.254864669886153,urban
FedEx,30453,1516.0,192.0,1.3159722222222223,10.07,9.157258958740023,3326.3835685835006,3,0.5,31.876464709076732,41.710872220135634,suburban
FedEx,30455,612.0,74.5,1.3691275167785235,11.34,6.967819653017212,1959.2973539377524,4,0.3333333333333333,33.23180085629481,41.576265155833795,suburban
FedEx,30457,778.0,95.0,1.3649122807017544,14.63,6.068989648841514,1996.1328134447208,5,0.16666666666666666,16.465526126545964,39.852116074360275,suburban
FedEx,30519,2372.0,245.0,1.6136054421768709,15.57,13.714884737746763,4147.606607808722,4,0.3333333333333333,17.331950586534923,23.379583379659547,urban
FedEx,30539,2429.0,122.33333333333333,3.309264305177112,18.41,19.21423828970633,4110.789837016759,4,0.3333333333333333,17.188896640924135,23.55628462662439,rural
FedEx,30559,3144.0,229.5,2.2832244008714597,15.2,34.15472344529856,5375.733073538704,4,0.3333333333333333,14.606627611622427,25.897643993138825,suburban
FedEx,30625,2229.0,258.6666666666667,1.4362113402061856,12.66,12.254281076148747,3602.9465575642243,5,0.16666666666666666,9.616183373129536,18.17150646858229,urban
FedEx,30655,2242.0,258.8333333333333,1.443657437218287,11.41,15.85072399205562,3651.3066283117864,4,0.3333333333333333,13.235100022201477,19.760025544060817,suburban
FedEx,30657,3429.0,152.0,3.7598684210526314,8.22,12.670949194485747,4510.957538899967,3,0.6666666666666666,6.331196578143239,18.91410174354268,rural
FedEx,30823,878.0,123.0,1.1897018970189701,8.07,12.528872220645557,2013.2163655803622,4,0.3333333333333333,19.549941271350452,32.63560275899378,suburban
FedEx,30827,2757.0,299.3333333333333,1.5350779510022272,7.42,67.00018830712914,4491.66174623818,3,0.6666666666666666,21.528563536217042,24.872201194803125,suburban
FedEx,30853,3029.0,321.3333333333333,1.571058091286307,4.82,12.833286131520445,4558.287686101956,4,0.3333333333333333,15.669775562369166,26.45226958998315,suburban
FedEx,30855,9970.0,678.5,2.449029722426922,1.5,59.06346106841505,11164.944696921486,4,0.3333333333333333,6.405419433646836,12.362976009065491,suburban
FedEx,30880,3498.0,349.8333333333333,1.6665078608861363,22.05,33.960996603727956,6033.650689518244,2,1.0,16.90861873697571,21.06015754757054,suburban
FedEx,30890,1281.0,172.16666666666666,1.240077444336883,20.22,102.53407734275534,3937.614024274669,3,0.5,35.57022880881131,46.378656123199846,rural
FedEx,30900,1597.0,214.16666666666666,1.2428015564202335,10.92,173.55971997363926,4467.0239843658765,3,0.5,38.20435493761565,43.869477286911646,rural
FedEx,30916,3245.0,346.5,1.560846560846561,11.65,59.876286869182046,5459.16940205895,4,0.3333333333333333,16.6026574601852,25.532549762885832,suburban
FedEx,30926,1266.0,137.33333333333334,1.5364077669902914,10.98,53.8021301528445,3230.0558047592294,4,0.3333333333333333,26.301628917661333,44.658913757867495,rural
FedEx,30938,3131.0,196.33333333333334,2.6578947368421053,16.47,153.22446344831192,5737.710883078335,3,0.5,20.322945037782503,26.051662009475272,rural
FedEx,30952,979.0,138.0,1.182367149758454,17.01,37.755537878390655,2694.734755168253,3,0.6666666666666666,32.964045331383446,39.96607034898295,suburban
FedEx,30966,1063.0,116.66666666666667,1.5185714285714285,18.53,31.832385676522556,2504.2719321468335,2,1.0,27.490036651409415,35.98345967873005,rural
FedEx,30974,802.0,91.33333333333333,1.4635036496350364,23.36,53.82702268136371,2454.671117478426,4,0.5,11.63041749162928,43.682556026392305,rural
FedEx,30982,618.0,90.16666666666667,1.1423290203327172,25.47,66.6831619829418,2716.2138956601093,4,0.3333333333333333,29.32618735150256,46.89439501322028,rural
FedEx,30989,876.0,121.83333333333333,1.198358413132695,16.61,43.13135688268341,2473.2391948618315,3,0.6666666666666666,30.7205121607088,36.970733410130705,rural
FedEx,31275,2133.0,287.1666666666667,1.2379570516540916,24.61,129.47251256919432,5422.493872435705,3,0.5,27.130470500747606,37.200735857455015,suburban
FedEx,31303,1243.0,184.33333333333334,1.123869801084991,23.03,112.90680951768702,3973.889348501275,3,0.5,34.29838542593698,46.60993758942951,rural
FedEx,31311,675.0,92.5,1.2162162162162162,33.34,139.34872865781722,3062.8021398398528,4,0.3333333333333333,23.819215771885915,48.982711920366235,rural
FedEx,31319,751.0,110.83333333333333,1.1293233082706766,25.21,101.18549289373648,2817.067630852216,4,0.3333333333333333,18.537952305577104,45.73490162192419,rural
FedEx,31515,2478.0,308.5,1.3387358184764993,19.63,125.18180774883541,5470.280769208987,3,0.5,25.223627870191926,35.79753748545211,rural
FedEx,31535,2005.0,271.3333333333333,1.2315724815724816,17.87,357.6158854957556,6228.495098699879,3,0.5,32.470063176292825,45.61951640757412,rural
FedEx,31832,1068.0,146.83333333333334,1.2122587968217935,29.81,159.38246951696127,4547.708372184966,3,0.5,41.874088684816506,49.449190964944464,rural
GLS,30159,3332.0,425.8333333333333,1.3041095890410959,11.0,6.211813374113814,4840.335510593373,3,0.6666666666666666,9.159030110101146,21.115262652170756,urban
GLS,30161,1649.0,211.5,1.2994483845547675,12.21,1.7979843382791898,3003.1123197883485,3,0.5,30.563155518940775,32.843334538661175,urban
GLS,30163,2801.0,359.8333333333333,1.2973598888374247,13.11,6.17992293720077,4530.9209569497225,4,0.3333333333333333,15.603113319211756,25.51301607045896,urban
GLS,30165,1358.0,189.33333333333334,1.1954225352112675,14.79,4.951012974183712,2518.402065806431,4,0.3333333333333333,18.714862413198663,26.130884146295013,urban
GLS,30167,2147.0,277.6666666666667,1.2887154861944778,13.23,5.368928981069905,3486.1823236641876,4,0.3333333333333333,13.102837771671194,18.062814085309753,urban
GLS,30173,1424.0,188.0,1.2624113475177305,9.02,4.775461708125837,2554.876072428404,4,0.3333333333333333,23.919396732775763,31.551009543586943,urban
GLS,30179,1034.0,147.66666666666666,1.1670428893905191,15.58,8.305970462175056,2012.9451781141186,2,1.0,18.05246529305593,29.122582238834458,suburban
GLS,30419,2617.0,382.3333333333333,1.1408020924149957,17.6,23.77191867081394,5101.804856969734,4,0.3333333333333333,18.66309916936954,32.33134052957202,suburban
GLS,30449,1981.0,268.0,1.2319651741293531,10.84,5.186686836161483,3412.5020081467483,4,0.3333333333333333,18.795619508325863,31.25751462557694,urban
GLS,30453,1373.0,197.16666666666666,1.1606086221470837,13.29,9.157258958740023,3168.728615727752,3,0.5,35.00480707838694,39.42499261111448,suburban
GLS,30455,1201.0,183.5,1.0908265213442325,13.26,6.967819653017212,2732.89498767275,4,0.3333333333333333,21.993079111820826,37.77986710043911,suburban
GLS,30457,1189.0,174.0,1.1388888888888888,10.08,6.068989648841514,2344.3788154149365,2,1.0,21.662501982232694,31.629988309075316,suburban
GLS,30459,1169.0,169.33333333333334,1.1505905511811023,9.13,7.274391190340525,2084.898287419,3,0.5,20.15466398036063,25.153775184485625,urban
GLS,30519,2084.0,300.8333333333333,1.1545706371191136,6.3,13.714884737746763,3551.9496596439303,4,0.5,8.647310665896441,29.076723509238278,urban
GLS,30539,1310.0,190.0,1.1491228070175439,5.29,19.21423828970633,2580.3663075652257,4,0.3333333333333333,20.42664798725079,31.656807684207728,rural
GLS,30559,2040.0,302.6666666666667,1.1233480176211454,8.92,19.484913733542946,3658.07773972127,2,1.0,27.931510618814634,32.93415382308982,suburban
GLS,30625,1185.0,174.0,1.1350574712643677,10.34,8.86389555258122,2259.1204653397162,4,0.3333333333333333,21.235828028258915,30.39304969251966,urban
GLS,30627,774.0,112.16666666666667,1.150074294205052,11.43,3.3903855235675273,1778.1322716706136,5,0.16666666666666666,15.885221672056085,40.52929206371153,suburban
GLS,30629,1080.0,164.83333333333334,1.0920121334681496,12.94,14.669809711755617,2143.7517893568083,2,1.0,24.800744510132905,34.82628634649327,suburban
GLS,30655,1383.0,196.5,1.173027989821883,13.05,4.462508901721823,2960.5284409044616,3,0.5,33.76440435710829,37.76111561717172,suburban
GLS,30657,1325.0,186.33333333333334,1.1851520572450804,16.66,12.670949194485747,2873.29432340711,3,0.5,28.072623588478006,31.276183826340613,rural
GLS,30659,1138.0,167.83333333333334,1.1300893743793445,14.84,11.3882150903338,2313.189380462103,3,0.5,23.714759153196958,27.691499027972167,suburban
GLS,30823,1687.0,253.16666666666666,1.1105990783410138,21.76,12.528872220645557,4081.0154973189988,3,0.5,30.24353312633107,36.84941601596159,suburban
GLS,30826,1480.0,238.16666666666666,1.0356892932120363,26.25,56.38950461206911,4802.849009920454,3,0.5,34.67288198838289,45.435557690705366,rural
GLS,30827,1331.0,198.16666666666666,1.1194280908326324,22.43,10.610683695060029,3413.7429042160657,3,0.5,31.043730879570184,36.93008919405583,suburban
GLS,30851,1137.0,164.5,1.1519756838905775,17.37,4.12190647126244,2060.2946146334557,3,0.5,15.184566618849336,20.27282533609449,suburban
GLS,30853,1083.0,158.16666666666666,1.1412012644889358,18.94,8.711379660258004,2481.088173620477,2,1.0,30.137580478993225,38.2591528979181,suburban
GLS,30855,5111.0,676.8333333333334,1.2585570056636297,22.3,58.08159729436245,8370.230959567252,3,0.5,16.87369125610348,20.548591412828547,suburban
GLS,30880,2630.0,391.8333333333333,1.118672905146746,1.58,33.960996603727956,4450.294123718125,3,0.5,23.211021402978236,30.875792516463417,suburban
GLS,30890,2471.0,391.0,1.0532821824381926,23.44,102.53407734275534,6293.752660817818,3,0.5,24.69797392692166,36.95095474395574,rural
GLS,30900,2487.0,399.8333333333333,1.0366819508128386,31.36,173.55971997363926,7176.610893793414,3,0.5,26.20901581133418,39.82437075519001,rural
GLS,30916,2276.0,353.0,1.0745986779981114,19.31,59.876286869182046,5182.054562818042,3,0.5,28.284463085179542,33.794462356572915,suburban
GLS,30926,2421.0,372.6666666666667,1.082737030411449,20.06,53.8021301528445,5707.156100114085,3,0.5,26.482921631066773,36.32561773264656,rural
GLS,30938,1873.0,298.1666666666667,1.0469536053661264,28.43,153.22446344831192,5298.987880460923,3,0.5,29.04804876078318,39.07800309008866,rural
GLS,30952,1710.0,262.8333333333333,1.0843373493975903,11.4,37.755537878390655,4052.359581403284,3,0.5,34.47621257327237,41.790278058834765,suburban
GLS,30966,1619.0,249.66666666666666,1.0807743658210949,6.33,31.832385676522556,3510.9395596477075,3,0.5,33.238315012577345,39.736256398038826,rural
GLS,30974,1120.0,177.0,1.054613935969868,16.59,53.82702268136371,3101.933528043918,4,0.3333333333333333,25.312055309996946,40.212884872387434,rural
GLS,30982,1154.0,183.33333333333334,1.049090909090909,6.34,66.6831619829418,2386.647671549595,4,0.3333333333333333,19.39999982598646,30.526738804274505,rural
GLS,30989,1172.0,180.0,1.0851851851851853,16.28,43.13135688268341,3148.477695946504,4,0.3333333333333333,23.80956884394166,40.4319977768074,rural
GLS,31275,3227.0,507.0,1.0608152531229453,17.38,129.47251256919432,6805.937726269975,3,0.5,22.788909898458996,32.07250435321152,suburban
GLS,31303,2208.0,349.0,1.0544412607449856,24.81,112.90680951768702,5596.886925837495,3,0.5,25.71812873368092,33.98439484148538,rural
GLS,31311,1483.0,239.5,1.0320111343075853,30.96,139.34872865781722,4871.049261225609,3,0.5,30.83671055824191,40.59623390423448,rural
GLS,31319,1985.0,313.5,1.0552897395002658,11.04,101.18549289373648,4437.068207504176,3,0.5,24.17283548530533,38.24049705188241,rural
GLS,31515,3284.0,513.3333333333334,1.0662337662337662,33.59,125.18180774883541,8050.858133283889,3,0.5,24.930280114142104,32.76969556726777,rural
GLS,31535,3227.0,512.8333333333334,1.048748781280468,38.52,357.6158854957556,10569.427946070218,3,0.5,28.293829129513956,39.127388081839904,rural
GLS,31832,2069.0,328.0,1.051321138211382,16.88,159.38246951696127,5153.98445539914,4,0.3333333333333333,15.301667714282402,32.29057362247532,rural
Hermes,30159,4412.0,500.0,1.4706666666666666,9.13,6.211813374113814,6103.311963748475,4,0.5,4.907402401081802,17.137344757431983,urban
Hermes,30161,2187.0,247.33333333333334,1.4737196765498652,7.9,1.7979843382791898,3205.3444612983394,5,0.16666666666666666,9.525357684175665,15.635165878771652,urban
Hermes,30163,2318.0,257.6666666666667,1.499353169469599,6.63,2.603733329707664,3151.45637345559,5,0.16666666666666666,8.99133028149062,16.001238821632374,urban
Hermes,30165,1888.0,244.16666666666666,1.2887372013651877,5.34,4.951012974183712,3165.918762514473,3,0.5,28.227807647699503,30.831827968811922,urban
Hermes,30167,2918.0,340.0,1.4303921568627451,7.27,5.368928981069905,4309.333549458941,4,0.3333333333333333,14.794150906603734,24.202308607385145,urban
Hermes,30173,1982.0,235.0,1.4056737588652481,11.08,4.775461708125837,3377.006730770633,4,0.3333333333333333,19.008250063366585,30.350984367949813,urban
Hermes,30177,1604.0,196.5,1.3604749787955894,7.86,3.576189607493106,2975.551858278056,3,0.5,30.740360518743067,32.58084314441093,urban
Hermes,30179,1492.0,196.0,1.2687074829931972,5.02,8.305970462175056,2972.7332058248016,3,0.5,30.6402878241419,41.21446123578683,suburban
Hermes,30419,3791.0,514.1666666666666,1.2288492706645058,4.3,23.77191867081394,5546.714589306118,4,0.3333333333333333,15.289574025430035,24.67872089370133,suburban
Hermes,30449,2752.0,332.5,1.3794486215538848,9.65,5.186686836161483,4264.762288981972,4,0.5,5.085225601774977,21.05252185338177,urban
Hermes,30453,1923.0,251.33333333333334,1.2751989389920424,8.55,9.157258958740023,3456.6569376644593,4,0.3333333333333333,18.682507373273218,31.37732142758418,suburban
Hermes,30455,1769.0,248.5,1.1864520456069751,9.92,6.967819653017212,3386.0721023475717,4,0.3333333333333333,21.42986894177967,27.902277100046874,suburban
Hermes,30457,1718.0,230.33333333333334,1.2431259044862517,13.07,6.068989648841514,3390.4448760059295,2,1.0,26.80940898968896,31.046062086688014,suburban
Hermes,30459,1718.0,239.66666666666666,1.1947148817802504,11.99,7.274391190340525,3359.004573372854,4,0.3333333333333333,20.46023169822231,35.433149218186735,urban
Hermes,30519,2920.0,396.1666666666667,1.2284392090870846,13.8,13.714884737746763,5162.317584328793,4,0.3333333333333333,15.744404282206828,27.803112389751625,urban
Hermes,30539,1846.0,258.6666666666667,1.1894329896907216,16.65,19.21423828970633,3748.1337976976,3,0.5,26.120809006628335,29.229892591263965,rural
Hermes,30559,2928.0,407.3333333333333,1.1980360065466449,14.22,19.484913733542946,5370.925287647466,3,0.5,22.225037930407744,30.104845999755668,suburban
Hermes,30625,1721.0,229.83333333333334,1.2480058013052937,10.86,8.86389555258122,3247.4589705680532,4,0.3333333333333333,19.843269151366854,26.19567486514549,urban
Hermes,30627,1110.0,149.33333333333334,1.2388392857142858,11.3,3.3903855235675273,1976.5200916772521,3,0.5,15.608148469319625,19.323810975755794,suburban
Hermes,30629,1544.0,221.16666666666666,1.1635267520723436,13.03,14.669809711755617,3288.097282907375,3,0.5,30.553596111476566,40.66684427621318,suburban
Hermes,30655,1982.0,263.5,1.2536369386464263,9.19,4.462508901721823,3426.8003677575816,4,0.3333333333333333,18.717131505222245,30.975531392389698,suburban
Hermes,30657,1834.0,246.33333333333334,1.2408660351826792,6.89,12.670949194485747,3245.628188162223,4,0.3333333333333333,20.50908459897599,29.33495413717662,rural
Hermes,30659,1587.0,218.5,1.2105263157894737,10.33,11.3882150903338,3215.6998845024846,3,0.5,30.458572439211853,34.46457562528595,suburban
Hermes,30823,2384.0,339.0,1.1720747295968534,8.05,12.528872220645557,3936.6042296322357,3,0.5,22.666655984564144,26.52562294463108,suburban
Hermes,30826,2156.0,329.8333333333333,1.0894391106619505,9.0,56.38950461206911,4191.43021519428,4,0.3333333333333333,17.834088123216716,32.80544997023056,rural
Hermes,30827,1865.0,261.3333333333333,1.1894132653061225,5.18,10.610683695060029,3247.3865843141566,3,0.5,25.594564332758402,29.69612381708342,suburban
Hermes,30851,1650.0,224.0,1.2276785714285714,3.44,4.12190647126244,2857.2114343496014,3,0.5,31.941899436968647,34.705888638389624,suburban
Hermes,30853,1477.0,206.5,1.192090395480226,3.75,8.711379660258004,2627.454020793578,3,0.6666666666666666,29.29787835954536,33.58912078850041,suburban
Hermes,30855,7102.0,833.3333333333334,1.4204,2.52,58.08159729436245,8658.56494813409,4,0.3333333333333333,9.948272457693118,15.447446239343288,suburban
Hermes,30880,3668.0,507.6666666666667,1.2042022324359816,20.27,33.960996603727956,6718.354835871605,3,0.5,17.830539681007732,24.06013591039168,suburban
Hermes,30890,3618.0,546.3333333333334,1.1037217815741305,19.74,102.53407734275534,7568.635969962485,3,0.5,23.251545891069817,30.220648926607364,rural
Hermes,30900,3644.0,567.0,1.0711346266901822,12.32,173.55971997363926,7696.514876914835,4,0.5,14.122677140064313,34.94981424490986,rural
Hermes,30916,3232.0,471.1666666666667,1.1432614078528476,10.8,59.876286869182046,5798.014253899346,3,0.5,23.572992742046438,28.43779343362516,suburban
Hermes,30926,3537.0,509.6666666666667,1.156638325703074,10.52,53.8021301528445,5981.497888198291,3,0.5,16.57752150091728,25.52491081905239,rural
Hermes,30938,2656.0,411.8333333333333,1.0748684743019021,16.57,153.22446344831192,6007.684029332934,3,0.5,25.61999743342487,32.69024437410288,rural
Hermes,30952,2488.0,362.6666666666667,1.1433823529411764,15.6,37.755537878390655,5277.6182452376,3,0.5,26.29607980084847,35.393504227826575,suburban
Hermes,30966,2313.0,339.1666666666667,1.1366093366093366,16.87,31.832385676522556,4601.173469262583,3,0.5,23.83507273252175,28.764197511103376,rural
Hermes,30974,1616.0,247.66666666666666,1.0874831763122477,22.19,53.82702268136371,4626.2307003590395,3,0.5,33.61460358394244,41.073136268458015,rural
Hermes,30982,1680.0,254.33333333333334,1.1009174311926606,23.78,66.6831619829418,4596.833861562218,3,0.5,29.468382407776744,38.61789371803495,rural
Hermes,30989,1681.0,247.16666666666666,1.133513149022252,15.58,43.13135688268341,4185.515150068637,3,0.5,31.6556289328633,39.94204111843876,rural
Hermes,31275,4698.0,701.1666666666666,1.1167102448300452,23.26,129.47251256919432,9418.194923082388,3,0.5,24.110899359278353,30.808758677462734,suburban
Hermes,31303,3161.0,477.1666666666667,1.1040866224240307,22.27,112.90680951768702,6888.21710469868,3,0.5,23.94600438140276,31.053560525892788,rural
Hermes,31311,2196.0,341.6666666666667,1.071219512195122,32.49,139.34872865781722,6231.959144058387,3,0.5,28.599174033253615,35.89620485081177,rural
Hermes,31319,2907.0,442.1666666666667,1.0957406709385602,23.57,101.18549289373648,6653.523191455497,3,0.5,25.869160491528643,34.58722382031897,rural
Hermes,31515,4758.0,706.8333333333334,1.1219052110351333,20.37,125.18180774883541,9098.73098096226,3,0.5,22.425095199304735,27.86804146216789,rural
Hermes,31535,4780.0,737.6666666666666,1.079981924988703,19.5,357.6158854957556,11828.260970846719,3,0.5,27.16890221566605,35.069467754891306,rural
Hermes,31832,3015.0,457.5,1.098360655737705,28.44,159.38246951696127,8226.290929342216,3,0.5,28.32920881956537,37.56321848019392,rural
UPS,30159,11805.0,941.0,2.0908607863974495,10.54,10.98727508223965,14124.871351764605,3,0.5,10.160342381264279,11.377151558456198,urban
UPS,30161,4726.0,362.3333333333333,2.1738730450781967,8.59,1.7979843382791898,5917.055804797465,3,0.5,14.893375160817246,16.653111473045012,urban
UPS,30163,5283.0,530.1666666666666,1.6607984910405533,6.02,14.485893399375826,6504.720392897118,3,0.5,10.001250472452444,12.237148829500281,urban
UPS,30165,2701.0,283.1666666666667,1.5897586815773985,6.57,4.951012974183712,3773.2492250252108,4,0.3333333333333333,16.032668952846056,18.537888000271373,urban
UPS,30167,4551.0,401.1666666666667,1.8907353552139592,8.81,5.368928981069905,6006.644999548211,4,0.3333333333333333,11.092806519386611,14.49996304031441,urban
UPS,30419,2053.0,248.66666666666666,1.376005361930295,7.09,23.77191867081394,3598.2785262855646,3,0.6666666666666666,26.05531414185015,30.049479371678093,suburban
UPS,30449,4685.0,494.5,1.579036063363667,12.33,12.46107802650201,6798.755020154903,2,1.0,17.379432844626916,18.029863597225894,urban
UPS,30453,1821.0,222.66666666666666,1.3630239520958083,10.59,9.157258958740023,3375.021836857729,4,0.3333333333333333,20.23649626239951,29.727528234601802,suburban
UPS,30455,812.0,103.5,1.3075684380032206,12.14,6.967819653017212,1985.0500139571805,2,1.0,30.015577764721563,42.40379661421201,suburban
UPS,30457,1021.0,124.66666666666667,1.3649732620320856,14.87,6.068989648841514,2069.491599260607,2,1.0,19.02102050826792,30.465350449224047,suburban
UPS,30519,3064.0,331.5,1.5404725992961288,14.32,13.714884737746763,4937.054841641878,4,0.3333333333333333,14.338839613873638,22.265637583092442,urban
UPS,30539,2701.0,153.5,2.9326818675352877,16.42,19.21423828970633,4533.06046911727,4,0.5,6.349290589215501,23.2723887634856,rural
UPS,30559,3087.0,223.66666666666666,2.3002980625931446,13.47,19.484913733542946,5027.435680366569,3,0.5,21.42112654500293,25.164224814990764,suburban
UPS,30625,2727.0,310.0,1.4661290322580645,10.42,12.254281076148747,4315.013444156701,4,0.5,5.955165496846057,22.153421774284208,urban
UPS,30655,1218.0,143.5,1.4146341463414633,8.22,4.462508901721823,2121.9137816651596,2,1.0,17.708237229961334,28.061413000353554,suburban
UPS,30657,3745.0,195.0,3.200854700854701,5.0,12.670949194485747,4786.350272484361,4,0.3333333333333333,12.360016218277428,17.51551145818749,rural
UPS,30659,2385.0,286.5,1.387434554973822,10.16,26.058024802089417,3729.581575766453,3,0.5,18.475637362233506,22.43068404010037,suburban
UPS,30823,1337.0,189.5,1.175901495162709,11.23,12.528872220645557,2901.0492307771306,3,0.5,31.391671826326355,35.06231141720191,suburban
UPS,30826,1105.0,129.33333333333334,1.4239690721649485,11.69,56.38950461206911,2179.7117952412614,3,0.5,20.365166020752277,25.052664923416547,rural
UPS,30827,2105.0,229.66666666666666,1.5275761973875182,8.21,10.610683695060029,3291.825156956803,3,0.6666666666666666,8.912143160044344,25.628131831141108,suburban
UPS,30853,3668.0,394.1666666666667,1.550951374207188,2.1,12.833286131520445,4885.572256538386,4,0.5,6.249883275350126,21.9295110261525,suburban
UPS,30855,11475.0,795.1666666666666,2.405156151750157,2.73,59.06346106841505,12372.313669298126,4,0.3333333333333333,5.991605991574122,9.609266646644926,suburban
UPS,30880,4190.0,431.5,1.6183854770181538,20.44,33.960996603727956,7164.597554373629,4,0.3333333333333333,13.151566272658078,24.955898506171067,suburban
UPS,30890,1795.0,250.66666666666666,1.1934840425531914,22.83,102.53407734275534,4686.02421265492,3,0.5,29.133010222152624,37.95751595233922,rural
UPS,30900,2208.0,302.0,1.218543046357616,10.9,173.55971997363926,5252.628048739307,3,0.5,30.76763551156324,36.23544874088142,rural
UPS,30916,4019.0,447.8333333333333,1.4957201339784145,7.96,59.876286869182046,6109.051569407693,4,0.3333333333333333,14.283824491124442,24.748248234517906,suburban
UPS,30926,1634.0,190.83333333333334,1.4270742358078603,13.64,53.8021301528445,3963.3498677038015,3,0.5,35.33738936899365,40.67083040778162,rural
UPS,30938,3590.0,260.8333333333333,2.2939297124600637,13.43,153.22446344831192,6063.945568650633,3,0.5,17.517679354129825,23.826028574152613,rural
UPS,30952,1329.0,185.5,1.1940700808625337,17.72,37.755537878390655,3731.55368849277,3,0.5,36.359018586278694,41.92501831433891,suburban
UPS,30966,1386.0,163.16666666666666,1.4157303370786516,18.2,31.832385676522556,3533.856164661857,3,0.5,29.97562315847374,40.427203977654955,rural
UPS,30974,1072.0,129.66666666666666,1.3778920308483291,24.68,53.82702268136371,3208.8293030723075,4,0.3333333333333333,26.214378203020587,43.26679959091685,rural
UPS,30982,878.0,130.16666666666666,1.1241997439180538,24.88,66.6831619829418,3007.173952156455,3,0.5,27.101873704723204,43.95121924476681,rural
UPS,30989,1191.0,168.33333333333334,1.1792079207920791,18.29,43.13135688268341,3364.1454124269208,3,0.5,37.36316098778657,42.683036540905626,rural
UPS,31275,2904.0,399.0,1.213032581453634,21.19,129.47251256919432,6734.00020753597,3,0.5,29.053859504225695,38.14827763594495,suburban
UPS,31303,1804.0,262.5,1.1453968253968254,19.35,112.90680951768702,4633.075702530725,3,0.5,29.348392853938066,38.08195261407387,rural
UPS,31311,1062.0,154.0,1.1493506493506493,29.65,139.34872865781722,3968.942591958489,3,0.5,36.99015663783146,45.69846807645494,rural
UPS,31319,1055.0,154.0,1.1417748917748918,22.42,101.18549289373648,3441.882252785476,3,0.5,35.747354019140545,43.253393943791615,rural
UPS,31515,3281.0,423.1666666666667,1.2922410397794408,23.29,125.18180774883541,6718.456041625136,3,0.5,24.15812333362609,32.072576887774574,rural
UPS,31535,2571.0,352.6666666666667,1.2150283553875236,20.99,357.6158854957556,8009.28273019456,3,0.5,34.513191901958585,45.11565804630587,rural
UPS,31832,1605.0,228.16666666666666,1.1723886048210372,30.54,159.38246951696127,5227.687081644636,3,0.5,33.24830886599078,42.581030512723,rural
